﻿bfs_nr_gemeinde,gemeinde,jahr,sektor,beschaeftigte_personen
4401,Arbon,2022,1,40
4401,Arbon,2022,2,1879
4401,Arbon,2022,3,4830
4406,Dozwil,2022,1,19
4406,Dozwil,2022,3,95
4421,Horn,2022,2,382
4426,Kesswil,2022,1,65
4436,Romanshorn,2022,1,72
4436,Romanshorn,2022,3,4147
4441,Salmsach,2022,3,209
4451,Uttwil,2022,2,44
4461,Amriswil,2022,1,203
4471,Bischofszell,2022,1,91
4471,Bischofszell,2022,2,1722
4476,Erlen,2022,2,575
4501,Kradolf-Schönenberg,2022,1,85
4501,Kradolf-Schönenberg,2022,3,582
4506,Sulgen,2022,1,103
4506,Sulgen,2022,3,968
4511,Zihlschlacht-Sitterdorf,2022,2,220
4545,Diessenhofen,2022,3,1159
4551,Aadorf,2022,1,111
4566,Frauenfeld,2022,1,155
4566,Frauenfeld,2022,3,17842
4571,Gachnang,2022,1,84
4571,Gachnang,2022,2,449
4590,Hüttlingen,2022,1,131
4601,Neunforn,2022,2,152
4606,Stettfurt,2022,1,164
4641,Altnau,2022,2,197
4643,Bottighofen,2022,1,6
4643,Bottighofen,2022,2,55
4643,Bottighofen,2022,3,876
4646,Ermatingen,2022,1,50
4666,Kemmental,2022,1,220
4671,Kreuzlingen,2022,1,25
4681,Langrickenbach,2022,2,42
4683,Lengwil,2022,3,610
4691,Münsterlingen,2022,2,52
4711,Affeltrangen,2022,1,158
4711,Affeltrangen,2022,2,677
4711,Affeltrangen,2022,3,440
4716,Bettwiesen,2022,2,170
4721,Bichelsee-Balterswil,2022,3,511
4723,Braunau,2022,1,98
4724,Eschlikon,2022,3,978
4726,Fischingen,2022,1,230
4746,Münchwilen,2022,3,1644
4751,Rickenbach,2022,2,249
4756,Schönholzerswilen,2022,2,42
4756,Schönholzerswilen,2022,3,153
4761,Sirnach,2022,1,93
4776,Tobel-Tägerschen,2022,1,54
4776,Tobel-Tägerschen,2022,3,576
4786,Wilen,2022,1,10
4791,Wuppenau,2022,2,102
4791,Wuppenau,2022,3,162
4801,Berlingen,2022,2,23
4811,Herdern,2022,2,28
4816,Homburg,2022,2,346
4826,Mammern,2022,2,15
4831,Müllheim,2022,3,752
4841,Pfyn,2022,2,130
4846,Raperswilen,2022,3,64
4851,Salenstein,2022,1,49
4851,Salenstein,2022,2,46
4864,Steckborn,2022,2,492
4864,Steckborn,2022,3,997
4871,Wagenhausen,2022,1,70
4881,Amlikon-Bissegg,2022,1,132
4891,Berg,2022,1,156
4911,Bürglen,2022,2,404
4921,Bussnang,2022,3,605
4946,Weinfelden,2022,3,8632
4951,Wigoltingen,2022,2,443
4406,Dozwil,2022,2,107
4411,Egnach,2022,2,538
4421,Horn,2022,1,13
4421,Horn,2022,3,893
4426,Kesswil,2022,2,170
4426,Kesswil,2022,3,195
4441,Salmsach,2022,1,181
4446,Sommeri,2022,2,91
4451,Uttwil,2022,3,277
4476,Erlen,2022,3,576
4495,Hohentannen,2022,1,102
4495,Hohentannen,2022,2,103
4495,Hohentannen,2022,3,66
4501,Kradolf-Schönenberg,2022,2,447
4511,Zihlschlacht-Sitterdorf,2022,1,119
4511,Zihlschlacht-Sitterdorf,2022,3,1174
4536,Basadingen-Schlattingen,2022,1,324
4536,Basadingen-Schlattingen,2022,2,248
4536,Basadingen-Schlattingen,2022,3,183
4545,Diessenhofen,2022,1,67
4546,Schlatt,2022,1,107
4551,Aadorf,2022,2,1442
4561,Felben-Wellhausen,2022,3,496
4566,Frauenfeld,2022,2,4530
4571,Gachnang,2022,3,988
4590,Hüttlingen,2022,2,65
4590,Hüttlingen,2022,3,82
4601,Neunforn,2022,1,110
4611,Thundorf,2022,1,144
4616,Uesslingen-Buch,2022,1,143
4621,Warth-Weiningen,2022,2,113
4621,Warth-Weiningen,2022,3,453
4641,Altnau,2022,1,108
4646,Ermatingen,2022,2,276
4651,Gottlieben,2022,2,53
4651,Gottlieben,2022,3,72
4656,Güttingen,2022,3,318
4666,Kemmental,2022,2,220
4666,Kemmental,2022,3,393
4671,Kreuzlingen,2022,2,3022
4681,Langrickenbach,2022,1,159
4683,Lengwil,2022,1,101
4683,Lengwil,2022,2,179
4691,Münsterlingen,2022,1,40
4691,Münsterlingen,2022,3,3580
4701,Wäldi,2022,1,105
4701,Wäldi,2022,2,93
4701,Wäldi,2022,3,253
4716,Bettwiesen,2022,1,33
4716,Bettwiesen,2022,3,129
4721,Bichelsee-Balterswil,2022,2,341
4723,Braunau,2022,2,40
4723,Braunau,2022,3,151
4724,Eschlikon,2022,1,45
4741,Lommis,2022,2,215
4741,Lommis,2022,3,199
4746,Münchwilen,2022,2,1035
4751,Rickenbach,2022,1,1
4751,Rickenbach,2022,3,739
4756,Schönholzerswilen,2022,1,159
4776,Tobel-Tägerschen,2022,2,151
4781,Wängi,2022,2,804
4781,Wängi,2022,3,1128
4791,Wuppenau,2022,1,133
4801,Berlingen,2022,1,17
4806,Eschenz,2022,1,91
4811,Herdern,2022,1,111
4811,Herdern,2022,3,197
4816,Homburg,2022,1,254
4816,Homburg,2022,3,349
4821,Hüttwilen,2022,2,221
4821,Hüttwilen,2022,3,390
4831,Müllheim,2022,2,566
4841,Pfyn,2022,3,576
4851,Salenstein,2022,3,477
4871,Wagenhausen,2022,3,240
4881,Amlikon-Bissegg,2022,2,142
4881,Amlikon-Bissegg,2022,3,182
4891,Berg,2022,2,362
4891,Berg,2022,3,1162
4901,Birwinken,2022,1,158
4901,Birwinken,2022,2,61
4901,Birwinken,2022,3,153
4911,Bürglen,2022,1,96
4911,Bürglen,2022,3,1006
4921,Bussnang,2022,2,2490
4941,Märstetten,2022,1,144
4941,Märstetten,2022,3,846
4946,Weinfelden,2022,2,1795
4411,Egnach,2022,1,369
4411,Egnach,2022,3,1048
4416,Hefenhofen,2022,1,118
4416,Hefenhofen,2022,2,481
4416,Hefenhofen,2022,3,215
4431,Roggwil,2022,1,161
4431,Roggwil,2022,2,818
4431,Roggwil,2022,3,746
4436,Romanshorn,2022,2,1961
4441,Salmsach,2022,2,103
4446,Sommeri,2022,1,46
4446,Sommeri,2022,3,388
4451,Uttwil,2022,1,66
4461,Amriswil,2022,2,2033
4461,Amriswil,2022,3,4356
4471,Bischofszell,2022,3,1688
4476,Erlen,2022,1,185
4486,Hauptwil-Gottshaus,2022,1,137
4486,Hauptwil-Gottshaus,2022,2,184
4486,Hauptwil-Gottshaus,2022,3,272
4506,Sulgen,2022,2,1567
4545,Diessenhofen,2022,2,704
4546,Schlatt,2022,2,200
4546,Schlatt,2022,3,300
4551,Aadorf,2022,3,2312
4561,Felben-Wellhausen,2022,1,98
4561,Felben-Wellhausen,2022,2,470
4591,Matzingen,2022,1,60
4591,Matzingen,2022,2,501
4591,Matzingen,2022,3,565
4601,Neunforn,2022,3,137
4606,Stettfurt,2022,2,51
4606,Stettfurt,2022,3,229
4611,Thundorf,2022,2,130
4611,Thundorf,2022,3,152
4616,Uesslingen-Buch,2022,2,74
4616,Uesslingen-Buch,2022,3,198
4621,Warth-Weiningen,2022,1,53
4641,Altnau,2022,3,618
4646,Ermatingen,2022,3,816
4656,Güttingen,2022,1,110
4656,Güttingen,2022,2,220
4671,Kreuzlingen,2022,3,8585
4681,Langrickenbach,2022,3,133
4696,Tägerwilen,2022,1,205
4696,Tägerwilen,2022,2,715
4696,Tägerwilen,2022,3,2886
4721,Bichelsee-Balterswil,2022,1,84
4724,Eschlikon,2022,2,837
4726,Fischingen,2022,2,509
4726,Fischingen,2022,3,808
4741,Lommis,2022,1,55
4746,Münchwilen,2022,1,84
4761,Sirnach,2022,2,1032
4761,Sirnach,2022,3,2967
4781,Wängi,2022,1,161
4786,Wilen,2022,2,74
4786,Wilen,2022,3,440
4801,Berlingen,2022,3,311
4806,Eschenz,2022,2,184
4806,Eschenz,2022,3,390
4821,Hüttwilen,2022,1,138
4826,Mammern,2022,1,63
4826,Mammern,2022,3,465
4831,Müllheim,2022,1,68
4841,Pfyn,2022,1,116
4846,Raperswilen,2022,1,66
4846,Raperswilen,2022,2,32
4864,Steckborn,2022,1,74
4871,Wagenhausen,2022,2,115
4921,Bussnang,2022,1,288
4941,Märstetten,2022,2,296
4946,Weinfelden,2022,1,127
4951,Wigoltingen,2022,1,176
4951,Wigoltingen,2022,3,410
4401,Arbon,2021,3,4871
4411,Egnach,2021,1,363
4411,Egnach,2021,3,1077
4416,Hefenhofen,2021,1,71
4416,Hefenhofen,2021,3,192
4421,Horn,2021,1,12
4426,Kesswil,2021,2,174
4436,Romanshorn,2021,1,67
4436,Romanshorn,2021,3,3945
4441,Salmsach,2021,1,147
4446,Sommeri,2021,1,47
4451,Uttwil,2021,1,52
4451,Uttwil,2021,3,271
4461,Amriswil,2021,2,1981
4461,Amriswil,2021,3,4451
4476,Erlen,2021,1,179
4476,Erlen,2021,3,592
4486,Hauptwil-Gottshaus,2021,1,147
4486,Hauptwil-Gottshaus,2021,2,195
4486,Hauptwil-Gottshaus,2021,3,273
4495,Hohentannen,2021,2,98
4506,Sulgen,2021,3,948
4511,Zihlschlacht-Sitterdorf,2021,3,1100
4536,Basadingen-Schlattingen,2021,3,182
4545,Diessenhofen,2021,1,66
4545,Diessenhofen,2021,3,1099
4551,Aadorf,2021,3,2219
4561,Felben-Wellhausen,2021,2,479
4566,Frauenfeld,2021,2,4357
4571,Gachnang,2021,2,432
4590,Hüttlingen,2021,1,133
4591,Matzingen,2021,2,512
4601,Neunforn,2021,1,114
4611,Thundorf,2021,1,140
4611,Thundorf,2021,3,153
4616,Uesslingen-Buch,2021,1,157
4616,Uesslingen-Buch,2021,3,175
4641,Altnau,2021,1,118
4641,Altnau,2021,2,198
4641,Altnau,2021,3,607
4646,Ermatingen,2021,2,273
4651,Gottlieben,2021,3,63
4656,Güttingen,2021,3,325
4666,Kemmental,2021,1,226
4666,Kemmental,2021,2,238
4671,Kreuzlingen,2021,2,3009
4681,Langrickenbach,2021,1,175
4683,Lengwil,2021,2,189
4683,Lengwil,2021,3,608
4691,Münsterlingen,2021,2,52
4696,Tägerwilen,2021,2,704
4701,Wäldi,2021,1,95
4716,Bettwiesen,2021,3,128
4723,Braunau,2021,1,109
4723,Braunau,2021,2,35
4726,Fischingen,2021,2,486
4741,Lommis,2021,3,203
4746,Münchwilen (TG),2021,2,1001
4756,Schönholzerswilen,2021,2,43
4761,Sirnach,2021,2,1054
4776,Tobel-Tägerschen,2021,1,59
4776,Tobel-Tägerschen,2021,2,149
4786,Wilen (TG),2021,1,12
4786,Wilen (TG),2021,2,87
4801,Berlingen,2021,2,24
4811,Herdern,2021,2,26
4816,Homburg,2021,1,260
4816,Homburg,2021,2,352
4821,Hüttwilen,2021,1,140
4821,Hüttwilen,2021,2,216
4841,Pfyn,2021,1,112
4841,Pfyn,2021,3,541
4851,Salenstein,2021,1,59
4851,Salenstein,2021,2,52
4864,Steckborn,2021,1,54
4871,Wagenhausen,2021,3,221
4881,Amlikon-Bissegg,2021,3,207
4891,Berg (TG),2021,1,176
4911,Bürglen (TG),2021,3,979
4941,Märstetten,2021,1,142
4951,Wigoltingen,2021,2,431
4951,Wigoltingen,2021,3,355
4401,Arbon,2021,2,1837
4406,Dozwil,2021,2,111
4421,Horn,2021,3,865
4426,Kesswil,2021,1,63
4426,Kesswil,2021,3,179
4431,Roggwil (TG),2021,2,733
4441,Salmsach,2021,2,93
4451,Uttwil,2021,2,34
4461,Amriswil,2021,1,230
4471,Bischofszell,2021,2,1667
4471,Bischofszell,2021,3,1690
4476,Erlen,2021,2,536
4495,Hohentannen,2021,1,105
4501,Kradolf-Schönenberg,2021,1,79
4501,Kradolf-Schönenberg,2021,2,437
4506,Sulgen,2021,2,1459
4545,Diessenhofen,2021,2,702
4546,Schlatt (TG),2021,1,105
4546,Schlatt (TG),2021,2,202
4561,Felben-Wellhausen,2021,1,84
4571,Gachnang,2021,1,85
4571,Gachnang,2021,3,992
4590,Hüttlingen,2021,2,57
4590,Hüttlingen,2021,3,63
4601,Neunforn,2021,3,136
4606,Stettfurt,2021,3,220
4611,Thundorf,2021,2,145
4616,Uesslingen-Buch,2021,2,73
4621,Warth-Weiningen,2021,3,408
4643,Bottighofen,2021,1,5
4643,Bottighofen,2021,2,63
4643,Bottighofen,2021,3,839
4646,Ermatingen,2021,1,45
4646,Ermatingen,2021,3,746
4656,Güttingen,2021,1,108
4671,Kreuzlingen,2021,3,9213
4681,Langrickenbach,2021,2,45
4681,Langrickenbach,2021,3,138
4691,Münsterlingen,2021,1,41
4696,Tägerwilen,2021,1,217
4701,Wäldi,2021,2,75
4701,Wäldi,2021,3,241
4711,Affeltrangen,2021,2,699
4711,Affeltrangen,2021,3,414
4721,Bichelsee-Balterswil,2021,3,519
4723,Braunau,2021,3,147
4724,Eschlikon,2021,2,814
4726,Fischingen,2021,1,220
4741,Lommis,2021,1,55
4741,Lommis,2021,2,207
4751,Rickenbach (TG),2021,2,227
4751,Rickenbach (TG),2021,3,762
4756,Schönholzerswilen,2021,1,162
4761,Sirnach,2021,3,2883
4781,Wängi,2021,2,842
4791,Wuppenau,2021,3,173
4801,Berlingen,2021,1,17
4801,Berlingen,2021,3,301
4806,Eschenz,2021,3,317
4816,Homburg,2021,3,300
4826,Mammern,2021,1,61
4826,Mammern,2021,2,14
4831,Müllheim,2021,2,515
4864,Steckborn,2021,2,486
4864,Steckborn,2021,3,1009
4871,Wagenhausen,2021,2,123
4891,Berg (TG),2021,2,351
4901,Birwinken,2021,1,165
4901,Birwinken,2021,3,167
4911,Bürglen (TG),2021,1,97
4911,Bürglen (TG),2021,2,387
4921,Bussnang,2021,2,2481
4941,Märstetten,2021,2,297
4946,Weinfelden,2021,1,116
4946,Weinfelden,2021,2,1783
4401,Arbon,2021,1,47
4406,Dozwil,2021,1,20
4406,Dozwil,2021,3,112
4411,Egnach,2021,2,548
4416,Hefenhofen,2021,2,468
4421,Horn,2021,2,355
4431,Roggwil (TG),2021,1,176
4431,Roggwil (TG),2021,3,706
4436,Romanshorn,2021,2,1911
4441,Salmsach,2021,3,189
4446,Sommeri,2021,2,89
4446,Sommeri,2021,3,355
4471,Bischofszell,2021,1,80
4495,Hohentannen,2021,3,63
4501,Kradolf-Schönenberg,2021,3,579
4506,Sulgen,2021,1,102
4511,Zihlschlacht-Sitterdorf,2021,1,129
4511,Zihlschlacht-Sitterdorf,2021,2,212
4536,Basadingen-Schlattingen,2021,1,310
4536,Basadingen-Schlattingen,2021,2,239
4546,Schlatt (TG),2021,3,254
4551,Aadorf,2021,1,115
4551,Aadorf,2021,2,1473
4561,Felben-Wellhausen,2021,3,444
4566,Frauenfeld,2021,1,119
4566,Frauenfeld,2021,3,17460
4591,Matzingen,2021,1,53
4591,Matzingen,2021,3,558
4601,Neunforn,2021,2,142
4606,Stettfurt,2021,1,162
4606,Stettfurt,2021,2,52
4621,Warth-Weiningen,2021,1,82
4621,Warth-Weiningen,2021,2,114
4651,Gottlieben,2021,2,49
4656,Güttingen,2021,2,221
4666,Kemmental,2021,3,390
4671,Kreuzlingen,2021,1,27
4683,Lengwil,2021,1,105
4691,Münsterlingen,2021,3,3161
4696,Tägerwilen,2021,3,2693
4711,Affeltrangen,2021,1,169
4716,Bettwiesen,2021,1,32
4716,Bettwiesen,2021,2,163
4721,Bichelsee-Balterswil,2021,1,89
4721,Bichelsee-Balterswil,2021,2,334
4724,Eschlikon,2021,1,43
4724,Eschlikon,2021,3,977
4726,Fischingen,2021,3,778
4746,Münchwilen (TG),2021,1,78
4746,Münchwilen (TG),2021,3,1626
4751,Rickenbach (TG),2021,1,1
4756,Schönholzerswilen,2021,3,157
4761,Sirnach,2021,1,103
4776,Tobel-Tägerschen,2021,3,543
4781,Wängi,2021,1,155
4781,Wängi,2021,3,1091
4786,Wilen (TG),2021,3,452
4791,Wuppenau,2021,1,133
4791,Wuppenau,2021,2,110
4806,Eschenz,2021,1,90
4806,Eschenz,2021,2,233
4811,Herdern,2021,1,105
4811,Herdern,2021,3,216
4821,Hüttwilen,2021,3,384
4826,Mammern,2021,3,414
4831,Müllheim,2021,1,63
4831,Müllheim,2021,3,751
4841,Pfyn,2021,2,140
4846,Raperswilen,2021,1,74
4846,Raperswilen,2021,2,34
4846,Raperswilen,2021,3,59
4851,Salenstein,2021,3,471
4871,Wagenhausen,2021,1,67
4881,Amlikon-Bissegg,2021,1,132
4881,Amlikon-Bissegg,2021,2,131
4891,Berg (TG),2021,3,1142
4901,Birwinken,2021,2,66
4921,Bussnang,2021,1,283
4921,Bussnang,2021,3,598
4941,Märstetten,2021,3,765
4946,Weinfelden,2021,3,8258
4951,Wigoltingen,2021,1,201
4701,Wäldi,2020,1,89
4791,Wuppenau,2020,1,129
4551,Aadorf,2020,2,1493
4881,Amlikon-Bissegg,2020,2,125
4891,Berg,2020,2,361
4721,Bichelsee-Balterswil,2020,2,327
4901,Birwinken,2020,2,72
4471,Bischofszell,2020,2,1652
4643,Bottighofen,2020,2,57
4545,Diessenhofen,2020,2,673
4806,Eschenz,2020,2,191
4724,Eschlikon,2020,2,803
4566,Frauenfeld,2020,2,4275
4651,Gottlieben,2020,2,46
4811,Herdern,2020,2,27
4421,Horn,2020,2,359
4590,Hüttlingen,2020,2,61
4426,Kesswil,2020,2,165
4671,Kreuzlingen,2020,2,3131
4683,Lengwil,2020,2,168
4741,Lommis,2020,2,212
4941,Märstetten,2020,2,306
4846,Raperswilen,2020,2,34
4436,Romanshorn,2020,2,1861
4851,Salenstein,2020,2,53
4441,Salmsach,2020,2,98
4546,Schlatt,2020,2,183
4756,Schönholzerswilen,2020,2,37
4761,Sirnach,2020,2,1084
4446,Sommeri,2020,2,93
4506,Sulgen,2020,2,1324
4696,Tägerwilen,2020,2,663
4451,Uttwil,2020,2,30
4871,Wagenhausen,2020,2,117
4701,Wäldi,2020,2,64
4791,Wuppenau,2020,2,103
4511,Zihlschlacht-Sitterdorf,2020,2,207
4711,Affeltrangen,2020,3,414
4641,Altnau,2020,3,594
4801,Berlingen,2020,3,302
4721,Bichelsee-Balterswil,2020,3,495
4476,Erlen,2020,3,584
4561,Felben-Wellhausen,2020,3,378
4656,Güttingen,2020,3,312
4416,Hefenhofen,2020,3,155
4816,Homburg,2020,3,223
4671,Kreuzlingen,2020,3,9279
4826,Mammern,2020,3,411
4941,Märstetten,2020,3,731
4601,Neunforn,2020,3,139
4751,Rickenbach,2020,3,702
4431,Roggwil,2020,3,672
4756,Schönholzerswilen,2020,3,147
4761,Sirnach,2020,3,2635
4506,Sulgen,2020,3,861
4696,Tägerwilen,2020,3,2642
4611,Thundorf,2020,3,157
4871,Wagenhausen,2020,3,225
4786,Wilen,2020,3,447
4511,Zihlschlacht-Sitterdorf,2020,3,1085
4461,Amriswil,2020,1,220
4536,Basadingen-Schlattingen,2020,1,338
4801,Berlingen,2020,1,16
4721,Bichelsee-Balterswil,2020,1,93
4901,Birwinken,2020,1,162
4471,Bischofszell,2020,1,77
4643,Bottighofen,2020,1,5
4723,Braunau,2020,1,114
4806,Eschenz,2020,1,85
4566,Frauenfeld,2020,1,123
4656,Güttingen,2020,1,111
4495,Hohentannen,2020,1,101
4426,Kesswil,2020,1,67
4683,Lengwil,2020,1,108
4826,Mammern,2020,1,58
4591,Matzingen,2020,1,66
4446,Sommeri,2020,1,42
4864,Steckborn,2020,1,51
4776,Tobel-Tägerschen,2020,1,58
4616,Uesslingen-Buch,2020,1,148
4451,Uttwil,2020,1,69
4871,Wagenhausen,2020,1,68
4711,Affeltrangen,2020,1,165
4881,Amlikon-Bissegg,2020,1,122
4891,Berg,2020,1,162
4716,Bettwiesen,2020,1,31
4911,Bürglen,2020,1,95
4476,Erlen,2020,1,174
4561,Felben-Wellhausen,2020,1,94
4571,Gachnang,2020,1,74
4486,Hauptwil-Gottshaus,2020,1,150
4590,Hüttlingen,2020,1,117
4501,Kradolf-Schönenberg,2020,1,90
4681,Langrickenbach,2020,1,180
4941,Märstetten,2020,1,146
4691,Münsterlingen,2020,1,45
4601,Neunforn,2020,1,114
4841,Pfyn,2020,1,104
4751,Rickenbach,2020,1,1
4756,Schönholzerswilen,2020,1,159
4696,Tägerwilen,2020,1,200
4621,Warth-Weiningen,2020,1,83
4946,Weinfelden,2020,1,97
4786,Wilen,2020,1,12
4511,Zihlschlacht-Sitterdorf,2020,1,126
4711,Affeltrangen,2020,2,683
4401,Arbon,2020,2,1988
4801,Berlingen,2020,2,27
4911,Bürglen,2020,2,392
4921,Bussnang,2020,2,2385
4411,Egnach,2020,2,557
4476,Erlen,2020,2,554
4646,Ermatingen,2020,2,261
4571,Gachnang,2020,2,446
4656,Güttingen,2020,2,191
4416,Hefenhofen,2020,2,463
4816,Homburg,2020,2,357
4821,Hüttwilen,2020,2,223
4666,Kemmental,2020,2,235
4681,Langrickenbach,2020,2,45
4826,Mammern,2020,2,14
4591,Matzingen,2020,2,491
4691,Münsterlingen,2020,2,46
4841,Pfyn,2020,2,137
4864,Steckborn,2020,2,470
4606,Stettfurt,2020,2,54
4616,Uesslingen-Buch,2020,2,64
4621,Warth-Weiningen,2020,2,120
4551,Aadorf,2020,3,2139
4471,Bischofszell,2020,3,1626
4643,Bottighofen,2020,3,854
4723,Braunau,2020,3,145
4545,Diessenhofen,2020,3,1089
4406,Dozwil,2020,3,109
4646,Ermatingen,2020,3,716
4806,Eschenz,2020,3,332
4724,Eschlikon,2020,3,910
4571,Gachnang,2020,3,972
4486,Hauptwil-Gottshaus,2020,3,271
4421,Horn,2020,3,848
4590,Hüttlingen,2020,3,77
4821,Hüttwilen,2020,3,404
4426,Kesswil,2020,3,182
4501,Kradolf-Schönenberg,2020,3,650
4681,Langrickenbach,2020,3,163
4683,Lengwil,2020,3,576
4741,Lommis,2020,3,194
4591,Matzingen,2020,3,549
4841,Pfyn,2020,3,521
4851,Salenstein,2020,3,482
4441,Salmsach,2020,3,173
4546,Schlatt,2020,3,242
4606,Stettfurt,2020,3,219
4616,Uesslingen-Buch,2020,3,179
4451,Uttwil,2020,3,259
4781,Wängi,2020,3,1047
4946,Weinfelden,2020,3,8074
4951,Wigoltingen,2020,3,355
4791,Wuppenau,2020,3,166
4551,Aadorf,2020,1,111
4641,Altnau,2020,1,105
4401,Arbon,2020,1,38
4921,Bussnang,2020,1,274
4545,Diessenhofen,2020,1,74
4406,Dozwil,2020,1,24
4411,Egnach,2020,1,362
4646,Ermatingen,2020,1,48
4724,Eschlikon,2020,1,42
4726,Fischingen,2020,1,217
4416,Hefenhofen,2020,1,65
4811,Herdern,2020,1,102
4816,Homburg,2020,1,254
4421,Horn,2020,1,12
4821,Hüttwilen,2020,1,144
4666,Kemmental,2020,1,209
4671,Kreuzlingen,2020,1,31
4741,Lommis,2020,1,53
4831,Müllheim,2020,1,68
4746,Münchwilen,2020,1,72
4846,Raperswilen,2020,1,71
4431,Roggwil,2020,1,187
4436,Romanshorn,2020,1,56
4851,Salenstein,2020,1,55
4441,Salmsach,2020,1,133
4546,Schlatt,2020,1,106
4761,Sirnach,2020,1,95
4606,Stettfurt,2020,1,136
4506,Sulgen,2020,1,107
4611,Thundorf,2020,1,137
4781,Wängi,2020,1,151
4951,Wigoltingen,2020,1,162
4641,Altnau,2020,2,182
4461,Amriswil,2020,2,1916
4536,Basadingen-Schlattingen,2020,2,231
4716,Bettwiesen,2020,2,162
4723,Braunau,2020,2,36
4406,Dozwil,2020,2,101
4561,Felben-Wellhausen,2020,2,484
4726,Fischingen,2020,2,485
4486,Hauptwil-Gottshaus,2020,2,205
4495,Hohentannen,2020,2,95
4501,Kradolf-Schönenberg,2020,2,446
4831,Müllheim,2020,2,472
4746,Münchwilen,2020,2,970
4601,Neunforn,2020,2,137
4751,Rickenbach,2020,2,255
4431,Roggwil,2020,2,762
4611,Thundorf,2020,2,144
4776,Tobel-Tägerschen,2020,2,161
4781,Wängi,2020,2,782
4946,Weinfelden,2020,2,1784
4951,Wigoltingen,2020,2,426
4786,Wilen,2020,2,85
4881,Amlikon-Bissegg,2020,3,204
4461,Amriswil,2020,3,4050
4401,Arbon,2020,3,4484
4536,Basadingen-Schlattingen,2020,3,169
4891,Berg,2020,3,1106
4716,Bettwiesen,2020,3,130
4901,Birwinken,2020,3,161
4911,Bürglen,2020,3,986
4921,Bussnang,2020,3,580
4411,Egnach,2020,3,1074
4726,Fischingen,2020,3,747
4566,Frauenfeld,2020,3,16856
4651,Gottlieben,2020,3,72
4811,Herdern,2020,3,222
4495,Hohentannen,2020,3,47
4666,Kemmental,2020,3,343
4831,Müllheim,2020,3,732
4746,Münchwilen,2020,3,1632
4691,Münsterlingen,2020,3,3148
4846,Raperswilen,2020,3,61
4436,Romanshorn,2020,3,3855
4446,Sommeri,2020,3,359
4864,Steckborn,2020,3,947
4776,Tobel-Tägerschen,2020,3,357
4701,Wäldi,2020,3,277
4621,Warth-Weiningen,2020,3,404
4461,Amriswil,2019,1,201
4401,Arbon,2019,1,37
4436,Romanshorn,2019,1,60
4451,Uttwil,2019,1,67
4536,Basadingen-Schlattingen,2019,1,308
4561,Felben-Wellhausen,2019,1,72
4566,Frauenfeld,2019,1,124
4811,Herdern,2019,1,103
4816,Homburg,2019,1,244
4590,Hüttlingen,2019,1,129
4826,Mammern,2019,1,54
4606,Stettfurt,2019,1,153
4646,Ermatingen,2019,1,46
4671,Kreuzlingen,2019,1,26
4681,Langrickenbach,2019,1,167
4683,Lengwil,2019,1,100
4851,Salenstein,2019,1,55
4723,Braunau,2019,1,109
4724,Eschlikon,2019,1,46
4776,Tobel-Tägerschen,2019,1,62
4781,Wängi,2019,1,154
4711,Affeltrangen,2019,1,170
4881,Amlikon-Bissegg,2019,1,137
4901,Birwinken,2019,1,157
4495,Hohentannen,2019,1,104
4506,Sulgen,2019,1,109
4946,Weinfelden,2019,1,121
4951,Wigoltingen,2019,1,179
4511,Zihlschlacht-Sitterdorf,2019,1,117
4406,Dozwil,2019,2,107
4416,Hefenhofen,2019,2,454
4426,Kesswil,2019,2,155
4451,Uttwil,2019,2,33
4806,Eschenz,2019,2,202
4566,Frauenfeld,2019,2,4431
4590,Hüttlingen,2019,2,58
4826,Mammern,2019,2,16
4601,Neunforn,2019,2,191
4871,Wagenhausen,2019,2,120
4621,Warth-Weiningen,2019,2,115
4641,Altnau,2019,2,174
4643,Bottighofen,2019,2,61
4681,Langrickenbach,2019,2,42
4691,Münsterlingen,2019,2,35
4723,Braunau,2019,2,35
4726,Fischingen,2019,2,492
4751,Rickenbach,2019,2,266
4761,Sirnach,2019,2,1038
4781,Wängi,2019,2,765
4881,Amlikon-Bissegg,2019,2,132
4901,Birwinken,2019,2,66
4911,Bürglen,2019,2,502
4476,Erlen,2019,2,610
4506,Sulgen,2019,2,1288
4946,Weinfelden,2019,2,1793
4951,Wigoltingen,2019,2,447
4461,Amriswil,2019,3,4045
4401,Arbon,2019,3,4649
4421,Horn,2019,3,841
4446,Sommeri,2019,3,372
4801,Berlingen,2019,3,300
4545,Diessenhofen,2019,3,1107
4561,Felben-Wellhausen,2019,3,376
4566,Frauenfeld,2019,3,16391
4831,Müllheim,2019,3,709
4864,Steckborn,2019,3,971
4606,Stettfurt,2019,3,154
4871,Wagenhausen,2019,3,197
4656,Güttingen,2019,3,321
4671,Kreuzlingen,2019,3,9094
4691,Münsterlingen,2019,3,3140
4721,Bichelsee-Balterswil,2019,3,486
4723,Braunau,2019,3,141
4751,Rickenbach,2019,3,693
4761,Sirnach,2019,3,2665
4781,Wängi,2019,3,1018
4901,Birwinken,2019,3,151
4501,Kradolf-Schönenberg,2019,3,615
4506,Sulgen,2019,3,965
4416,Hefenhofen,2019,1,60
4421,Horn,2019,1,12
4446,Sommeri,2019,1,40
4806,Eschenz,2019,1,77
4864,Steckborn,2019,1,50
4611,Thundorf,2019,1,158
4616,Uesslingen-Buch,2019,1,157
4871,Wagenhausen,2019,1,70
4621,Warth-Weiningen,2019,1,60
4641,Altnau,2019,1,117
4656,Güttingen,2019,1,106
4666,Kemmental,2019,1,211
4691,Münsterlingen,2019,1,38
4846,Raperswilen,2019,1,69
4696,Tägerwilen,2019,1,163
4701,Wäldi,2019,1,103
4551,Aadorf,2019,1,110
4716,Bettwiesen,2019,1,37
4746,Münchwilen,2019,1,81
4891,Berg,2019,1,212
4911,Bürglen,2019,1,95
4476,Erlen,2019,1,175
4756,Schönholzerswilen,2019,1,152
4461,Amriswil,2019,2,1986
4401,Arbon,2019,2,2119
4411,Egnach,2019,2,559
4421,Horn,2019,2,367
4431,Roggwil,2019,2,734
4536,Basadingen-Schlattingen,2019,2,235
4801,Berlingen,2019,2,28
4571,Gachnang,2019,2,497
4811,Herdern,2019,2,28
4831,Müllheim,2019,2,496
4546,Schlatt,2019,2,177
4864,Steckborn,2019,2,474
4606,Stettfurt,2019,2,57
4611,Thundorf,2019,2,134
4656,Güttingen,2019,2,201
4666,Kemmental,2019,2,235
4671,Kreuzlingen,2019,2,3101
4851,Salenstein,2019,2,51
4701,Wäldi,2019,2,67
4721,Bichelsee-Balterswil,2019,2,328
4741,Lommis,2019,2,214
4746,Münchwilen,2019,2,1000
4471,Bischofszell,2019,2,1708
4495,Hohentannen,2019,2,91
4941,Märstetten,2019,2,301
4756,Schönholzerswilen,2019,2,37
4791,Wuppenau,2019,2,101
4411,Egnach,2019,3,1066
4416,Hefenhofen,2019,3,160
4426,Kesswil,2019,3,190
4436,Romanshorn,2019,3,3841
4536,Basadingen-Schlattingen,2019,3,180
4806,Eschenz,2019,3,337
4571,Gachnang,2019,3,896
4811,Herdern,2019,3,231
4816,Homburg,2019,3,218
4590,Hüttlingen,2019,3,91
4826,Mammern,2019,3,403
4591,Matzingen,2019,3,573
4601,Neunforn,2019,3,91
4546,Schlatt,2019,3,252
4621,Warth-Weiningen,2019,3,407
4646,Ermatingen,2019,3,712
4681,Langrickenbach,2019,3,153
4716,Bettwiesen,2019,3,125
4724,Eschlikon,2019,3,914
4891,Berg,2019,3,1138
4911,Bürglen,2019,3,902
4921,Bussnang,2019,3,555
4486,Hauptwil-Gottshaus,2019,3,263
4495,Hohentannen,2019,3,49
4941,Märstetten,2019,3,698
4756,Schönholzerswilen,2019,3,135
4406,Dozwil,2019,1,24
4411,Egnach,2019,1,396
4426,Kesswil,2019,1,52
4431,Roggwil,2019,1,183
4441,Salmsach,2019,1,149
4801,Berlingen,2019,1,17
4545,Diessenhofen,2019,1,60
4571,Gachnang,2019,1,83
4821,Hüttwilen,2019,1,141
4591,Matzingen,2019,1,63
4831,Müllheim,2019,1,64
4601,Neunforn,2019,1,118
4841,Pfyn,2019,1,109
4546,Schlatt,2019,1,103
4643,Bottighofen,2019,1,6
4651,Gottlieben,2019,1,.
4721,Bichelsee-Balterswil,2019,1,82
4726,Fischingen,2019,1,219
4741,Lommis,2019,1,60
4751,Rickenbach,2019,1,4
4761,Sirnach,2019,1,99
4786,Wilen,2019,1,7
4471,Bischofszell,2019,1,74
4921,Bussnang,2019,1,272
4486,Hauptwil-Gottshaus,2019,1,143
4501,Kradolf-Schönenberg,2019,1,90
4941,Märstetten,2019,1,135
4791,Wuppenau,2019,1,131
4436,Romanshorn,2019,2,1958
4441,Salmsach,2019,2,88
4446,Sommeri,2019,2,95
4545,Diessenhofen,2019,2,714
4561,Felben-Wellhausen,2019,2,481
4816,Homburg,2019,2,354
4821,Hüttwilen,2019,2,221
4591,Matzingen,2019,2,488
4841,Pfyn,2019,2,202
4616,Uesslingen-Buch,2019,2,72
4646,Ermatingen,2019,2,262
4651,Gottlieben,2019,2,41
4683,Lengwil,2019,2,168
4846,Raperswilen,2019,2,45
4696,Tägerwilen,2019,2,665
4551,Aadorf,2019,2,1416
4716,Bettwiesen,2019,2,154
4724,Eschlikon,2019,2,784
4776,Tobel-Tägerschen,2019,2,166
4786,Wilen,2019,2,109
4711,Affeltrangen,2019,2,661
4891,Berg,2019,2,387
4921,Bussnang,2019,2,2400
4486,Hauptwil-Gottshaus,2019,2,219
4501,Kradolf-Schönenberg,2019,2,412
4511,Zihlschlacht-Sitterdorf,2019,2,215
4406,Dozwil,2019,3,112
4431,Roggwil,2019,3,666
4441,Salmsach,2019,3,170
4451,Uttwil,2019,3,255
4821,Hüttwilen,2019,3,459
4841,Pfyn,2019,3,488
4611,Thundorf,2019,3,111
4616,Uesslingen-Buch,2019,3,188
4641,Altnau,2019,3,535
4643,Bottighofen,2019,3,921
4651,Gottlieben,2019,3,104
4666,Kemmental,2019,3,341
4683,Lengwil,2019,3,606
4846,Raperswilen,2019,3,66
4851,Salenstein,2019,3,466
4696,Tägerwilen,2019,3,2548
4701,Wäldi,2019,3,255
4551,Aadorf,2019,3,2015
4726,Fischingen,2019,3,722
4741,Lommis,2019,3,184
4746,Münchwilen,2019,3,1580
4776,Tobel-Tägerschen,2019,3,384
4786,Wilen,2019,3,493
4711,Affeltrangen,2019,3,444
4881,Amlikon-Bissegg,2019,3,212
4471,Bischofszell,2019,3,1650
4476,Erlen,2019,3,564
4946,Weinfelden,2019,3,7985
4951,Wigoltingen,2019,3,329
4791,Wuppenau,2019,3,191
4511,Zihlschlacht-Sitterdorf,2019,3,1024
4421,Horn,2018,1,9
4441,Salmsach,2018,1,130
4451,Uttwil,2018,1,52
4806,Eschenz,2018,1,79
4561,Felben-Wellhausen,2018,1,67
4571,Gachnang,2018,1,83
4811,Herdern,2018,1,111
4821,Hüttwilen,2018,1,149
4826,Mammern,2018,1,50
4601,Neunforn,2018,1,119
4871,Wagenhausen,2018,1,60
4621,Warth-Weiningen,2018,1,67
4656,Güttingen,2018,1,103
4696,Tägerwilen,2018,1,148
4701,Wäldi,2018,1,101
4551,Aadorf,2018,1,118
4721,Bichelsee-Balterswil,2018,1,82
4724,Eschlikon,2018,1,44
4726,Fischingen,2018,1,234
4781,Wängi,2018,1,147
4471,Bischofszell,2018,1,81
4501,Kradolf-Schönenberg,2018,1,90
4941,Märstetten,2018,1,142
4791,Wuppenau,2018,1,127
4426,Kesswil,2018,2,187
4446,Sommeri,2018,2,91
4536,Basadingen-Schlattingen,2018,2,231
4561,Felben-Wellhausen,2018,2,499
4821,Hüttwilen,2018,2,216
4601,Neunforn,2018,2,176
4864,Steckborn,2018,2,469
4606,Stettfurt,2018,2,59
4611,Thundorf,2018,2,128
4616,Uesslingen-Buch,2018,2,69
4641,Altnau,2018,2,170
4651,Gottlieben,2018,2,34
4656,Güttingen,2018,2,216
4671,Kreuzlingen,2018,2,3005
4681,Langrickenbach,2018,2,53
4683,Lengwil,2018,2,166
4701,Wäldi,2018,2,59
4746,Münchwilen,2018,2,1032
4711,Affeltrangen,2018,2,622
4495,Hohentannen,2018,2,97
4501,Kradolf-Schönenberg,2018,2,421
4756,Schönholzerswilen,2018,2,40
4946,Weinfelden,2018,2,1892
4406,Dozwil,2018,3,126
4421,Horn,2018,3,842
4436,Romanshorn,2018,3,3785
4451,Uttwil,2018,3,251
4545,Diessenhofen,2018,3,1011
4811,Herdern,2018,3,229
4590,Hüttlingen,2018,3,92
4826,Mammern,2018,3,423
4591,Matzingen,2018,3,542
4831,Müllheim,2018,3,678
4841,Pfyn,2018,3,484
4864,Steckborn,2018,3,948
4606,Stettfurt,2018,3,149
4641,Altnau,2018,3,473
4643,Bottighofen,2018,3,864
4666,Kemmental,2018,3,321
4683,Lengwil,2018,3,594
4696,Tägerwilen,2018,3,2695
4551,Aadorf,2018,3,1969
4723,Braunau,2018,3,137
4726,Fischingen,2018,3,739
4741,Lommis,2018,3,187
4761,Sirnach,2018,3,2683
4881,Amlikon-Bissegg,2018,3,228
4901,Birwinken,2018,3,115
4921,Bussnang,2018,3,529
4486,Hauptwil-Gottshaus,2018,3,242
4756,Schönholzerswilen,2018,3,150
4951,Wigoltingen,2018,3,324
4791,Wuppenau,2018,3,185
4411,Egnach,2018,1,371
4416,Hefenhofen,2018,1,63
4426,Kesswil,2018,1,89
4431,Roggwil,2018,1,171
4436,Romanshorn,2018,1,58
4446,Sommeri,2018,1,38
4536,Basadingen-Schlattingen,2018,1,373
4801,Berlingen,2018,1,17
4545,Diessenhofen,2018,1,62
4566,Frauenfeld,2018,1,129
4831,Müllheim,2018,1,61
4841,Pfyn,2018,1,108
4864,Steckborn,2018,1,42
4651,Gottlieben,2018,1,0
4666,Kemmental,2018,1,207
4671,Kreuzlingen,2018,1,40
4683,Lengwil,2018,1,111
4691,Münsterlingen,2018,1,42
4851,Salenstein,2018,1,54
4723,Braunau,2018,1,110
4761,Sirnach,2018,1,105
4776,Tobel-Tägerschen,2018,1,55
4711,Affeltrangen,2018,1,162
4881,Amlikon-Bissegg,2018,1,148
4891,Berg,2018,1,180
4901,Birwinken,2018,1,148
4911,Bürglen,2018,1,88
4756,Schönholzerswilen,2018,1,152
4506,Sulgen,2018,1,110
4946,Weinfelden,2018,1,107
4511,Zihlschlacht-Sitterdorf,2018,1,106
4461,Amriswil,2018,2,1933
4411,Egnach,2018,2,544
4416,Hefenhofen,2018,2,448
4441,Salmsach,2018,2,85
4451,Uttwil,2018,2,37
4801,Berlingen,2018,2,26
4806,Eschenz,2018,2,204
4590,Hüttlingen,2018,2,60
4591,Matzingen,2018,2,505
4831,Müllheim,2018,2,464
4841,Pfyn,2018,2,198
4871,Wagenhausen,2018,2,133
4646,Ermatingen,2018,2,276
4666,Kemmental,2018,2,231
4846,Raperswilen,2018,2,46
4851,Salenstein,2018,2,50
4696,Tägerwilen,2018,2,633
4716,Bettwiesen,2018,2,148
4721,Bichelsee-Balterswil,2018,2,357
4751,Rickenbach,2018,2,226
4761,Sirnach,2018,2,1049
4786,Wilen,2018,2,102
4881,Amlikon-Bissegg,2018,2,134
4891,Berg,2018,2,393
4911,Bürglen,2018,2,526
4941,Märstetten,2018,2,326
4506,Sulgen,2018,2,1312
4791,Wuppenau,2018,2,100
4461,Amriswil,2018,3,3903
4401,Arbon,2018,3,4337
4411,Egnach,2018,3,1008
4416,Hefenhofen,2018,3,148
4426,Kesswil,2018,3,174
4441,Salmsach,2018,3,167
4446,Sommeri,2018,3,359
4536,Basadingen-Schlattingen,2018,3,190
4561,Felben-Wellhausen,2018,3,423
4571,Gachnang,2018,3,879
4546,Schlatt,2018,3,249
4651,Gottlieben,2018,3,95
4656,Güttingen,2018,3,356
4671,Kreuzlingen,2018,3,8888
4691,Münsterlingen,2018,3,3081
4851,Salenstein,2018,3,427
4721,Bichelsee-Balterswil,2018,3,462
4746,Münchwilen,2018,3,1499
4751,Rickenbach,2018,3,699
4495,Hohentannen,2018,3,44
4501,Kradolf-Schönenberg,2018,3,613
4941,Märstetten,2018,3,659
4511,Zihlschlacht-Sitterdorf,2018,3,1005
4461,Amriswil,2018,1,212
4401,Arbon,2018,1,33
4406,Dozwil,2018,1,23
4816,Homburg,2018,1,241
4590,Hüttlingen,2018,1,111
4591,Matzingen,2018,1,66
4546,Schlatt,2018,1,94
4606,Stettfurt,2018,1,180
4611,Thundorf,2018,1,146
4616,Uesslingen-Buch,2018,1,145
4641,Altnau,2018,1,106
4643,Bottighofen,2018,1,7
4646,Ermatingen,2018,1,59
4681,Langrickenbach,2018,1,151
4846,Raperswilen,2018,1,70
4716,Bettwiesen,2018,1,35
4741,Lommis,2018,1,53
4746,Münchwilen,2018,1,79
4751,Rickenbach,2018,1,4
4786,Wilen,2018,1,8
4921,Bussnang,2018,1,281
4476,Erlen,2018,1,164
4486,Hauptwil-Gottshaus,2018,1,154
4495,Hohentannen,2018,1,104
4951,Wigoltingen,2018,1,209
4401,Arbon,2018,2,2173
4406,Dozwil,2018,2,119
4421,Horn,2018,2,293
4431,Roggwil,2018,2,717
4436,Romanshorn,2018,2,1947
4545,Diessenhofen,2018,2,714
4566,Frauenfeld,2018,2,4492
4571,Gachnang,2018,2,491
4811,Herdern,2018,2,33
4816,Homburg,2018,2,353
4826,Mammern,2018,2,9
4546,Schlatt,2018,2,168
4621,Warth-Weiningen,2018,2,138
4643,Bottighofen,2018,2,64
4691,Münsterlingen,2018,2,32
4551,Aadorf,2018,2,1456
4723,Braunau,2018,2,29
4724,Eschlikon,2018,2,793
4726,Fischingen,2018,2,496
4741,Lommis,2018,2,231
4776,Tobel-Tägerschen,2018,2,184
4781,Wängi,2018,2,782
4901,Birwinken,2018,2,74
4471,Bischofszell,2018,2,1690
4921,Bussnang,2018,2,2149
4476,Erlen,2018,2,575
4486,Hauptwil-Gottshaus,2018,2,219
4951,Wigoltingen,2018,2,440
4511,Zihlschlacht-Sitterdorf,2018,2,206
4431,Roggwil,2018,3,647
4801,Berlingen,2018,3,281
4806,Eschenz,2018,3,318
4566,Frauenfeld,2018,3,15932
4816,Homburg,2018,3,206
4821,Hüttwilen,2018,3,425
4601,Neunforn,2018,3,93
4611,Thundorf,2018,3,103
4616,Uesslingen-Buch,2018,3,198
4871,Wagenhausen,2018,3,189
4621,Warth-Weiningen,2018,3,368
4646,Ermatingen,2018,3,767
4681,Langrickenbach,2018,3,154
4846,Raperswilen,2018,3,60
4701,Wäldi,2018,3,262
4716,Bettwiesen,2018,3,115
4724,Eschlikon,2018,3,847
4776,Tobel-Tägerschen,2018,3,378
4781,Wängi,2018,3,1014
4786,Wilen,2018,3,435
4711,Affeltrangen,2018,3,433
4891,Berg,2018,3,1157
4471,Bischofszell,2018,3,1591
4911,Bürglen,2018,3,858
4476,Erlen,2018,3,595
4506,Sulgen,2018,3,916
4946,Weinfelden,2018,3,7514
4461,Amriswil,2017,1,220
4436,Romanshorn,2017,1,67
4441,Salmsach,2017,1,123
4545,Diessenhofen,2017,1,57
4811,Herdern,2017,1,98
4821,Hüttwilen,2017,1,137
4591,Matzingen,2017,1,69
4841,Pfyn,2017,1,105
4643,Bottighofen,2017,1,5
4646,Ermatingen,2017,1,59
4651,Gottlieben,2017,1,.
4656,Güttingen,2017,1,107
4666,Kemmental,2017,1,223
4671,Kreuzlingen,2017,1,29
4681,Langrickenbach,2017,1,162
4683,Lengwil,2017,1,100
4851,Salenstein,2017,1,49
4696,Tägerwilen,2017,1,124
4721,Bichelsee-Balterswil,2017,1,82
4723,Braunau,2017,1,89
4746,Münchwilen,2017,1,76
4776,Tobel-Tägerschen,2017,1,55
4781,Wängi,2017,1,141
4786,Wilen,2017,1,8
4711,Affeltrangen,2017,1,168
4921,Bussnang,2017,1,277
4486,Hauptwil-Gottshaus,2017,1,155
4501,Kradolf-Schönenberg,2017,1,97
4791,Wuppenau,2017,1,126
4406,Dozwil,2017,2,117
4451,Uttwil,2017,2,36
4561,Felben-Wellhausen,2017,2,486
4566,Frauenfeld,2017,2,4619
4811,Herdern,2017,2,28
4816,Homburg,2017,2,363
4590,Hüttlingen,2017,2,59
4841,Pfyn,2017,2,198
4864,Steckborn,2017,2,472
4606,Stettfurt,2017,2,59
4611,Thundorf,2017,2,147
4616,Uesslingen-Buch,2017,2,70
4646,Ermatingen,2017,2,276
4711,Affeltrangen,2017,2,610
4921,Bussnang,2017,2,1987
4495,Hohentannen,2017,2,91
4791,Wuppenau,2017,2,95
4511,Zihlschlacht-Sitterdorf,2017,2,211
4401,Arbon,2017,3,4375
4411,Egnach,2017,3,1010
4421,Horn,2017,3,834
4431,Roggwil,2017,3,661
4446,Sommeri,2017,3,392
4451,Uttwil,2017,3,286
4536,Basadingen-Schlattingen,2017,3,201
4561,Felben-Wellhausen,2017,3,376
4566,Frauenfeld,2017,3,15453
4571,Gachnang,2017,3,871
4826,Mammern,2017,3,411
4601,Neunforn,2017,3,90
4546,Schlatt,2017,3,264
4606,Stettfurt,2017,3,151
4616,Uesslingen-Buch,2017,3,187
4871,Wagenhausen,2017,3,187
4621,Warth-Weiningen,2017,3,379
4651,Gottlieben,2017,3,107
4656,Güttingen,2017,3,343
4666,Kemmental,2017,3,301
4846,Raperswilen,2017,3,54
4851,Salenstein,2017,3,401
4701,Wäldi,2017,3,274
4716,Bettwiesen,2017,3,129
4721,Bichelsee-Balterswil,2017,3,467
4723,Braunau,2017,3,136
4724,Eschlikon,2017,3,820
4726,Fischingen,2017,3,729
4741,Lommis,2017,3,180
4751,Rickenbach,2017,3,715
4761,Sirnach,2017,3,2567
4776,Tobel-Tägerschen,2017,3,376
4786,Wilen,2017,3,438
4471,Bischofszell,2017,3,1576
4911,Bürglen,2017,3,921
4486,Hauptwil-Gottshaus,2017,3,256
4756,Schönholzerswilen,2017,3,152
4951,Wigoltingen,2017,3,339
4401,Arbon,2017,1,31
4411,Egnach,2017,1,382
4426,Kesswil,2017,1,139
4431,Roggwil,2017,1,158
4446,Sommeri,2017,1,36
4536,Basadingen-Schlattingen,2017,1,299
4801,Berlingen,2017,1,17
4566,Frauenfeld,2017,1,130
4571,Gachnang,2017,1,77
4816,Homburg,2017,1,242
4826,Mammern,2017,1,51
4831,Müllheim,2017,1,63
4601,Neunforn,2017,1,120
4546,Schlatt,2017,1,97
4864,Steckborn,2017,1,36
4606,Stettfurt,2017,1,199
4616,Uesslingen-Buch,2017,1,163
4621,Warth-Weiningen,2017,1,90
4846,Raperswilen,2017,1,69
4701,Wäldi,2017,1,110
4551,Aadorf,2017,1,116
4751,Rickenbach,2017,1,5
4881,Amlikon-Bissegg,2017,1,170
4891,Berg,2017,1,161
4901,Birwinken,2017,1,147
4471,Bischofszell,2017,1,79
4911,Bürglen,2017,1,112
4476,Erlen,2017,1,164
4495,Hohentannen,2017,1,99
4941,Märstetten,2017,1,182
4756,Schönholzerswilen,2017,1,150
4506,Sulgen,2017,1,107
4951,Wigoltingen,2017,1,202
4461,Amriswil,2017,2,1963
4401,Arbon,2017,2,1970
4411,Egnach,2017,2,580
4421,Horn,2017,2,294
4431,Roggwil,2017,2,693
4441,Salmsach,2017,2,84
4801,Berlingen,2017,2,26
4545,Diessenhofen,2017,2,679
4571,Gachnang,2017,2,499
4821,Hüttwilen,2017,2,191
4601,Neunforn,2017,2,174
4871,Wagenhausen,2017,2,126
4621,Warth-Weiningen,2017,2,139
4641,Altnau,2017,2,188
4643,Bottighofen,2017,2,60
4656,Güttingen,2017,2,177
4681,Langrickenbach,2017,2,53
4691,Münsterlingen,2017,2,51
4851,Salenstein,2017,2,49
4716,Bettwiesen,2017,2,156
4721,Bichelsee-Balterswil,2017,2,430
4724,Eschlikon,2017,2,717
4726,Fischingen,2017,2,517
4741,Lommis,2017,2,225
4761,Sirnach,2017,2,1074
4781,Wängi,2017,2,702
4786,Wilen,2017,2,116
4881,Amlikon-Bissegg,2017,2,149
4471,Bischofszell,2017,2,1703
4486,Hauptwil-Gottshaus,2017,2,218
4941,Märstetten,2017,2,334
4506,Sulgen,2017,2,1280
4461,Amriswil,2017,3,3848
4406,Dozwil,2017,3,131
4426,Kesswil,2017,3,151
4441,Salmsach,2017,3,166
4801,Berlingen,2017,3,298
4545,Diessenhofen,2017,3,1005
4806,Eschenz,2017,3,324
4811,Herdern,2017,3,217
4591,Matzingen,2017,3,529
4864,Steckborn,2017,3,956
4611,Thundorf,2017,3,86
4641,Altnau,2017,3,473
4643,Bottighofen,2017,3,838
4646,Ermatingen,2017,3,788
4671,Kreuzlingen,2017,3,8734
4681,Langrickenbach,2017,3,131
4683,Lengwil,2017,3,642
4691,Münsterlingen,2017,3,3084
4551,Aadorf,2017,3,1970
4711,Affeltrangen,2017,3,452
4881,Amlikon-Bissegg,2017,3,212
4891,Berg,2017,3,1115
4901,Birwinken,2017,3,135
4941,Märstetten,2017,3,621
4506,Sulgen,2017,3,921
4946,Weinfelden,2017,3,7336
4791,Wuppenau,2017,3,185
4511,Zihlschlacht-Sitterdorf,2017,3,961
4406,Dozwil,2017,1,22
4416,Hefenhofen,2017,1,71
4421,Horn,2017,1,10
4451,Uttwil,2017,1,55
4806,Eschenz,2017,1,82
4561,Felben-Wellhausen,2017,1,48
4590,Hüttlingen,2017,1,115
4611,Thundorf,2017,1,155
4871,Wagenhausen,2017,1,65
4641,Altnau,2017,1,101
4691,Münsterlingen,2017,1,45
4716,Bettwiesen,2017,1,31
4724,Eschlikon,2017,1,42
4726,Fischingen,2017,1,228
4741,Lommis,2017,1,52
4761,Sirnach,2017,1,102
4946,Weinfelden,2017,1,105
4511,Zihlschlacht-Sitterdorf,2017,1,126
4416,Hefenhofen,2017,2,465
4426,Kesswil,2017,2,187
4436,Romanshorn,2017,2,1956
4446,Sommeri,2017,2,90
4536,Basadingen-Schlattingen,2017,2,222
4806,Eschenz,2017,2,180
4826,Mammern,2017,2,12
4591,Matzingen,2017,2,547
4831,Müllheim,2017,2,422
4546,Schlatt,2017,2,175
4651,Gottlieben,2017,2,35
4666,Kemmental,2017,2,225
4671,Kreuzlingen,2017,2,2873
4683,Lengwil,2017,2,181
4846,Raperswilen,2017,2,48
4696,Tägerwilen,2017,2,663
4701,Wäldi,2017,2,50
4551,Aadorf,2017,2,1455
4723,Braunau,2017,2,28
4746,Münchwilen,2017,2,980
4751,Rickenbach,2017,2,265
4776,Tobel-Tägerschen,2017,2,182
4891,Berg,2017,2,406
4901,Birwinken,2017,2,72
4911,Bürglen,2017,2,466
4476,Erlen,2017,2,548
4501,Kradolf-Schönenberg,2017,2,422
4756,Schönholzerswilen,2017,2,36
4946,Weinfelden,2017,2,1992
4951,Wigoltingen,2017,2,480
4416,Hefenhofen,2017,3,144
4436,Romanshorn,2017,3,3656
4816,Homburg,2017,3,208
4590,Hüttlingen,2017,3,95
4821,Hüttwilen,2017,3,417
4831,Müllheim,2017,3,663
4841,Pfyn,2017,3,439
4696,Tägerwilen,2017,3,2793
4746,Münchwilen,2017,3,1435
4781,Wängi,2017,3,972
4921,Bussnang,2017,3,498
4476,Erlen,2017,3,588
4495,Hohentannen,2017,3,45
4501,Kradolf-Schönenberg,2017,3,586
4406,Dozwil,2016,1,21
4416,Hefenhofen,2016,1,79
4431,Roggwil,2016,1,152
4436,Romanshorn,2016,1,55
4446,Sommeri,2016,1,40
4536,Basadingen-Schlattingen,2016,1,283
4566,Frauenfeld,2016,1,137
4571,Gachnang,2016,1,76
4811,Herdern,2016,1,84
4816,Homburg,2016,1,249
4821,Hüttwilen,2016,1,133
4826,Mammern,2016,1,36
4591,Matzingen,2016,1,63
4831,Müllheim,2016,1,62
4601,Neunforn,2016,1,111
4841,Pfyn,2016,1,105
4546,Schlatt,2016,1,97
4606,Stettfurt,2016,1,123
4611,Thundorf,2016,1,156
4616,Uesslingen-Buch,2016,1,160
4643,Bottighofen,2016,1,7
4646,Ermatingen,2016,1,65
4651,Gottlieben,2016,1,.
4683,Lengwil,2016,1,101
4691,Münsterlingen,2016,1,36
4846,Raperswilen,2016,1,69
4851,Salenstein,2016,1,50
4716,Bettwiesen,2016,1,33
4724,Eschlikon,2016,1,38
4741,Lommis,2016,1,52
4776,Tobel-Tägerschen,2016,1,64
4711,Affeltrangen,2016,1,155
4901,Birwinken,2016,1,171
4911,Bürglen,2016,1,127
4921,Bussnang,2016,1,246
4486,Hauptwil-Gottshaus,2016,1,155
4941,Märstetten,2016,1,148
4756,Schönholzerswilen,2016,1,147
4946,Weinfelden,2016,1,113
4951,Wigoltingen,2016,1,203
4791,Wuppenau,2016,1,131
4401,Arbon,2016,2,2043
4406,Dozwil,2016,2,112
4416,Hefenhofen,2016,2,461
4426,Kesswil,2016,2,178
4436,Romanshorn,2016,2,1952
4441,Salmsach,2016,2,85
4801,Berlingen,2016,2,27
4806,Eschenz,2016,2,183
4566,Frauenfeld,2016,2,4562
4816,Homburg,2016,2,347
4590,Hüttlingen,2016,2,55
4826,Mammern,2016,2,8
4591,Matzingen,2016,2,474
4831,Müllheim,2016,2,415
4611,Thundorf,2016,2,128
4656,Güttingen,2016,2,174
4671,Kreuzlingen,2016,2,2800
4691,Münsterlingen,2016,2,53
4851,Salenstein,2016,2,52
4696,Tägerwilen,2016,2,673
4716,Bettwiesen,2016,2,121
4721,Bichelsee-Balterswil,2016,2,468
4723,Braunau,2016,2,34
4724,Eschlikon,2016,2,737
4741,Lommis,2016,2,221
4776,Tobel-Tägerschen,2016,2,179
4711,Affeltrangen,2016,2,602
4486,Hauptwil-Gottshaus,2016,2,218
4495,Hohentannen,2016,2,100
4501,Kradolf-Schönenberg,2016,2,441
4506,Sulgen,2016,2,1282
4511,Zihlschlacht-Sitterdorf,2016,2,207
4416,Hefenhofen,2016,3,139
4436,Romanshorn,2016,3,3500
4561,Felben-Wellhausen,2016,3,378
4590,Hüttlingen,2016,3,87
4821,Hüttwilen,2016,3,403
4831,Müllheim,2016,3,664
4601,Neunforn,2016,3,86
4546,Schlatt,2016,3,256
4656,Güttingen,2016,3,345
4701,Wäldi,2016,3,267
4551,Aadorf,2016,3,2015
4721,Bichelsee-Balterswil,2016,3,426
4776,Tobel-Tägerschen,2016,3,364
4781,Wängi,2016,3,953
4881,Amlikon-Bissegg,2016,3,215
4891,Berg,2016,3,1181
4921,Bussnang,2016,3,474
4756,Schönholzerswilen,2016,3,149
4506,Sulgen,2016,3,895
4511,Zihlschlacht-Sitterdorf,2016,3,926
4411,Egnach,2016,1,365
4441,Salmsach,2016,1,142
4451,Uttwil,2016,1,55
4801,Berlingen,2016,1,16
4545,Diessenhofen,2016,1,61
4806,Eschenz,2016,1,81
4561,Felben-Wellhausen,2016,1,63
4590,Hüttlingen,2016,1,116
4864,Steckborn,2016,1,36
4621,Warth-Weiningen,2016,1,94
4656,Güttingen,2016,1,101
4671,Kreuzlingen,2016,1,40
4681,Langrickenbach,2016,1,163
4696,Tägerwilen,2016,1,137
4551,Aadorf,2016,1,127
4721,Bichelsee-Balterswil,2016,1,87
4723,Braunau,2016,1,96
4726,Fischingen,2016,1,230
4746,Münchwilen,2016,1,71
4761,Sirnach,2016,1,117
4786,Wilen,2016,1,9
4881,Amlikon-Bissegg,2016,1,159
4891,Berg,2016,1,160
4471,Bischofszell,2016,1,85
4476,Erlen,2016,1,150
4506,Sulgen,2016,1,105
4511,Zihlschlacht-Sitterdorf,2016,1,122
4461,Amriswil,2016,2,1945
4421,Horn,2016,2,300
4431,Roggwil,2016,2,626
4446,Sommeri,2016,2,88
4536,Basadingen-Schlattingen,2016,2,233
4811,Herdern,2016,2,33
4821,Hüttwilen,2016,2,185
4601,Neunforn,2016,2,170
4841,Pfyn,2016,2,191
4546,Schlatt,2016,2,185
4864,Steckborn,2016,2,468
4641,Altnau,2016,2,193
4646,Ermatingen,2016,2,273
4651,Gottlieben,2016,2,39
4681,Langrickenbach,2016,2,54
4683,Lengwil,2016,2,194
4726,Fischingen,2016,2,500
4751,Rickenbach,2016,2,287
4901,Birwinken,2016,2,70
4471,Bischofszell,2016,2,1662
4921,Bussnang,2016,2,1888
4476,Erlen,2016,2,639
4756,Schönholzerswilen,2016,2,38
4461,Amriswil,2016,3,3782
4406,Dozwil,2016,3,114
4426,Kesswil,2016,3,140
4441,Salmsach,2016,3,159
4545,Diessenhofen,2016,3,975
4571,Gachnang,2016,3,801
4811,Herdern,2016,3,238
4591,Matzingen,2016,3,518
4841,Pfyn,2016,3,388
4871,Wagenhausen,2016,3,169
4621,Warth-Weiningen,2016,3,358
4641,Altnau,2016,3,489
4681,Langrickenbach,2016,3,122
4691,Münsterlingen,2016,3,2975
4846,Raperswilen,2016,3,47
4851,Salenstein,2016,3,360
4696,Tägerwilen,2016,3,2659
4716,Bettwiesen,2016,3,116
4724,Eschlikon,2016,3,909
4741,Lommis,2016,3,187
4746,Münchwilen,2016,3,1351
4761,Sirnach,2016,3,2421
4471,Bischofszell,2016,3,1515
4911,Bürglen,2016,3,849
4495,Hohentannen,2016,3,57
4501,Kradolf-Schönenberg,2016,3,555
4941,Märstetten,2016,3,620
4946,Weinfelden,2016,3,7034
4791,Wuppenau,2016,3,174
4461,Amriswil,2016,1,222
4401,Arbon,2016,1,28
4421,Horn,2016,1,15
4426,Kesswil,2016,1,141
4871,Wagenhausen,2016,1,64
4641,Altnau,2016,1,120
4666,Kemmental,2016,1,229
4701,Wäldi,2016,1,116
4751,Rickenbach,2016,1,4
4781,Wängi,2016,1,138
4495,Hohentannen,2016,1,95
4501,Kradolf-Schönenberg,2016,1,98
4411,Egnach,2016,2,572
4451,Uttwil,2016,2,36
4545,Diessenhofen,2016,2,670
4561,Felben-Wellhausen,2016,2,484
4571,Gachnang,2016,2,494
4606,Stettfurt,2016,2,53
4616,Uesslingen-Buch,2016,2,70
4871,Wagenhausen,2016,2,125
4621,Warth-Weiningen,2016,2,129
4643,Bottighofen,2016,2,85
4666,Kemmental,2016,2,229
4846,Raperswilen,2016,2,45
4701,Wäldi,2016,2,52
4551,Aadorf,2016,2,1436
4746,Münchwilen,2016,2,1001
4761,Sirnach,2016,2,1105
4781,Wängi,2016,2,652
4786,Wilen,2016,2,116
4881,Amlikon-Bissegg,2016,2,138
4891,Berg,2016,2,369
4911,Bürglen,2016,2,467
4941,Märstetten,2016,2,354
4946,Weinfelden,2016,2,1969
4951,Wigoltingen,2016,2,462
4791,Wuppenau,2016,2,103
4401,Arbon,2016,3,4131
4411,Egnach,2016,3,1037
4421,Horn,2016,3,831
4431,Roggwil,2016,3,619
4446,Sommeri,2016,3,365
4451,Uttwil,2016,3,288
4536,Basadingen-Schlattingen,2016,3,213
4801,Berlingen,2016,3,312
4806,Eschenz,2016,3,312
4566,Frauenfeld,2016,3,15233
4816,Homburg,2016,3,191
4826,Mammern,2016,3,398
4864,Steckborn,2016,3,931
4606,Stettfurt,2016,3,148
4611,Thundorf,2016,3,102
4616,Uesslingen-Buch,2016,3,183
4643,Bottighofen,2016,3,802
4646,Ermatingen,2016,3,826
4651,Gottlieben,2016,3,100
4666,Kemmental,2016,3,272
4671,Kreuzlingen,2016,3,8789
4683,Lengwil,2016,3,626
4723,Braunau,2016,3,126
4726,Fischingen,2016,3,714
4751,Rickenbach,2016,3,701
4786,Wilen,2016,3,439
4711,Affeltrangen,2016,3,430
4901,Birwinken,2016,3,123
4476,Erlen,2016,3,562
4486,Hauptwil-Gottshaus,2016,3,282
4951,Wigoltingen,2016,3,345
4401,Arbon,2015,1,37
4411,Egnach,2015,1,367
4416,Hefenhofen,2015,1,70
4436,Romanshorn,2015,1,58
4446,Sommeri,2015,1,41
4801,Berlingen,2015,1,18
4561,Felben-Wellhausen,2015,1,50
4566,Frauenfeld,2015,1,140
4571,Gachnang,2015,1,75
4816,Homburg,2015,1,245
4590,Hüttlingen,2015,1,148
4826,Mammern,2015,1,46
4831,Müllheim,2015,1,67
4864,Steckborn,2015,1,35
4611,Thundorf,2015,1,145
4616,Uesslingen-Buch,2015,1,154
4621,Warth-Weiningen,2015,1,74
4643,Bottighofen,2015,1,5
4646,Ermatingen,2015,1,66
4671,Kreuzlingen,2015,1,43
4681,Langrickenbach,2015,1,181
4851,Salenstein,2015,1,57
4724,Eschlikon,2015,1,39
4761,Sirnach,2015,1,115
4786,Wilen,2015,1,9
4471,Bischofszell,2015,1,91
4921,Bussnang,2015,1,258
4486,Hauptwil-Gottshaus,2015,1,168
4495,Hohentannen,2015,1,97
4941,Märstetten,2015,1,132
4506,Sulgen,2015,1,106
4406,Dozwil,2015,2,110
4421,Horn,2015,2,313
4426,Kesswil,2015,2,184
4431,Roggwil,2015,2,652
4801,Berlingen,2015,2,28
4545,Diessenhofen,2015,2,691
4816,Homburg,2015,2,322
4546,Schlatt,2015,2,184
4606,Stettfurt,2015,2,57
4611,Thundorf,2015,2,130
4871,Wagenhausen,2015,2,123
4671,Kreuzlingen,2015,2,2718
4696,Tägerwilen,2015,2,684
4716,Bettwiesen,2015,2,113
4721,Bichelsee-Balterswil,2015,2,536
4723,Braunau,2015,2,38
4776,Tobel-Tägerschen,2015,2,184
4786,Wilen,2015,2,101
4711,Affeltrangen,2015,2,579
4891,Berg,2015,2,419
4911,Bürglen,2015,2,450
4476,Erlen,2015,2,612
4756,Schönholzerswilen,2015,2,38
4946,Weinfelden,2015,2,2056
4411,Egnach,2015,3,1011
4416,Hefenhofen,2015,3,155
4426,Kesswil,2015,3,163
4431,Roggwil,2015,3,573
4536,Basadingen-Schlattingen,2015,3,207
4561,Felben-Wellhausen,2015,3,372
4566,Frauenfeld,2015,3,15292
4821,Hüttwilen,2015,3,427
4826,Mammern,2015,3,393
4591,Matzingen,2015,3,525
4546,Schlatt,2015,3,244
4606,Stettfurt,2015,3,187
4611,Thundorf,2015,3,107
4621,Warth-Weiningen,2015,3,360
4643,Bottighofen,2015,3,795
4656,Güttingen,2015,3,348
4666,Kemmental,2015,3,288
4681,Langrickenbach,2015,3,118
4696,Tägerwilen,2015,3,2433
4701,Wäldi,2015,3,317
4551,Aadorf,2015,3,1863
4716,Bettwiesen,2015,3,106
4741,Lommis,2015,3,167
4746,Münchwilen,2015,3,1540
4761,Sirnach,2015,3,2368
4711,Affeltrangen,2015,3,432
4901,Birwinken,2015,3,112
4486,Hauptwil-Gottshaus,2015,3,318
4495,Hohentannen,2015,3,59
4406,Dozwil,2015,1,21
4431,Roggwil,2015,1,147
4441,Salmsach,2015,1,121
4451,Uttwil,2015,1,50
4545,Diessenhofen,2015,1,65
4806,Eschenz,2015,1,94
4811,Herdern,2015,1,87
4821,Hüttwilen,2015,1,142
4591,Matzingen,2015,1,66
4601,Neunforn,2015,1,114
4841,Pfyn,2015,1,113
4871,Wagenhausen,2015,1,78
4651,Gottlieben,2015,1,.
4656,Güttingen,2015,1,101
4666,Kemmental,2015,1,231
4691,Münsterlingen,2015,1,39
4551,Aadorf,2015,1,143
4716,Bettwiesen,2015,1,37
4741,Lommis,2015,1,54
4751,Rickenbach,2015,1,6
4776,Tobel-Tägerschen,2015,1,61
4711,Affeltrangen,2015,1,167
4891,Berg,2015,1,151
4476,Erlen,2015,1,151
4501,Kradolf-Schönenberg,2015,1,102
4756,Schönholzerswilen,2015,1,151
4946,Weinfelden,2015,1,137
4461,Amriswil,2015,2,1965
4411,Egnach,2015,2,595
4416,Hefenhofen,2015,2,443
4441,Salmsach,2015,2,97
4451,Uttwil,2015,2,41
4536,Basadingen-Schlattingen,2015,2,235
4566,Frauenfeld,2015,2,4551
4811,Herdern,2015,2,31
4821,Hüttwilen,2015,2,184
4591,Matzingen,2015,2,481
4601,Neunforn,2015,2,110
4841,Pfyn,2015,2,178
4864,Steckborn,2015,2,475
4616,Uesslingen-Buch,2015,2,67
4621,Warth-Weiningen,2015,2,137
4641,Altnau,2015,2,198
4643,Bottighofen,2015,2,57
4651,Gottlieben,2015,2,50
4681,Langrickenbach,2015,2,52
4683,Lengwil,2015,2,172
4691,Münsterlingen,2015,2,33
4851,Salenstein,2015,2,52
4701,Wäldi,2015,2,47
4724,Eschlikon,2015,2,749
4741,Lommis,2015,2,231
4761,Sirnach,2015,2,1022
4486,Hauptwil-Gottshaus,2015,2,219
4495,Hohentannen,2015,2,98
4501,Kradolf-Schönenberg,2015,2,436
4951,Wigoltingen,2015,2,449
4461,Amriswil,2015,3,3636
4401,Arbon,2015,3,3906
4406,Dozwil,2015,3,102
4436,Romanshorn,2015,3,3614
4451,Uttwil,2015,3,276
4545,Diessenhofen,2015,3,988
4571,Gachnang,2015,3,736
4811,Herdern,2015,3,233
4816,Homburg,2015,3,178
4601,Neunforn,2015,3,103
4616,Uesslingen-Buch,2015,3,198
4871,Wagenhausen,2015,3,166
4641,Altnau,2015,3,471
4651,Gottlieben,2015,3,102
4723,Braunau,2015,3,118
4726,Fischingen,2015,3,685
4776,Tobel-Tägerschen,2015,3,371
4786,Wilen,2015,3,414
4881,Amlikon-Bissegg,2015,3,218
4891,Berg,2015,3,1159
4471,Bischofszell,2015,3,1398
4921,Bussnang,2015,3,455
4501,Kradolf-Schönenberg,2015,3,565
4941,Märstetten,2015,3,545
4756,Schönholzerswilen,2015,3,151
4946,Weinfelden,2015,3,6924
4791,Wuppenau,2015,3,164
4461,Amriswil,2015,1,239
4421,Horn,2015,1,13
4426,Kesswil,2015,1,140
4536,Basadingen-Schlattingen,2015,1,224
4546,Schlatt,2015,1,91
4606,Stettfurt,2015,1,154
4641,Altnau,2015,1,115
4683,Lengwil,2015,1,97
4846,Raperswilen,2015,1,70
4696,Tägerwilen,2015,1,150
4701,Wäldi,2015,1,114
4721,Bichelsee-Balterswil,2015,1,87
4723,Braunau,2015,1,115
4726,Fischingen,2015,1,227
4746,Münchwilen,2015,1,69
4781,Wängi,2015,1,131
4881,Amlikon-Bissegg,2015,1,163
4901,Birwinken,2015,1,185
4911,Bürglen,2015,1,116
4951,Wigoltingen,2015,1,210
4791,Wuppenau,2015,1,131
4511,Zihlschlacht-Sitterdorf,2015,1,125
4401,Arbon,2015,2,2057
4436,Romanshorn,2015,2,1985
4446,Sommeri,2015,2,91
4806,Eschenz,2015,2,183
4561,Felben-Wellhausen,2015,2,452
4571,Gachnang,2015,2,513
4590,Hüttlingen,2015,2,52
4826,Mammern,2015,2,9
4831,Müllheim,2015,2,391
4646,Ermatingen,2015,2,286
4656,Güttingen,2015,2,180
4666,Kemmental,2015,2,231
4846,Raperswilen,2015,2,48
4551,Aadorf,2015,2,1471
4726,Fischingen,2015,2,485
4746,Münchwilen,2015,2,807
4751,Rickenbach,2015,2,328
4781,Wängi,2015,2,604
4881,Amlikon-Bissegg,2015,2,138
4901,Birwinken,2015,2,75
4471,Bischofszell,2015,2,1530
4921,Bussnang,2015,2,1843
4941,Märstetten,2015,2,375
4506,Sulgen,2015,2,1280
4791,Wuppenau,2015,2,98
4511,Zihlschlacht-Sitterdorf,2015,2,223
4421,Horn,2015,3,790
4441,Salmsach,2015,3,151
4446,Sommeri,2015,3,373
4801,Berlingen,2015,3,304
4806,Eschenz,2015,3,311
4590,Hüttlingen,2015,3,81
4831,Müllheim,2015,3,647
4841,Pfyn,2015,3,358
4864,Steckborn,2015,3,911
4646,Ermatingen,2015,3,804
4671,Kreuzlingen,2015,3,8927
4683,Lengwil,2015,3,585
4691,Münsterlingen,2015,3,2934
4846,Raperswilen,2015,3,56
4851,Salenstein,2015,3,395
4721,Bichelsee-Balterswil,2015,3,401
4724,Eschlikon,2015,3,883
4751,Rickenbach,2015,3,721
4781,Wängi,2015,3,960
4911,Bürglen,2015,3,847
4476,Erlen,2015,3,601
4506,Sulgen,2015,3,935
4951,Wigoltingen,2015,3,377
4511,Zihlschlacht-Sitterdorf,2015,3,921
4451,Uttwil,2014,1,50
4536,Basadingen-Schlattingen,2014,1,213
4801,Berlingen,2014,1,18
4806,Eschenz,2014,1,93
4811,Herdern,2014,1,85
4601,Neunforn,2014,1,113
4864,Steckborn,2014,1,41
4611,Thundorf,2014,1,152
4641,Altnau,2014,1,108
4643,Bottighofen,2014,1,6
4646,Ermatingen,2014,1,71
4666,Kemmental,2014,1,231
4691,Münsterlingen,2014,1,36
4701,Wäldi,2014,1,115
4721,Bichelsee-Balterswil,2014,1,86
4724,Eschlikon,2014,1,47
4781,Wängi,2014,1,213
4786,Wilen,2014,1,7
4901,Birwinken,2014,1,187
4471,Bischofszell,2014,1,93
4486,Hauptwil-Gottshaus,2014,1,173
4941,Märstetten,2014,1,130
4756,Schönholzerswilen,2014,1,156
4951,Wigoltingen,2014,1,210
4411,Egnach,2014,2,582
4416,Hefenhofen,2014,2,384
4421,Horn,2014,2,320
4431,Roggwil,2014,2,639
4446,Sommeri,2014,2,95
4561,Felben-Wellhausen,2014,2,412
4571,Gachnang,2014,2,500
4811,Herdern,2014,2,31
4816,Homburg,2014,2,306
4590,Hüttlingen,2014,2,49
4821,Hüttwilen,2014,2,189
4831,Müllheim,2014,2,395
4546,Schlatt,2014,2,193
4641,Altnau,2014,2,197
4646,Ermatingen,2014,2,279
4656,Güttingen,2014,2,184
4666,Kemmental,2014,2,301
4681,Langrickenbach,2014,2,60
4846,Raperswilen,2014,2,50
4716,Bettwiesen,2014,2,118
4746,Münchwilen,2014,2,789
4776,Tobel-Tägerschen,2014,2,176
4786,Wilen,2014,2,112
4911,Bürglen,2014,2,455
4921,Bussnang,2014,2,1910
4476,Erlen,2014,2,635
4495,Hohentannen,2014,2,94
4941,Märstetten,2014,2,375
4791,Wuppenau,2014,2,93
4461,Amriswil,2014,3,3706
4421,Horn,2014,3,855
4451,Uttwil,2014,3,268
4536,Basadingen-Schlattingen,2014,3,258
4545,Diessenhofen,2014,3,1006
4806,Eschenz,2014,3,312
4811,Herdern,2014,3,237
4546,Schlatt,2014,3,206
4864,Steckborn,2014,3,979
4611,Thundorf,2014,3,114
4621,Warth-Weiningen,2014,3,367
4643,Bottighofen,2014,3,704
4651,Gottlieben,2014,3,108
4701,Wäldi,2014,3,312
4551,Aadorf,2014,3,1905
4721,Bichelsee-Balterswil,2014,3,406
4741,Lommis,2014,3,154
4746,Münchwilen,2014,3,1522
4761,Sirnach,2014,3,2230
4786,Wilen,2014,3,414
4921,Bussnang,2014,3,333
4476,Erlen,2014,3,573
4486,Hauptwil-Gottshaus,2014,3,295
4495,Hohentannen,2014,3,60
4941,Märstetten,2014,3,559
4756,Schönholzerswilen,2014,3,143
4946,Weinfelden,2014,3,6896
4511,Zihlschlacht-Sitterdorf,2014,3,849
4441,Salmsach,2014,1,122
4561,Felben-Wellhausen,2014,1,53
4566,Frauenfeld,2014,1,139
4816,Homburg,2014,1,250
4590,Hüttlingen,2014,1,118
4821,Hüttwilen,2014,1,146
4831,Müllheim,2014,1,67
4606,Stettfurt,2014,1,158
4616,Uesslingen-Buch,2014,1,157
4621,Warth-Weiningen,2014,1,67
4656,Güttingen,2014,1,114
4846,Raperswilen,2014,1,71
4696,Tägerwilen,2014,1,144
4551,Aadorf,2014,1,132
4723,Braunau,2014,1,98
4726,Fischingen,2014,1,228
4751,Rickenbach,2014,1,9
4761,Sirnach,2014,1,100
4881,Amlikon-Bissegg,2014,1,167
4891,Berg,2014,1,162
4911,Bürglen,2014,1,118
4495,Hohentannen,2014,1,107
4501,Kradolf-Schönenberg,2014,1,106
4401,Arbon,2014,2,2068
4441,Salmsach,2014,2,96
4801,Berlingen,2014,2,26
4545,Diessenhofen,2014,2,711
4806,Eschenz,2014,2,187
4566,Frauenfeld,2014,2,4459
4826,Mammern,2014,2,13
4591,Matzingen,2014,2,470
4601,Neunforn,2014,2,114
4841,Pfyn,2014,2,207
4864,Steckborn,2014,2,495
4616,Uesslingen-Buch,2014,2,69
4621,Warth-Weiningen,2014,2,147
4651,Gottlieben,2014,2,45
4691,Münsterlingen,2014,2,30
4701,Wäldi,2014,2,88
4551,Aadorf,2014,2,1634
4721,Bichelsee-Balterswil,2014,2,543
4723,Braunau,2014,2,39
4726,Fischingen,2014,2,474
4751,Rickenbach,2014,2,310
4711,Affeltrangen,2014,2,599
4891,Berg,2014,2,423
4901,Birwinken,2014,2,75
4501,Kradolf-Schönenberg,2014,2,470
4946,Weinfelden,2014,2,1912
4511,Zihlschlacht-Sitterdorf,2014,2,216
4416,Hefenhofen,2014,3,158
4426,Kesswil,2014,3,140
4431,Roggwil,2014,3,559
4441,Salmsach,2014,3,151
4801,Berlingen,2014,3,290
4561,Felben-Wellhausen,2014,3,352
4816,Homburg,2014,3,185
4821,Hüttwilen,2014,3,436
4601,Neunforn,2014,3,113
4841,Pfyn,2014,3,401
4616,Uesslingen-Buch,2014,3,184
4646,Ermatingen,2014,3,813
4656,Güttingen,2014,3,304
4671,Kreuzlingen,2014,3,8995
4691,Münsterlingen,2014,3,2883
4846,Raperswilen,2014,3,56
4716,Bettwiesen,2014,3,106
4723,Braunau,2014,3,112
4726,Fischingen,2014,3,682
4781,Wängi,2014,3,839
4711,Affeltrangen,2014,3,438
4501,Kradolf-Schönenberg,2014,3,542
4951,Wigoltingen,2014,3,341
4461,Amriswil,2014,1,237
4421,Horn,2014,1,14
4401,Arbon,2014,1,35
4406,Dozwil,2014,1,22
4411,Egnach,2014,1,371
4416,Hefenhofen,2014,1,77
4426,Kesswil,2014,1,119
4431,Roggwil,2014,1,152
4436,Romanshorn,2014,1,63
4446,Sommeri,2014,1,45
4545,Diessenhofen,2014,1,70
4571,Gachnang,2014,1,79
4826,Mammern,2014,1,34
4591,Matzingen,2014,1,61
4841,Pfyn,2014,1,117
4546,Schlatt,2014,1,86
4871,Wagenhausen,2014,1,95
4651,Gottlieben,2014,1,.
4671,Kreuzlingen,2014,1,37
4681,Langrickenbach,2014,1,177
4683,Lengwil,2014,1,96
4851,Salenstein,2014,1,52
4716,Bettwiesen,2014,1,35
4741,Lommis,2014,1,60
4746,Münchwilen,2014,1,62
4776,Tobel-Tägerschen,2014,1,63
4711,Affeltrangen,2014,1,171
4921,Bussnang,2014,1,284
4476,Erlen,2014,1,138
4506,Sulgen,2014,1,112
4946,Weinfelden,2014,1,142
4791,Wuppenau,2014,1,126
4511,Zihlschlacht-Sitterdorf,2014,1,137
4461,Amriswil,2014,2,2041
4406,Dozwil,2014,2,105
4426,Kesswil,2014,2,190
4436,Romanshorn,2014,2,2020
4451,Uttwil,2014,2,45
4536,Basadingen-Schlattingen,2014,2,257
4606,Stettfurt,2014,2,56
4611,Thundorf,2014,2,158
4871,Wagenhausen,2014,2,130
4643,Bottighofen,2014,2,56
4671,Kreuzlingen,2014,2,2855
4683,Lengwil,2014,2,174
4851,Salenstein,2014,2,54
4696,Tägerwilen,2014,2,618
4724,Eschlikon,2014,2,746
4741,Lommis,2014,2,227
4761,Sirnach,2014,2,1034
4781,Wängi,2014,2,655
4881,Amlikon-Bissegg,2014,2,152
4471,Bischofszell,2014,2,1513
4486,Hauptwil-Gottshaus,2014,2,209
4756,Schönholzerswilen,2014,2,35
4506,Sulgen,2014,2,1147
4951,Wigoltingen,2014,2,443
4401,Arbon,2014,3,4117
4406,Dozwil,2014,3,105
4411,Egnach,2014,3,1008
4436,Romanshorn,2014,3,3623
4446,Sommeri,2014,3,406
4566,Frauenfeld,2014,3,15110
4571,Gachnang,2014,3,737
4590,Hüttlingen,2014,3,72
4826,Mammern,2014,3,398
4591,Matzingen,2014,3,525
4831,Müllheim,2014,3,672
4606,Stettfurt,2014,3,155
4871,Wagenhausen,2014,3,165
4641,Altnau,2014,3,468
4666,Kemmental,2014,3,270
4681,Langrickenbach,2014,3,124
4683,Lengwil,2014,3,571
4851,Salenstein,2014,3,353
4696,Tägerwilen,2014,3,2443
4724,Eschlikon,2014,3,895
4751,Rickenbach,2014,3,702
4776,Tobel-Tägerschen,2014,3,340
4881,Amlikon-Bissegg,2014,3,213
4891,Berg,2014,3,1179
4901,Birwinken,2014,3,125
4471,Bischofszell,2014,3,1281
4911,Bürglen,2014,3,804
4506,Sulgen,2014,3,890
4791,Wuppenau,2014,3,159
4461,Amriswil,2013,1,240
4406,Dozwil,2013,1,27
4421,Horn,2013,1,7
4426,Kesswil,2013,1,137
4441,Salmsach,2013,1,86
4801,Berlingen,2013,1,19
4545,Diessenhofen,2013,1,52
4816,Homburg,2013,1,247
4864,Steckborn,2013,1,42
4611,Thundorf,2013,1,145
4616,Uesslingen-Buch,2013,1,171
4871,Wagenhausen,2013,1,90
4646,Ermatingen,2013,1,72
4656,Güttingen,2013,1,116
4683,Lengwil,2013,1,87
4691,Münsterlingen,2013,1,35
4726,Fischingen,2013,1,216
4741,Lommis,2013,1,57
4751,Rickenbach,2013,1,8
4891,Berg,2013,1,182
4911,Bürglen,2013,1,111
4476,Erlen,2013,1,146
4946,Weinfelden,2013,1,141
4511,Zihlschlacht-Sitterdorf,2013,1,134
4406,Dozwil,2013,2,106
4411,Egnach,2013,2,627
4426,Kesswil,2013,2,194
4801,Berlingen,2013,2,38
4545,Diessenhofen,2013,2,710
4561,Felben-Wellhausen,2013,2,681
4821,Hüttwilen,2013,2,210
4831,Müllheim,2013,2,409
4601,Neunforn,2013,2,120
4864,Steckborn,2013,2,462
4611,Thundorf,2013,2,156
4616,Uesslingen-Buch,2013,2,79
4871,Wagenhausen,2013,2,134
4651,Gottlieben,2013,2,45
4656,Güttingen,2013,2,196
4671,Kreuzlingen,2013,2,2809
4851,Salenstein,2013,2,63
4701,Wäldi,2013,2,111
4551,Aadorf,2013,2,1478
4716,Bettwiesen,2013,2,135
4724,Eschlikon,2013,2,787
4741,Lommis,2013,2,195
4746,Münchwilen,2013,2,757
4751,Rickenbach,2013,2,292
4761,Sirnach,2013,2,1045
4786,Wilen,2013,2,72
4471,Bischofszell,2013,2,1512
4486,Hauptwil-Gottshaus,2013,2,220
4495,Hohentannen,2013,2,90
4941,Märstetten,2013,2,366
4506,Sulgen,2013,2,1077
4946,Weinfelden,2013,2,1928
4951,Wigoltingen,2013,2,454
4791,Wuppenau,2013,2,92
4401,Arbon,2013,3,4039
4426,Kesswil,2013,3,132
4436,Romanshorn,2013,3,3576
4446,Sommeri,2013,3,419
4566,Frauenfeld,2013,3,14859
4811,Herdern,2013,3,227
4816,Homburg,2013,3,185
4591,Matzingen,2013,3,502
4841,Pfyn,2013,3,443
4611,Thundorf,2013,3,112
4871,Wagenhausen,2013,3,158
4666,Kemmental,2013,3,243
4691,Münsterlingen,2013,3,2858
4701,Wäldi,2013,3,285
4716,Bettwiesen,2013,3,108
4721,Bichelsee-Balterswil,2013,3,371
4724,Eschlikon,2013,3,837
4726,Fischingen,2013,3,664
4741,Lommis,2013,3,142
4751,Rickenbach,2013,3,661
4711,Affeltrangen,2013,3,496
4891,Berg,2013,3,1136
4946,Weinfelden,2013,3,6928
4951,Wigoltingen,2013,3,328
4511,Zihlschlacht-Sitterdorf,2013,3,813
4401,Arbon,2013,1,40
4411,Egnach,2013,1,377
4431,Roggwil,2013,1,162
4436,Romanshorn,2013,1,56
4451,Uttwil,2013,1,56
4561,Felben-Wellhausen,2013,1,50
4571,Gachnang,2013,1,80
4811,Herdern,2013,1,89
4590,Hüttlingen,2013,1,116
4826,Mammern,2013,1,39
4591,Matzingen,2013,1,65
4831,Müllheim,2013,1,65
4601,Neunforn,2013,1,121
4841,Pfyn,2013,1,111
4641,Altnau,2013,1,117
4651,Gottlieben,2013,1,.
4666,Kemmental,2013,1,234
4846,Raperswilen,2013,1,75
4851,Salenstein,2013,1,53
4696,Tägerwilen,2013,1,147
4701,Wäldi,2013,1,119
4716,Bettwiesen,2013,1,34
4723,Braunau,2013,1,90
4724,Eschlikon,2013,1,40
4746,Münchwilen,2013,1,66
4786,Wilen,2013,1,7
4711,Affeltrangen,2013,1,179
4495,Hohentannen,2013,1,107
4941,Märstetten,2013,1,122
4506,Sulgen,2013,1,113
4791,Wuppenau,2013,1,135
4416,Hefenhofen,2013,2,376
4421,Horn,2013,2,317
4451,Uttwil,2013,2,46
4806,Eschenz,2013,2,198
4566,Frauenfeld,2013,2,4484
4571,Gachnang,2013,2,498
4826,Mammern,2013,2,13
4591,Matzingen,2013,2,486
4841,Pfyn,2013,2,203
4546,Schlatt,2013,2,193
4641,Altnau,2013,2,198
4643,Bottighofen,2013,2,51
4666,Kemmental,2013,2,277
4681,Langrickenbach,2013,2,57
4691,Münsterlingen,2013,2,34
4696,Tägerwilen,2013,2,656
4723,Braunau,2013,2,40
4726,Fischingen,2013,2,496
4781,Wängi,2013,2,713
4911,Bürglen,2013,2,470
4921,Bussnang,2013,2,1890
4511,Zihlschlacht-Sitterdorf,2013,2,256
4461,Amriswil,2013,3,3739
4411,Egnach,2013,3,988
4441,Salmsach,2013,3,150
4536,Basadingen-Schlattingen,2013,3,200
4545,Diessenhofen,2013,3,1051
4806,Eschenz,2013,3,299
4561,Felben-Wellhausen,2013,3,339
4571,Gachnang,2013,3,742
4590,Hüttlingen,2013,3,71
4826,Mammern,2013,3,389
4831,Müllheim,2013,3,653
4601,Neunforn,2013,3,116
4546,Schlatt,2013,3,201
4606,Stettfurt,2013,3,137
4616,Uesslingen-Buch,2013,3,167
4621,Warth-Weiningen,2013,3,359
4641,Altnau,2013,3,435
4643,Bottighofen,2013,3,670
4651,Gottlieben,2013,3,133
4656,Güttingen,2013,3,296
4846,Raperswilen,2013,3,59
4851,Salenstein,2013,3,340
4696,Tägerwilen,2013,3,2005
4551,Aadorf,2013,3,1847
4746,Münchwilen,2013,3,1580
4776,Tobel-Tägerschen,2013,3,317
4901,Birwinken,2013,3,120
4921,Bussnang,2013,3,318
4476,Erlen,2013,3,509
4495,Hohentannen,2013,3,55
4501,Kradolf-Schönenberg,2013,3,524
4941,Märstetten,2013,3,567
4506,Sulgen,2013,3,911
4791,Wuppenau,2013,3,147
4416,Hefenhofen,2013,1,77
4446,Sommeri,2013,1,50
4536,Basadingen-Schlattingen,2013,1,260
4806,Eschenz,2013,1,87
4566,Frauenfeld,2013,1,143
4821,Hüttwilen,2013,1,159
4546,Schlatt,2013,1,85
4606,Stettfurt,2013,1,137
4621,Warth-Weiningen,2013,1,71
4643,Bottighofen,2013,1,6
4671,Kreuzlingen,2013,1,39
4681,Langrickenbach,2013,1,190
4551,Aadorf,2013,1,126
4721,Bichelsee-Balterswil,2013,1,89
4761,Sirnach,2013,1,104
4776,Tobel-Tägerschen,2013,1,60
4781,Wängi,2013,1,206
4881,Amlikon-Bissegg,2013,1,154
4901,Birwinken,2013,1,182
4471,Bischofszell,2013,1,94
4921,Bussnang,2013,1,280
4486,Hauptwil-Gottshaus,2013,1,164
4501,Kradolf-Schönenberg,2013,1,105
4756,Schönholzerswilen,2013,1,156
4951,Wigoltingen,2013,1,230
4461,Amriswil,2013,2,2077
4401,Arbon,2013,2,1830
4431,Roggwil,2013,2,643
4436,Romanshorn,2013,2,1965
4441,Salmsach,2013,2,85
4446,Sommeri,2013,2,88
4536,Basadingen-Schlattingen,2013,2,256
4811,Herdern,2013,2,34
4816,Homburg,2013,2,316
4590,Hüttlingen,2013,2,58
4606,Stettfurt,2013,2,60
4621,Warth-Weiningen,2013,2,140
4646,Ermatingen,2013,2,308
4683,Lengwil,2013,2,173
4846,Raperswilen,2013,2,45
4721,Bichelsee-Balterswil,2013,2,543
4776,Tobel-Tägerschen,2013,2,176
4711,Affeltrangen,2013,2,543
4881,Amlikon-Bissegg,2013,2,145
4891,Berg,2013,2,358
4901,Birwinken,2013,2,71
4476,Erlen,2013,2,650
4501,Kradolf-Schönenberg,2013,2,461
4756,Schönholzerswilen,2013,2,39
4406,Dozwil,2013,3,102
4416,Hefenhofen,2013,3,149
4421,Horn,2013,3,834
4431,Roggwil,2013,3,589
4451,Uttwil,2013,3,257
4801,Berlingen,2013,3,297
4821,Hüttwilen,2013,3,412
4864,Steckborn,2013,3,964
4646,Ermatingen,2013,3,838
4671,Kreuzlingen,2013,3,8745
4681,Langrickenbach,2013,3,118
4683,Lengwil,2013,3,604
4723,Braunau,2013,3,54
4761,Sirnach,2013,3,2147
4781,Wängi,2013,3,826
4786,Wilen,2013,3,376
4881,Amlikon-Bissegg,2013,3,212
4471,Bischofszell,2013,3,1415
4911,Bürglen,2013,3,831
4486,Hauptwil-Gottshaus,2013,3,298
4756,Schönholzerswilen,2013,3,105
4401,Arbon,2012,1,37
4446,Sommeri,2012,1,46
4801,Berlingen,2012,1,26
4545,Diessenhofen,2012,1,64
4806,Eschenz,2012,1,93
4816,Homburg,2012,1,262
4821,Hüttwilen,2012,1,157
4601,Neunforn,2012,1,122
4841,Pfyn,2012,1,114
4864,Steckborn,2012,1,38
4646,Ermatingen,2012,1,74
4696,Tägerwilen,2012,1,152
4551,Aadorf,2012,1,120
4716,Bettwiesen,2012,1,42
4726,Fischingen,2012,1,238
4746,Münchwilen,2012,1,65
4781,Wängi,2012,1,216
4786,Wilen,2012,1,10
4891,Berg,2012,1,186
4911,Bürglen,2012,1,118
4921,Bussnang,2012,1,233
4506,Sulgen,2012,1,109
4946,Weinfelden,2012,1,136
4951,Wigoltingen,2012,1,217
4461,Amriswil,2012,2,2151
4441,Salmsach,2012,2,85
4446,Sommeri,2012,2,94
4451,Uttwil,2012,2,53
4561,Felben-Wellhausen,2012,2,744
4566,Frauenfeld,2012,2,4304
4590,Hüttlingen,2012,2,45
4821,Hüttwilen,2012,2,212
4826,Mammern,2012,2,14
4601,Neunforn,2012,2,116
4841,Pfyn,2012,2,196
4546,Schlatt,2012,2,202
4606,Stettfurt,2012,2,57
4646,Ermatingen,2012,2,296
4656,Güttingen,2012,2,183
4666,Kemmental,2012,2,274
4671,Kreuzlingen,2012,2,2774
4851,Salenstein,2012,2,64
4551,Aadorf,2012,2,1641
4741,Lommis,2012,2,194
4746,Münchwilen,2012,2,777
4786,Wilen,2012,2,71
4881,Amlikon-Bissegg,2012,2,139
4921,Bussnang,2012,2,1859
4486,Hauptwil-Gottshaus,2012,2,206
4951,Wigoltingen,2012,2,432
4401,Arbon,2012,3,4108
4406,Dozwil,2012,3,104
4411,Egnach,2012,3,962
4451,Uttwil,2012,3,250
4561,Felben-Wellhausen,2012,3,366
4590,Hüttlingen,2012,3,63
4591,Matzingen,2012,3,504
4831,Müllheim,2012,3,681
4641,Altnau,2012,3,405
4691,Münsterlingen,2012,3,2686
4551,Aadorf,2012,3,1828
4726,Fischingen,2012,3,673
4746,Münchwilen,2012,3,1615
4751,Rickenbach,2012,3,667
4761,Sirnach,2012,3,1994
4781,Wängi,2012,3,783
4901,Birwinken,2012,3,124
4911,Bürglen,2012,3,799
4495,Hohentannen,2012,3,55
4946,Weinfelden,2012,3,6820
4951,Wigoltingen,2012,3,305
4406,Dozwil,2012,1,22
4426,Kesswil,2012,1,134
4431,Roggwil,2012,1,168
4436,Romanshorn,2012,1,70
4536,Basadingen-Schlattingen,2012,1,228
4571,Gachnang,2012,1,91
4590,Hüttlingen,2012,1,117
4591,Matzingen,2012,1,64
4606,Stettfurt,2012,1,129
4616,Uesslingen-Buch,2012,1,174
4651,Gottlieben,2012,1,.
4671,Kreuzlingen,2012,1,51
4681,Langrickenbach,2012,1,155
4683,Lengwil,2012,1,92
4691,Münsterlingen,2012,1,43
4846,Raperswilen,2012,1,68
4851,Salenstein,2012,1,43
4701,Wäldi,2012,1,123
4741,Lommis,2012,1,69
4881,Amlikon-Bissegg,2012,1,155
4901,Birwinken,2012,1,201
4476,Erlen,2012,1,161
4486,Hauptwil-Gottshaus,2012,1,162
4495,Hohentannen,2012,1,97
4501,Kradolf-Schönenberg,2012,1,115
4941,Märstetten,2012,1,132
4791,Wuppenau,2012,1,137
4401,Arbon,2012,2,1852
4406,Dozwil,2012,2,109
4416,Hefenhofen,2012,2,256
4426,Kesswil,2012,2,187
4431,Roggwil,2012,2,635
4436,Romanshorn,2012,2,1973
4536,Basadingen-Schlattingen,2012,2,252
4801,Berlingen,2012,2,40
4571,Gachnang,2012,2,490
4611,Thundorf,2012,2,152
4616,Uesslingen-Buch,2012,2,78
4643,Bottighofen,2012,2,54
4681,Langrickenbach,2012,2,48
4683,Lengwil,2012,2,213
4846,Raperswilen,2012,2,40
4701,Wäldi,2012,2,106
4721,Bichelsee-Balterswil,2012,2,571
4723,Braunau,2012,2,40
4726,Fischingen,2012,2,470
4751,Rickenbach,2012,2,293
4711,Affeltrangen,2012,2,539
4891,Berg,2012,2,385
4495,Hohentannen,2012,2,89
4501,Kradolf-Schönenberg,2012,2,458
4756,Schönholzerswilen,2012,2,32
4511,Zihlschlacht-Sitterdorf,2012,2,262
4461,Amriswil,2012,3,3490
4416,Hefenhofen,2012,3,146
4431,Roggwil,2012,3,555
4545,Diessenhofen,2012,3,1021
4806,Eschenz,2012,3,279
4571,Gachnang,2012,3,716
4811,Herdern,2012,3,243
4821,Hüttwilen,2012,3,443
4826,Mammern,2012,3,393
4841,Pfyn,2012,3,478
4546,Schlatt,2012,3,218
4606,Stettfurt,2012,3,126
4616,Uesslingen-Buch,2012,3,176
4643,Bottighofen,2012,3,708
4646,Ermatingen,2012,3,765
4671,Kreuzlingen,2012,3,8659
4681,Langrickenbach,2012,3,110
4683,Lengwil,2012,3,554
4846,Raperswilen,2012,3,48
4851,Salenstein,2012,3,345
4716,Bettwiesen,2012,3,116
4724,Eschlikon,2012,3,844
4776,Tobel-Tägerschen,2012,3,303
4881,Amlikon-Bissegg,2012,3,189
4476,Erlen,2012,3,512
4486,Hauptwil-Gottshaus,2012,3,308
4941,Märstetten,2012,3,588
4791,Wuppenau,2012,3,152
4511,Zihlschlacht-Sitterdorf,2012,3,761
4461,Amriswil,2012,1,239
4411,Egnach,2012,1,383
4416,Hefenhofen,2012,1,85
4421,Horn,2012,1,9
4441,Salmsach,2012,1,77
4451,Uttwil,2012,1,58
4561,Felben-Wellhausen,2012,1,60
4566,Frauenfeld,2012,1,153
4811,Herdern,2012,1,93
4826,Mammern,2012,1,42
4831,Müllheim,2012,1,60
4546,Schlatt,2012,1,93
4611,Thundorf,2012,1,152
4871,Wagenhausen,2012,1,90
4621,Warth-Weiningen,2012,1,95
4641,Altnau,2012,1,114
4643,Bottighofen,2012,1,9
4656,Güttingen,2012,1,112
4666,Kemmental,2012,1,235
4721,Bichelsee-Balterswil,2012,1,93
4723,Braunau,2012,1,90
4724,Eschlikon,2012,1,46
4751,Rickenbach,2012,1,7
4761,Sirnach,2012,1,108
4776,Tobel-Tägerschen,2012,1,58
4711,Affeltrangen,2012,1,185
4471,Bischofszell,2012,1,91
4756,Schönholzerswilen,2012,1,154
4511,Zihlschlacht-Sitterdorf,2012,1,128
4411,Egnach,2012,2,624
4421,Horn,2012,2,353
4545,Diessenhofen,2012,2,702
4806,Eschenz,2012,2,182
4811,Herdern,2012,2,31
4816,Homburg,2012,2,304
4591,Matzingen,2012,2,465
4831,Müllheim,2012,2,384
4864,Steckborn,2012,2,440
4871,Wagenhausen,2012,2,137
4621,Warth-Weiningen,2012,2,142
4641,Altnau,2012,2,235
4651,Gottlieben,2012,2,42
4691,Münsterlingen,2012,2,40
4696,Tägerwilen,2012,2,634
4716,Bettwiesen,2012,2,124
4724,Eschlikon,2012,2,706
4761,Sirnach,2012,2,979
4776,Tobel-Tägerschen,2012,2,195
4781,Wängi,2012,2,708
4901,Birwinken,2012,2,119
4471,Bischofszell,2012,2,1550
4911,Bürglen,2012,2,481
4476,Erlen,2012,2,595
4941,Märstetten,2012,2,363
4506,Sulgen,2012,2,1079
4946,Weinfelden,2012,2,1966
4791,Wuppenau,2012,2,107
4421,Horn,2012,3,846
4426,Kesswil,2012,3,159
4436,Romanshorn,2012,3,3604
4441,Salmsach,2012,3,156
4446,Sommeri,2012,3,417
4536,Basadingen-Schlattingen,2012,3,210
4801,Berlingen,2012,3,301
4566,Frauenfeld,2012,3,14573
4816,Homburg,2012,3,201
4601,Neunforn,2012,3,109
4864,Steckborn,2012,3,957
4611,Thundorf,2012,3,106
4871,Wagenhausen,2012,3,155
4621,Warth-Weiningen,2012,3,345
4651,Gottlieben,2012,3,135
4656,Güttingen,2012,3,277
4666,Kemmental,2012,3,254
4696,Tägerwilen,2012,3,1817
4701,Wäldi,2012,3,308
4721,Bichelsee-Balterswil,2012,3,382
4723,Braunau,2012,3,66
4741,Lommis,2012,3,143
4786,Wilen,2012,3,383
4711,Affeltrangen,2012,3,451
4891,Berg,2012,3,1224
4471,Bischofszell,2012,3,1397
4921,Bussnang,2012,3,311
4501,Kradolf-Schönenberg,2012,3,458
4756,Schönholzerswilen,2012,3,104
4506,Sulgen,2012,3,919
4416,Hefenhofen,2011,1,87
4436,Romanshorn,2011,1,91
4801,Berlingen,2011,1,22
4591,Matzingen,2011,1,72
4831,Müllheim,2011,1,53
4841,Pfyn,2011,1,117
4643,Bottighofen,2011,1,8
4671,Kreuzlingen,2011,1,51
4691,Münsterlingen,2011,1,42
4846,Raperswilen,2011,1,71
4696,Tägerwilen,2011,1,144
4701,Wäldi,2011,1,119
4721,Bichelsee-Balterswil,2011,1,94
4761,Sirnach,2011,1,100
4781,Wängi,2011,1,230
4921,Bussnang,2011,1,230
4476,Erlen,2011,1,172
4495,Hohentannen,2011,1,108
4941,Märstetten,2011,1,124
4506,Sulgen,2011,1,121
4461,Amriswil,2011,2,2138
4406,Dozwil,2011,2,105
4426,Kesswil,2011,2,168
4446,Sommeri,2011,2,82
4801,Berlingen,2011,2,38
4545,Diessenhofen,2011,2,719
4566,Frauenfeld,2011,2,4327
4590,Hüttlingen,2011,2,43
4831,Müllheim,2011,2,366
4871,Wagenhausen,2011,2,133
4641,Altnau,2011,2,212
4643,Bottighofen,2011,2,68
4681,Langrickenbach,2011,2,48
4691,Münsterlingen,2011,2,38
4846,Raperswilen,2011,2,37
4851,Salenstein,2011,2,59
4696,Tägerwilen,2011,2,661
4724,Eschlikon,2011,2,711
4741,Lommis,2011,2,191
4761,Sirnach,2011,2,981
4711,Affeltrangen,2011,2,530
4881,Amlikon-Bissegg,2011,2,125
4891,Berg,2011,2,376
4476,Erlen,2011,2,595
4401,Arbon,2011,3,3945
4406,Dozwil,2011,3,94
4411,Egnach,2011,3,931
4426,Kesswil,2011,3,157
4431,Roggwil,2011,3,544
4536,Basadingen-Schlattingen,2011,3,201
4571,Gachnang,2011,3,623
4590,Hüttlingen,2011,3,66
4831,Müllheim,2011,3,644
4546,Schlatt,2011,3,229
4606,Stettfurt,2011,3,122
4616,Uesslingen-Buch,2011,3,175
4641,Altnau,2011,3,402
4646,Ermatingen,2011,3,763
4656,Güttingen,2011,3,241
4846,Raperswilen,2011,3,49
4851,Salenstein,2011,3,346
4696,Tägerwilen,2011,3,1682
4551,Aadorf,2011,3,1802
4741,Lommis,2011,3,136
4751,Rickenbach,2011,3,675
4776,Tobel-Tägerschen,2011,3,309
4711,Affeltrangen,2011,3,410
4891,Berg,2011,3,1178
4471,Bischofszell,2011,3,1445
4921,Bussnang,2011,3,301
4486,Hauptwil-Gottshaus,2011,3,242
4506,Sulgen,2011,3,902
4401,Arbon,2011,1,38
4411,Egnach,2011,1,373
4426,Kesswil,2011,1,133
4536,Basadingen-Schlattingen,2011,1,281
4806,Eschenz,2011,1,88
4571,Gachnang,2011,1,90
4816,Homburg,2011,1,262
4590,Hüttlingen,2011,1,119
4821,Hüttwilen,2011,1,168
4601,Neunforn,2011,1,127
4611,Thundorf,2011,1,156
4616,Uesslingen-Buch,2011,1,174
4621,Warth-Weiningen,2011,1,75
4641,Altnau,2011,1,105
4651,Gottlieben,2011,1,.
4683,Lengwil,2011,1,92
4723,Braunau,2011,1,94
4724,Eschlikon,2011,1,46
4726,Fischingen,2011,1,238
4741,Lommis,2011,1,74
4746,Münchwilen,2011,1,66
4751,Rickenbach,2011,1,7
4776,Tobel-Tägerschen,2011,1,58
4711,Affeltrangen,2011,1,175
4891,Berg,2011,1,189
4951,Wigoltingen,2011,1,219
4411,Egnach,2011,2,611
4421,Horn,2011,2,369
4431,Roggwil,2011,2,632
4436,Romanshorn,2011,2,2022
4441,Salmsach,2011,2,96
4451,Uttwil,2011,2,53
4806,Eschenz,2011,2,183
4811,Herdern,2011,2,39
4826,Mammern,2011,2,17
4651,Gottlieben,2011,2,37
4701,Wäldi,2011,2,102
4716,Bettwiesen,2011,2,121
4746,Münchwilen,2011,2,1049
4751,Rickenbach,2011,2,273
4776,Tobel-Tägerschen,2011,2,202
4471,Bischofszell,2011,2,1556
4911,Bürglen,2011,2,486
4921,Bussnang,2011,2,1692
4501,Kradolf-Schönenberg,2011,2,431
4756,Schönholzerswilen,2011,2,32
4506,Sulgen,2011,2,1044
4951,Wigoltingen,2011,2,405
4791,Wuppenau,2011,2,108
4461,Amriswil,2011,3,3525
4441,Salmsach,2011,3,143
4446,Sommeri,2011,3,364
4801,Berlingen,2011,3,332
4806,Eschenz,2011,3,267
4566,Frauenfeld,2011,3,14458
4811,Herdern,2011,3,229
4816,Homburg,2011,3,201
4821,Hüttwilen,2011,3,442
4826,Mammern,2011,3,384
4841,Pfyn,2011,3,444
4871,Wagenhausen,2011,3,171
4621,Warth-Weiningen,2011,3,323
4651,Gottlieben,2011,3,130
4681,Langrickenbach,2011,3,117
4683,Lengwil,2011,3,526
4691,Münsterlingen,2011,3,2584
4701,Wäldi,2011,3,295
4721,Bichelsee-Balterswil,2011,3,366
4723,Braunau,2011,3,83
4726,Fischingen,2011,3,662
4746,Münchwilen,2011,3,1317
4781,Wängi,2011,3,781
4786,Wilen,2011,3,350
4881,Amlikon-Bissegg,2011,3,181
4911,Bürglen,2011,3,714
4501,Kradolf-Schönenberg,2011,3,464
4791,Wuppenau,2011,3,155
4461,Amriswil,2011,1,244
4406,Dozwil,2011,1,21
4421,Horn,2011,1,8
4431,Roggwil,2011,1,169
4441,Salmsach,2011,1,74
4446,Sommeri,2011,1,50
4451,Uttwil,2011,1,56
4545,Diessenhofen,2011,1,48
4561,Felben-Wellhausen,2011,1,55
4566,Frauenfeld,2011,1,150
4811,Herdern,2011,1,92
4826,Mammern,2011,1,62
4546,Schlatt,2011,1,91
4864,Steckborn,2011,1,41
4606,Stettfurt,2011,1,132
4871,Wagenhausen,2011,1,98
4646,Ermatingen,2011,1,66
4656,Güttingen,2011,1,110
4666,Kemmental,2011,1,252
4681,Langrickenbach,2011,1,165
4851,Salenstein,2011,1,45
4551,Aadorf,2011,1,121
4716,Bettwiesen,2011,1,41
4786,Wilen,2011,1,10
4881,Amlikon-Bissegg,2011,1,151
4901,Birwinken,2011,1,180
4471,Bischofszell,2011,1,94
4911,Bürglen,2011,1,132
4486,Hauptwil-Gottshaus,2011,1,156
4501,Kradolf-Schönenberg,2011,1,121
4756,Schönholzerswilen,2011,1,156
4946,Weinfelden,2011,1,145
4791,Wuppenau,2011,1,142
4511,Zihlschlacht-Sitterdorf,2011,1,115
4401,Arbon,2011,2,2141
4416,Hefenhofen,2011,2,251
4536,Basadingen-Schlattingen,2011,2,259
4561,Felben-Wellhausen,2011,2,753
4571,Gachnang,2011,2,464
4816,Homburg,2011,2,293
4821,Hüttwilen,2011,2,208
4591,Matzingen,2011,2,474
4601,Neunforn,2011,2,129
4841,Pfyn,2011,2,191
4546,Schlatt,2011,2,182
4864,Steckborn,2011,2,454
4606,Stettfurt,2011,2,59
4611,Thundorf,2011,2,153
4616,Uesslingen-Buch,2011,2,91
4621,Warth-Weiningen,2011,2,131
4646,Ermatingen,2011,2,266
4656,Güttingen,2011,2,189
4666,Kemmental,2011,2,250
4671,Kreuzlingen,2011,2,2926
4683,Lengwil,2011,2,204
4551,Aadorf,2011,2,1567
4721,Bichelsee-Balterswil,2011,2,606
4723,Braunau,2011,2,38
4726,Fischingen,2011,2,441
4781,Wängi,2011,2,685
4786,Wilen,2011,2,86
4901,Birwinken,2011,2,111
4486,Hauptwil-Gottshaus,2011,2,219
4495,Hohentannen,2011,2,74
4941,Märstetten,2011,2,354
4946,Weinfelden,2011,2,1981
4511,Zihlschlacht-Sitterdorf,2011,2,285
4416,Hefenhofen,2011,3,129
4421,Horn,2011,3,896
4436,Romanshorn,2011,3,3616
4451,Uttwil,2011,3,266
4545,Diessenhofen,2011,3,961
4561,Felben-Wellhausen,2011,3,379
4591,Matzingen,2011,3,495
4601,Neunforn,2011,3,114
4864,Steckborn,2011,3,967
4611,Thundorf,2011,3,96
4643,Bottighofen,2011,3,671
4666,Kemmental,2011,3,241
4671,Kreuzlingen,2011,3,8587
4716,Bettwiesen,2011,3,124
4724,Eschlikon,2011,3,823
4761,Sirnach,2011,3,1939
4901,Birwinken,2011,3,119
4476,Erlen,2011,3,494
4495,Hohentannen,2011,3,51
4941,Märstetten,2011,3,568
4756,Schönholzerswilen,2011,3,96
4946,Weinfelden,2011,3,6569
4951,Wigoltingen,2011,3,301
4511,Zihlschlacht-Sitterdorf,2011,3,748
