﻿POLITISCHE_GEMEINDE,BFS_NR_GEMEINDE,BEZIRK_NAME,BEZIRK_NR,ORTSCHAFT,EINWOHNER_TOTAL,EINWOHNER_MAENNER,EINWOHNER_FRAUEN,EINWOHNER_0_19,EINWOHNER_20_39,EINWOHNER_40_64,EINWOHNER_65plus,EINWOHNER_SCHWEIZER,EINWOHNER_AUSLAENDER_TOTAL,EINWOHNER_AUSLAENDER_DEUTSCHE,EINWOHNER_EVANG,EINWOHNER_KATH,EINWOHNER_UEBRIGE
Aadorf,4551,Münchwilen,2014,Aadorf,5692,2846,2846,1157,1482,1787,1266,4423,1269,205,1471,1517,2704
Aadorf,4551,Münchwilen,2014,Aawangen,52,24,28,10,16,19,7,x,x,x,25,8,19
Aadorf,4551,Münchwilen,2014,Wittenwil,493,249,244,119,105,181,88,451,42,x,203,87,203
Affeltrangen,4711,Weinfelden,2015,Buch b. Märwil,124,65,59,31,23,39,31,x,x,x,49,41,34
Affeltrangen,4711,Weinfelden,2015,Märwil,1255,644,611,314,303,446,192,985,270,53,417,321,517
Affeltrangen,4711,Weinfelden,2015,Zezikon,216,102,114,38,40,92,46,200,16,9,86,39,91
Amriswil,4461,Arbon,2011,Amriswil,13149,6546,6603,2669,3774,4142,2564,8466,4683,640,2736,3504,6909
Amriswil,4461,Arbon,2011,Oberaach,1026,528,498,246,312,327,141,737,289,72,284,234,508
Basadingen-Schlattingen,4536,Frauenfeld,2012,Unterstammheim,x,x,x,x,x,x,x,x,x,x,x,x,x
Berg,4891,Weinfelden,2015,Graltshausen,103,55,48,17,25,42,19,95,8,x,47,22,34
Berg,4891,Weinfelden,2015,Guntershausen b. Berg,180,95,85,22,42,67,49,165,15,7,70,22,88
Bichelsee-Balterswil,4721,Münchwilen,2014,Balterswil,1983,1026,957,459,471,718,335,1711,272,84,460,665,858
Birwinken,4901,Weinfelden,2015,Buch b. Kümmertshausen,64,27,37,19,17,18,10,x,x,x,40,x,x
Birwinken,4901,Weinfelden,2015,Klarsreuti,82,39,43,24,17,28,13,76,6,x,30,x,x
Bischofszell,4471,Weinfelden,2015,Bischofszell,5803,2930,2873,1156,1590,1963,1094,4078,1725,291,1370,1776,2657
Bischofszell,4471,Weinfelden,2015,Schweizersholz,302,161,141,73,56,116,57,272,30,7,114,84,104
Bottighofen,4643,Kreuzlingen,2013,Bottighofen,2689,1331,1358,515,498,1029,647,1692,997,745,754,632,1303
Bürglen,4911,Weinfelden,2015,Istighofen,620,332,288,100,183,225,112,433,187,25,165,197,258
Bürglen,4911,Weinfelden,2015,Opfershofen,104,56,48,26,26,32,20,94,10,8,58,11,35
Bussnang,4921,Weinfelden,2015,Bussnang,615,319,296,126,171,188,130,428,187,69,216,133,266
Bussnang,4921,Weinfelden,2015,Märwil,x,x,x,x,x,x,x,x,x,x,x,x,x
Bussnang,4921,Weinfelden,2015,Mettlen,548,288,260,130,142,192,84,455,93,36,165,184,199
Bussnang,4921,Weinfelden,2015,Oberbussnang,113,58,55,23,23,43,24,102,11,x,43,25,45
Bussnang,4921,Weinfelden,2015,Schmidshof,46,25,21,9,12,20,5,40,6,x,16,6,24
Diessenhofen,4545,Frauenfeld,2012,Diessenhofen,3967,2047,1920,754,966,1358,889,2412,1555,275,927,1120,1920
Egnach,4411,Arbon,2011,Neukirch (Egnach),1840,928,912,361,461,635,383,1600,240,75,660,497,683
Erlen,4476,Weinfelden,2015,Buchackern,181,94,87,50,39,65,27,168,13,11,59,39,83
Erlen,4476,Weinfelden,2015,Ennetaach,305,160,145,66,91,102,46,214,91,31,78,75,152
Erlen,4476,Weinfelden,2015,Erlen,1891,986,905,409,500,686,296,1235,656,135,460,507,924
Erlen,4476,Weinfelden,2015,Heldswil,x,x,x,x,x,x,x,x,x,x,x,x,x
Eschlikon,4724,Münchwilen,2014,Sirnach,x,x,x,x,x,x,x,x,x,x,x,x,x
Fischingen,4726,Münchwilen,2014,Schmidrüti (ZH),56,27,29,x,x,19,x,46,10,x,20,x,x
Frauenfeld,4566,Frauenfeld,2012,Frauenfeld,26193,12919,13274,4957,7322,8549,5365,19095,7098,1068,7123,7346,11724
Frauenfeld,4566,Frauenfeld,2012,Gerlikon,580,298,282,123,107,215,135,530,50,19,254,109,217
Gachnang,4571,Frauenfeld,2012,Kefikon,511,257,254,105,127,205,74,409,102,29,163,71,277
Gottlieben,4651,Kreuzlingen,2013,Gottlieben,343,165,178,62,66,147,68,194,149,135,102,84,157
Hauptwil-Gottshaus,4486,Weinfelden,2015,Hauptwil,1280,676,604,264,343,452,221,1112,168,80,334,412,534
Hauptwil-Gottshaus,4486,Weinfelden,2015,St. Pelagiberg,399,189,210,104,96,126,73,365,34,14,79,169,151
Hauptwil-Gottshaus,4486,Weinfelden,2015,Wilen (Gottshaus),289,151,138,74,54,108,53,282,7,x,79,116,94
Hefenhofen,4416,Arbon,2011,Hefenhofen,1304,653,651,263,316,506,219,1105,199,72,410,361,533
Herdern,4811,Frauenfeld,2012,Herdern,680,361,319,129,127,288,136,584,96,x,243,149,288
Herdern,4811,Frauenfeld,2012,Lanzenneunforn,463,231,232,93,100,190,80,391,72,44,129,139,195
Homburg,4816,Frauenfeld,2012,Homburg,881,424,457,196,182,308,195,780,101,49,299,278,304
Horn,4421,Arbon,2011,Horn,3148,1561,1587,494,736,1144,774,2540,608,254,659,1058,1431
Hüttlingen,4590,Frauenfeld,2012,Eschikofen,220,121,99,36,55,86,43,x,x,x,79,38,103
Hüttwilen,4821,Frauenfeld,2012,Hüttwilen,1105,562,543,260,209,434,202,976,129,54,406,258,441
Kemmental,4666,Kreuzlingen,2013,Ellighausen,174,85,89,42,45,70,17,123,51,35,62,36,76
Kesswil,4426,Arbon,2011,Kesswil,1000,482,518,215,182,359,244,825,175,86,383,211,406
Kradolf-Schönenberg,4501,Weinfelden,2015,Schönenberg an der Thur,1483,761,722,322,390,490,281,1063,420,93,445,346,692
Kreuzlingen,4671,Kreuzlingen,2013,Bottighofen,x,x,x,x,x,x,x,x,x,x,x,x,x
Lengwil,4683,Kreuzlingen,2013,Lengwil,584,288,296,131,158,203,92,342,242,132,136,132,316
Lommis,4741,Münchwilen,2014,Lommis,864,449,415,197,206,312,149,712,152,26,200,298,366
Lommis,4741,Münchwilen,2014,Weingarten-Kalthäusern,452,228,224,85,94,182,91,424,28,10,154,115,183
Mammern,4826,Frauenfeld,2012,Eschenz,x,x,x,x,x,x,x,x,x,x,x,x,x
Märstetten,4941,Weinfelden,2015,Ottoberg,608,306,302,122,114,267,105,552,56,37,250,119,239
Matzingen,4591,Frauenfeld,2012,Frauenfeld,85,43,42,20,18,28,19,x,x,x,37,12,36
Müllheim,4831,Frauenfeld,2012,Müllheim Dorf,3315,1681,1634,680,825,1175,635,2695,620,185,1082,710,1523
Neunforn,4601,Frauenfeld,2012,Niederneunforn,430,226,204,82,90,164,94,x,x,x,217,x,x
Pfyn,4841,Frauenfeld,2012,Homburg,x,x,x,x,x,x,x,x,x,x,x,x,x
Pfyn,4841,Frauenfeld,2012,Pfyn,1769,890,879,342,412,701,314,1440,329,88,576,422,771
Roggwil,4431,Arbon,2011,Roggwil,1757,884,873,398,397,621,341,1590,167,58,568,513,676
Romanshorn,4436,Arbon,2011,Romanshorn,11775,5860,5915,2223,3099,3824,2629,7816,3959,924,2354,2947,6474
Salenstein,4851,Kreuzlingen,2013,Mannenbach-Salenstein,240,123,117,30,38,93,79,183,57,39,87,47,106
Salmsach,4441,Arbon,2011,Amriswil,x,x,x,x,x,x,x,x,x,x,x,x,x
Salmsach,4441,Arbon,2011,Egnach,x,x,x,x,x,x,x,x,x,x,x,x,x
Salmsach,4441,Arbon,2011,Salmsach,1621,844,777,348,440,550,283,1111,510,104,375,394,852
Schönholzerswilen,4756,Weinfelden,2015,Schönholzerswilen,867,455,412,219,205,320,123,779,88,45,359,281,227
Sirnach,4761,Münchwilen,2014,Littenheid,100,51,49,6,33,45,16,53,47,16,15,22,63
Sirnach,4761,Münchwilen,2014,Wiezikon b. Sirnach,604,310,294,133,126,215,130,573,31,13,143,194,267
Steckborn,4864,Frauenfeld,2012,Steckborn,4021,2012,2009,686,774,1483,1078,2901,1120,494,1143,1016,1862
Sulgen,4506,Weinfelden,2015,Götighofen,174,85,89,38,29,67,40,166,8,6,83,39,52
Sulgen,4506,Weinfelden,2015,Kradolf,x,x,x,x,x,x,x,x,x,x,x,x,x
Sulgen,4506,Weinfelden,2015,Sulgen,3639,1819,1820,719,1005,1197,718,2483,1156,206,942,933,1764
Thundorf,4611,Frauenfeld,2012,Thundorf,1363,699,664,305,362,447,249,1214,149,47,592,309,462
Tobel-Tägerschen,4776,Münchwilen,2014,Tobel,1021,518,503,196,311,308,206,807,214,43,270,327,424
Uttwil,4451,Arbon,2011,Romanshorn,x,x,x,x,x,x,x,x,x,x,x,x,x
Uttwil,4451,Arbon,2011,Uttwil,1909,960,949,347,374,738,450,1536,373,183,594,482,833
Wagenhausen,4871,Frauenfeld,2012,Etzwilen,257,123,134,42,63,105,47,198,59,x,75,41,141
Wagenhausen,4871,Frauenfeld,2012,Wagenhausen,724,366,358,133,169,251,171,510,214,92,225,121,378
Wäldi,4701,Kreuzlingen,2013,Engwilen,250,127,123,60,56,94,40,189,61,37,83,53,114
Wäldi,4701,Kreuzlingen,2013,Lipperswil,139,76,63,21,34,49,35,116,23,6,39,29,71
Weinfelden,4946,Weinfelden,2015,Bürglen,x,x,x,x,x,x,x,x,x,x,x,x,x
Wigoltingen,4951,Weinfelden,2015,Engwilen,x,x,x,x,x,x,x,x,x,x,x,x,x
Wigoltingen,4951,Weinfelden,2015,Märstetten,42,22,20,6,13,16,7,x,x,x,20,8,14
Wigoltingen,4951,Weinfelden,2015,Wigoltingen,1539,772,767,361,331,564,283,1271,268,64,570,366,603
Wilen,4786,Münchwilen,2014,Wilen b. Wil,2477,1224,1253,576,524,913,464,2129,348,86,503,1081,893
Zihlschlacht-Sitterdorf,4511,Weinfelden,2015,Zihlschlacht,1422,764,658,339,343,535,205,1228,194,75,564,345,513
Affeltrangen,4711,Weinfelden,2015,Affeltrangen,1126,609,517,254,321,370,181,863,263,34,355,330,441
Affeltrangen,4711,Weinfelden,2015,Tobel,38,18,20,10,7,12,9,x,x,x,6,22,10
Amlikon-Bissegg,4881,Weinfelden,2015,Bonau,x,x,x,x,x,x,x,x,x,x,x,x,x
Amriswil,4461,Arbon,2011,Biessenhofen,142,74,68,31,37,52,22,x,x,x,51,51,40
Amriswil,4461,Arbon,2011,Hagenwil b. Amriswil,123,60,63,30,32,43,18,x,x,x,12,91,20
Arbon,4401,Arbon,2011,Stachen,1012,507,505,217,247,368,180,768,244,72,242,316,454
Basadingen-Schlattingen,4536,Frauenfeld,2012,Basadingen,1108,553,555,205,248,433,222,913,195,78,364,250,494
Bichelsee-Balterswil,4721,Münchwilen,2014,Bichelsee,1030,539,491,197,230,371,232,925,105,49,308,283,439
Birwinken,4901,Weinfelden,2015,Andwil,524,273,251,112,133,188,91,467,57,21,248,81,195
Birwinken,4901,Weinfelden,2015,Birwinken,192,97,95,35,43,71,43,x,x,x,88,31,73
Birwinken,4901,Weinfelden,2015,Mattwil,370,186,184,75,75,145,75,274,96,48,117,72,181
Braunau,4723,Münchwilen,2014,Braunau,897,451,446,183,260,323,131,797,100,46,272,266,359
Bürglen,4911,Weinfelden,2015,Bürglen,3092,1585,1507,560,965,1008,559,2005,1087,225,704,718,1670
Bussnang,4921,Weinfelden,2015,Friltschen,316,167,149,85,87,104,40,294,22,13,152,51,113
Diessenhofen,4545,Frauenfeld,2012,Willisdorf,136,67,69,27,19,50,40,117,19,13,61,25,50
Dozwil,4406,Arbon,2011,Dozwil,725,374,351,170,133,259,163,585,140,39,168,166,391
Egnach,4411,Arbon,2011,Egnach,2219,1109,1110,476,510,821,412,1802,417,130,741,570,908
Erlen,4476,Weinfelden,2015,Engishofen,196,98,98,39,59,64,34,173,23,14,111,30,55
Erlen,4476,Weinfelden,2015,Kümmertshausen,278,141,137,64,48,101,65,232,46,27,127,41,110
Ermatingen,4646,Kreuzlingen,2013,Ermatingen,3304,1642,1662,587,612,1286,819,2206,1098,730,1032,760,1512
Eschenz,4806,Frauenfeld,2012,Eschenz,1914,971,943,365,379,712,458,1541,373,141,564,552,798
Eschlikon,4724,Münchwilen,2014,Eschlikon,3488,1746,1742,679,931,1158,720,2927,561,118,971,1043,1474
Eschlikon,4724,Münchwilen,2014,Wallenwil,1381,718,663,317,350,474,240,1219,162,42,415,378,588
Felben-Wellhausen,4561,Frauenfeld,2012,Felben-Wellhausen,3213,1648,1565,662,802,1120,629,2540,673,131,993,850,1370
Felben-Wellhausen,4561,Frauenfeld,2012,Frauenfeld,x,x,x,x,x,x,x,x,x,x,x,x,x
Fischingen,4726,Münchwilen,2014,Dussnang,1390,712,678,297,296,491,306,1254,136,53,358,502,530
Fischingen,4726,Münchwilen,2014,Oberwangen,822,418,404,195,177,306,144,746,76,28,224,332,266
Fischingen,4726,Münchwilen,2014,Sternenberg (ZH),17,7,10,x,x,9,x,x,x,x,9,x,x
Gachnang,4571,Frauenfeld,2012,Islikon,1437,722,715,291,365,486,295,1114,323,58,482,359,596
Güttingen,4656,Kreuzlingen,2013,Güttingen,1775,913,862,367,365,671,372,1376,399,252,548,452,775
Herdern,4811,Frauenfeld,2012,Weiningen,x,x,x,x,x,x,x,x,x,x,x,x,x
Hohentannen,4495,Weinfelden,2015,Heldswil,273,140,133,56,65,107,45,240,33,11,106,67,100
Hüttlingen,4590,Frauenfeld,2012,Hüttlingen,277,145,132,65,73,93,46,238,39,8,125,46,106
Hüttwilen,4821,Frauenfeld,2012,Nussbaumen,534,266,268,123,96,193,122,488,46,27,261,77,196
Hüttwilen,4821,Frauenfeld,2012,Uerschhausen,119,67,52,28,29,38,24,103,16,4,55,22,42
Kemmental,4666,Kreuzlingen,2013,Altishausen,289,151,138,76,75,106,32,214,75,38,97,66,126
Kemmental,4666,Kreuzlingen,2013,Dotnacht,306,154,152,54,70,115,67,268,38,21,129,43,134
Kemmental,4666,Kreuzlingen,2013,Hugelshofen,456,239,217,109,128,152,67,397,59,32,202,71,183
Kemmental,4666,Kreuzlingen,2013,Neuwilen,576,296,280,124,132,228,92,445,131,78,214,125,237
Kradolf-Schönenberg,4501,Weinfelden,2015,Buhwil,321,157,164,71,55,137,58,307,14,7,125,56,140
Kreuzlingen,4671,Kreuzlingen,2013,Kreuzlingen,67,35,32,10,18,30,9,43,24,18,13,23,31
Langrickenbach,4681,Kreuzlingen,2013,Herrenhof,260,125,135,71,62,94,33,174,86,56,97,61,102
Langrickenbach,4681,Kreuzlingen,2013,Zuben,381,200,181,98,99,128,56,304,77,52,125,102,154
Münchwilen,4746,Münchwilen,2014,Eschlikon,96,49,47,26,21,37,12,x,x,x,42,23,31
Münsterlingen,4691,Kreuzlingen,2013,Landschlacht,1545,760,785,291,311,595,348,1035,510,302,459,440,646
Münsterlingen,4691,Kreuzlingen,2013,Scherzingen,1941,964,977,382,443,737,379,1116,825,465,473,498,970
Neunforn,4601,Frauenfeld,2012,Wilen b. Neunforn,53,29,24,17,12,13,11,x,x,x,33,x,x
Rickenbach,4751,Münchwilen,2014,Rickenbach b. Will,3040,1542,1498,621,919,976,524,1832,1208,138,361,979,1700
Roggwil,4431,Arbon,2011,Neukirch (Egnach),44,22,22,14,7,15,8,x,x,x,11,8,25
Salenstein,4851,Kreuzlingen,2013,Salenstein,534,261,273,100,67,240,127,392,142,124,192,109,233
Schlatt,4546,Frauenfeld,2012,Schlatt,1872,948,924,370,405,750,347,1597,275,109,825,268,779
Sommeri,4446,Arbon,2011,Sommeri,669,339,330,148,192,198,131,548,121,51,164,262,243
Stettfurt,4606,Frauenfeld,2012,Matzingen,x,x,x,x,x,x,x,x,x,x,x,x,x
Sulgen,4506,Weinfelden,2015,Donzhausen,305,156,149,80,63,114,48,278,27,8,142,72,91
Thundorf,4611,Frauenfeld,2012,Frauenfeld,43,22,21,17,x,14,x,x,x,x,x,x,x
Thundorf,4611,Frauenfeld,2012,Lustdorf,195,98,97,40,48,65,42,177,18,9,117,24,54
Thundorf,4611,Frauenfeld,2012,Wetzikon,128,62,66,30,x,45,x,x,x,x,x,x,x
Tobel-Tägerschen,4776,Münchwilen,2014,Tägerschen,693,349,344,164,176,262,91,576,117,30,168,252,273
Wagenhausen,4871,Frauenfeld,2012,Rheinklingen,145,74,71,39,19,55,32,137,8,x,85,7,53
Wäldi,4701,Kreuzlingen,2013,Gunterswilen,87,47,40,19,x,44,x,x,x,x,34,9,44
Wäldi,4701,Kreuzlingen,2013,Raperswilen,x,x,x,x,x,x,x,x,x,x,x,x,x
Wäldi,4701,Kreuzlingen,2013,Wäldi,347,186,161,82,67,139,59,290,57,38,113,74,160
Wängi,4781,Münchwilen,2014,Tuttwil,544,291,253,112,131,210,91,506,38,19,223,153,168
Weinfelden,4946,Weinfelden,2015,Weinfelden,12393,6308,6085,2419,3506,3961,2507,9291,3102,622,3684,3060,5649
Wigoltingen,4951,Weinfelden,2015,Engwang,144,76,68,35,31,54,24,x,x,x,60,17,67
Wigoltingen,4951,Weinfelden,2015,Lamperswil,67,33,34,15,15,25,12,49,18,9,23,12,32
Wigoltingen,4951,Weinfelden,2015,Müllheim-Wigoltingen,142,82,60,29,28,61,24,93,49,9,35,50,57
Wigoltingen,4951,Weinfelden,2015,Wagerswil,149,78,71,28,40,49,32,138,11,6,67,21,61
Zihlschlacht-Sitterdorf,4511,Weinfelden,2015,Bischofszell,146,79,67,29,x,54,x,x,x,x,59,43,44
Zihlschlacht-Sitterdorf,4511,Weinfelden,2015,Muolen,27,12,15,9,x,10,x,x,x,x,11,7,9
Zihlschlacht-Sitterdorf,4511,Weinfelden,2015,Sitterdorf,995,503,492,192,285,327,191,771,224,56,259,297,439
Aadorf,4551,Münchwilen,2014,Ettenhausen,1466,739,727,325,319,536,286,1306,160,61,426,468,572
Aadorf,4551,Münchwilen,2014,Guntershausen b. Aadorf,1495,755,740,309,312,577,297,1325,170,58,431,454,610
Aadorf,4551,Münchwilen,2014,Häuslenen,539,280,259,108,135,180,116,x,x,28,182,107,250
Affeltrangen,4711,Weinfelden,2015,Amlikon-Bissegg,106,53,53,16,29,45,16,93,13,x,48,25,33
Altnau,4641,Kreuzlingen,2013,Altnau,2338,1139,1199,501,438,937,462,1815,523,337,714,636,988
Amlikon-Bissegg,4881,Weinfelden,2015,Amlikon-Bissegg,1399,722,677,290,323,493,293,1238,161,60,530,292,577
Amriswil,4461,Arbon,2011,Schocherswil,385,190,195,75,83,130,97,348,37,12,169,74,142
Arbon,4401,Arbon,2011,Arbon,13840,6918,6922,2553,3449,4836,3002,8560,5280,1123,2439,3609,7792
Arbon,4401,Arbon,2011,Frasnacht,1355,704,651,316,243,539,257,1060,295,79,317,391,647
Basadingen-Schlattingen,4536,Frauenfeld,2012,Schlattingen,775,412,363,147,177,305,146,626,149,33,290,117,368
Berg,4891,Weinfelden,2015,Andhausen,208,107,101,54,55,74,25,184,24,11,99,44,65
Berg,4891,Weinfelden,2015,Berg,2498,1238,1260,579,527,890,502,2098,400,197,1008,659,831
Berg,4891,Weinfelden,2015,Mauren,534,305,229,105,159,194,76,447,87,29,266,90,178
Berg,4891,Weinfelden,2015,Opfershofen,10,x,x,x,x,x,x,x,x,x,x,x,x
Berg,4891,Weinfelden,2015,Weinfelden,24,x,x,x,x,x,x,x,x,x,x,x,x
Berlingen,4801,Frauenfeld,2012,Berlingen,955,479,476,152,160,341,302,685,270,196,360,189,406
Bettwiesen,4716,Münchwilen,2014,Bettwiesen,1330,692,638,268,412,447,203,1030,300,55,258,494,578
Birwinken,4901,Weinfelden,2015,Happerswil,188,97,91,49,45,64,30,166,22,18,87,16,85
Bischofszell,4471,Weinfelden,2015,Halden,260,140,120,56,66,90,48,227,33,28,67,83,110
Bürglen,4911,Weinfelden,2015,Leimbach,325,167,158,72,78,111,64,287,38,22,114,51,160
Bussnang,4921,Weinfelden,2015,Bürglen,28,18,10,x,8,11,x,x,x,x,x,19,x
Bussnang,4921,Weinfelden,2015,Lanterswil,102,53,49,19,30,36,17,90,12,9,28,23,51
Bussnang,4921,Weinfelden,2015,Oppikon,164,88,76,42,41,50,31,141,23,6,60,56,48
Bussnang,4921,Weinfelden,2015,Rothenhausen,556,293,263,108,152,223,73,451,105,40,213,105,238
Bussnang,4921,Weinfelden,2015,Stehrenberg,104,55,49,34,33,28,9,x,x,x,40,46,18
Diessenhofen,4545,Frauenfeld,2012,Schlatt,x,x,x,x,x,x,x,x,x,x,x,x,x
Egnach,4411,Arbon,2011,Steinebrunn,681,356,325,154,151,270,106,577,104,36,237,193,251
Egnach,4411,Arbon,2011,Winden,394,201,193,106,100,133,55,355,39,11,170,82,142
Erlen,4476,Weinfelden,2015,Riedt b. Erlen,1093,551,542,299,296,362,136,794,299,88,276,277,540
Ermatingen,4646,Kreuzlingen,2013,Triboltingen,460,227,233,82,91,207,80,342,118,89,159,98,203
Fischingen,4726,Münchwilen,2014,Au,131,66,65,39,32,44,16,x,x,x,26,76,29
Fischingen,4726,Münchwilen,2014,Fischingen,472,252,220,105,137,153,77,400,72,30,89,215,168
Fischingen,4726,Münchwilen,2014,Wiezikon b. Sirnach,107,57,50,24,25,33,25,95,12,x,29,36,42
Frauenfeld,4566,Frauenfeld,2012,Matzingen,x,x,x,x,x,x,x,x,x,x,x,x,x
Gachnang,4571,Frauenfeld,2012,Frauenfeld,1126,570,556,239,305,396,186,966,160,35,440,246,440
Gachnang,4571,Frauenfeld,2012,Gachnang,1521,759,762,361,307,603,250,1355,166,88,621,344,556
Hauptwil-Gottshaus,4486,Weinfelden,2015,Bischofszell,114,58,56,28,29,35,22,103,11,x,51,20,43
Herdern,4811,Frauenfeld,2012,Hüttwilen,x,x,x,x,x,x,x,x,x,x,x,x,x
Hohentannen,4495,Weinfelden,2015,Hohentannen,380,192,188,88,98,144,50,359,21,14,141,102,137
Homburg,4816,Frauenfeld,2012,Hörhausen,690,347,343,163,132,243,152,625,65,26,262,193,235
Hüttlingen,4590,Frauenfeld,2012,Harenwilen,55,26,29,10,14,19,12,x,x,x,28,17,10
Hüttlingen,4590,Frauenfeld,2012,Mettendorf,351,181,170,79,75,120,77,309,42,14,152,60,139
Hüttwilen,4821,Frauenfeld,2012,Herdern,x,x,x,x,x,x,x,x,x,x,x,x,x
Kemmental,4666,Kreuzlingen,2013,Alterswilen,254,129,125,63,56,92,43,216,38,21,106,49,99
Kemmental,4666,Kreuzlingen,2013,Lippoldswilen,183,92,91,45,41,75,22,139,44,36,82,37,64
Kemmental,4666,Kreuzlingen,2013,Siegershausen,569,283,286,121,128,199,121,426,143,58,223,128,218
Kradolf-Schönenberg,4501,Weinfelden,2015,Kradolf,1585,848,737,307,504,486,288,987,598,104,359,381,845
Kradolf-Schönenberg,4501,Weinfelden,2015,Neukirch an der Thur,479,238,241,102,107,187,83,442,37,33,193,108,178
Langrickenbach,4681,Kreuzlingen,2013,Kümmertshausen,x,x,x,x,x,x,x,x,x,x,x,x,x
Langrickenbach,4681,Kreuzlingen,2013,Langrickenbach,692,345,347,152,173,263,104,589,103,68,270,134,288
Langrickenbach,4681,Kreuzlingen,2013,Schönenbaumgarten,167,82,85,25,34,61,47,141,26,22,50,34,83
Lengwil,4683,Kreuzlingen,2013,Dettighofen (Lengwil),195,96,99,43,39,73,40,154,41,33,85,19,91
Lengwil,4683,Kreuzlingen,2013,Illighausen,411,196,215,76,84,171,80,329,82,64,144,104,163
Lengwil,4683,Kreuzlingen,2013,Oberhofen,596,300,296,152,111,242,91,453,143,97,202,121,273
Mammern,4826,Frauenfeld,2012,Hörhausen,x,x,x,x,x,x,x,x,x,x,x,x,x
Mammern,4826,Frauenfeld,2012,Mammern,696,365,331,135,141,278,142,491,205,93,204,189,303
Märstetten,4941,Weinfelden,2015,Märstetten,2373,1206,1167,489,650,832,402,1880,493,188,803,514,1056
Matzingen,4591,Frauenfeld,2012,Matzingen,3045,1572,1473,651,845,1046,503,x,x,x,738,872,1435
Münchwilen,4746,Münchwilen,2014,Münchwilen,4803,2355,2448,1035,1150,1644,974,3630,1173,183,1037,1637,2129
Münchwilen,4746,Münchwilen,2014,St. Margarethen,1036,537,499,250,211,445,130,x,x,x,242,387,407
Münsterlingen,4691,Kreuzlingen,2013,Münsterlingen,145,83,62,6,69,54,16,51,94,40,29,55,61
Neunforn,4601,Frauenfeld,2012,Oberneunforn,621,327,294,122,143,215,141,567,54,28,309,78,234
Pfyn,4841,Frauenfeld,2012,Dettighofen,477,239,238,91,117,170,99,399,78,18,148,90,239
Raperswilen,4846,Kreuzlingen,2013,Raperswilen,422,212,210,76,101,151,94,368,54,27,195,74,153
Rickenbach,4751,Münchwilen,2014,Schwarzenbach,x,x,x,x,x,x,x,x,x,x,x,x,x
Rickenbach,4751,Münchwilen,2014,Wilen b. Will,x,x,x,x,x,x,x,x,x,x,x,x,x
Roggwil,4431,Arbon,2011,Frasnacht,158,77,81,20,37,68,33,142,16,x,49,51,58
Roggwil,4431,Arbon,2011,Freidorf,1456,739,717,315,379,543,219,1274,182,85,412,491,553
Roggwil,4431,Arbon,2011,Lömmenschwil,x,x,x,x,x,x,x,x,x,x,x,x,x
Roggwil,4431,Arbon,2011,Stachen,x,x,x,x,x,x,x,x,x,x,x,x,x
Salenstein,4851,Kreuzlingen,2013,Fruthwilen,673,328,345,111,139,262,161,465,208,152,196,163,314
Sirnach,4761,Münchwilen,2014,Busswil,881,433,448,178,199,345,159,789,92,20,177,366,338
Sirnach,4761,Münchwilen,2014,Sirnach,6542,3343,3199,1273,1806,2218,1245,4714,1828,237,1096,2222,3224
Stettfurt,4606,Frauenfeld,2012,Stettfurt,1276,636,640,311,250,479,236,1152,124,44,513,293,470
Tägerwilen,4696,Kreuzlingen,2013,Kreuzlingen,23218,11808,11410,4105,6434,8128,4551,9998,13220,7523,4105,5827,13286
Tägerwilen,4696,Kreuzlingen,2013,Tägerwilen,5347,2703,2644,1119,1268,2035,925,3274,2073,1372,1493,1266,2588
Uesslingen-Buch,4616,Frauenfeld,2012,Buch b. Frauenfeld,334,162,172,80,86,110,58,318,16,x,142,78,114
Uesslingen-Buch,4616,Frauenfeld,2012,Uesslingen,804,402,402,167,169,299,169,707,97,x,333,144,327
Wagenhausen,4871,Frauenfeld,2012,Kaltenbach,707,343,364,145,136,288,138,539,168,86,263,122,322
Wäldi,4701,Kreuzlingen,2013,Hattenhausen,68,33,35,19,x,27,x,x,x,x,49,7,12
Wäldi,4701,Kreuzlingen,2013,Hefenhausen,95,45,50,11,20,41,23,72,23,17,35,8,52
Wäldi,4701,Kreuzlingen,2013,Sonterswil,169,87,82,38,43,63,25,119,50,34,60,38,71
Wängi,4781,Münchwilen,2014,Wängi,4477,2241,2236,1007,1044,1592,834,3630,847,171,1197,1525,1755
Warth-Weiningen,4621,Frauenfeld,2012,Warth,734,355,379,154,146,269,165,661,73,21,238,222,274
Warth-Weiningen,4621,Frauenfeld,2012,Weiningen,736,380,356,153,170,258,155,656,80,30,288,127,321
Wigoltingen,4951,Weinfelden,2015,Bonau,303,157,146,72,57,130,44,256,47,14,116,53,134
Wigoltingen,4951,Weinfelden,2015,Illhart,235,122,113,36,44,96,59,184,51,28,82,44,109
Wuppenau,4791,Weinfelden,2015,Hosenruck,477,242,235,108,101,178,90,443,34,9,119,220,138
Wuppenau,4791,Weinfelden,2015,Wuppenau,726,371,355,204,143,253,126,668,58,13,136,354,236
