﻿jahr,sektor,noga,wirtschaftszweig,beschaeftigung_vzae
2022,1,3,Fischerei und Aquakultur,26
2022,2,"06,07,08","Gewinnung von Steinen und Erden, sonstiger Bergbau",119
2022,2,13,Herstellung von Textilien,263
2022,2,14,Herstellung von Bekleidung,95
2022,2,18,"Herstellung von Druckerzeugnissen; Vervielfältigung von bespielten Ton-, Bild- und Datenträgern",296
2022,2,20,Herstellung von chemischen Erzeugnissen,933
2022,2,23,"Herstellung von Glas und Glaswaren, Keramik, Verarbeitung von Steinen und Erden",901
2022,2,25,Herstellung von Metallerzeugnissen,4418
2022,2,28,Maschinenbau,2437
2022,2,29,Herstellung von Automobilen und Automobilteilen,823
2022,2,32,Herstellung von sonstigen Waren,720
2022,2,35,Energieversorgung,518
2022,2,41,Hochbau,2429
2022,2,43,"Vorbereitende Baustellenarbeiten, Bauinstallation und sonstiges Ausbaugewerbe",7360
2022,3,46,Grosshandel (ohne Handel mit Motorfahrzeugen),5758
2022,3,47,Detailhandel (ohne Handel mit Motorfahrzeugen),5643
2022,3,53,"Post-, Kurier- und Expressdienste",1227
2022,3,"59, 60","Herstellung, Verleih und Vertrieb von Filmen und Fernsehprogrammen; Kinos; Tonstudios und Verlegen von Musik; Rundfunkveranstalter",86
2022,3,63,Informationsdienstleistungen,180
2022,3,65,"Versicherungen, Rückversicherungen und Pensionskassen (ohne Sozialversicherung)",130
2022,3,66,Mit Finanz- und Versicherungsdienstleistungen verbundene Tätigkeiten,896
2022,3,68,Grundstücks- und Wohnungswesen,986
2022,3,70,Verwaltung und Führung von Unternehmen und Betrieben; Unternehmensberatung,1693
2022,3,71,"Architektur- und Ingenieurbüros; technische, physikalische und chemische Untersuchung",2852
2022,3,73,Werbung und Marktforschung,351
2022,3,79,"Reisebüros, Reiseveranstalter und Erbringung sonstiger Reservierungsdienstleistungen",221
2022,3,80,Wach- und Sicherheitsdienste sowie Detekteien,195
2022,3,82,Erbringung von wirtschaftlichen Dienstleistungen für Unternehmen und Privatpersonen a. n. g.,929
2022,3,84,"Öffentliche Verwaltung, Verteidigung; Sozialversicherung",3440
2022,3,87,Heime (ohne Erholungs- und Ferienheime),4538
2022,3,90,"Kreative, künstlerische und unterhaltende Tätigkeiten",255
2022,3,"92,93","Spiel-, Wett- und Lotteriewesen; Erbringung von Dienstleistungen des Sports, der Unterhaltung und der Erholung",687
2022,1,1,"Landwirtschaft, Jagd und damit verbundene Tätigkeiten",5870
2022,1,2,Forstwirtschaft und Holzeinschlag,159
2022,2,10,Herstellung von Nahrungs- und Futtermitteln,3465
2022,2,11,Getränkeherstellung,200
2022,2,16,"Herstellung von Holz-, Flecht-, Korb- und Korkwaren (ohne Möbel)",1747
2022,2,24,Metallerzeugung und -bearbeitung,890
2022,2,31,Herstellung von Möbeln,933
2022,2,"36,37","Wasserversorgung, Abwasserentsorgung",150
2022,2,"38, 39","Sammlung, Behandlung und Beseitigung von Abfällen; Rückgewinnung; Beseitigung von Umweltverschmutzungen und sonstige Entsorgung",370
2022,3,45,Handel mit Motorfahrzeugen; Instandhaltung und Reparatur von Motorfahrzeugen,2681
2022,3,"50,51","Schifffahrt, Luftfahrt",72
2022,3,61,Telekommunikation,161
2022,3,69,"Rechts- und Steuerberatung, Wirtschaftsprüfung",919
2022,3,72,Forschung und Entwicklung,528
2022,3,77,Vermietung von beweglichen Sachen,192
2022,3,78,Vermittlung und Überlassung von Arbeitskräften,1988
2022,3,85,Erziehung und Unterricht,5762
2022,3,88,Sozialwesen (ohne Heime),1741
2022,3,94,Interessenvertretungen sowie kirchliche und sonstige religiöse Vereinigungen (ohne Sozialwesen und Sport),1304
2022,3,95,Reparatur von Datenverarbeitungsgeräten und Gebrauchsgütern,86
2022,2,15,"Herstellung von Leder, Lederwaren und Schuhen",62
2022,2,17,"Herstellung von Papier, Pappe und Waren daraus",496
2022,2,21,Herstellung von pharmazeutischen Erzeugnissen,520
2022,2,22,Herstellung von Gummi- und Kunststoffwaren,1315
2022,2,26,"Herstellung von Datenverarbeitungsgeräten, elektronischen und optischen Erzeugnissen",1386
2022,2,27,Herstellung von elektrischen Ausrüstungen,1475
2022,2,30,Sonstiger Fahrzeugbau,1983
2022,2,33,Reparatur und Installation von Maschinen und Ausrüstungen,944
2022,2,42,Tiefbau,978
2022,3,49,Landverkehr und Transport in Rohrfernleitungen,2333
2022,3,52,Lagerei sowie Erbringung von sonstigen Dienstleistungen für den Verkehr,978
2022,3,55,Beherbergung,961
2022,3,56,Gastronomie,2132
2022,3,58,Verlagswesen,106
2022,3,62,Erbringung von Dienstleistungen der Informationstechnologie,1445
2022,3,64,Erbringung von Finanzdienstleistungen,1443
2022,3,74,"Sonstige freiberufliche, wissenschaftliche und technische Tätigkeiten",598
2022,3,75,Veterinärwesen,210
2022,3,81,Gebäudebetreuung; Garten- und Landschaftsbau,2388
2022,3,86,Gesundheitswesen,8385
2022,3,91,"Bibliotheken, Archive, Museen, botanische und zoologische Gärten",119
2022,3,96,Erbringung von sonstigen überwiegend persönlichen Dienstleistungen,1399
2021,1,3,Fischerei und Aquakultur,27
2021,2,8,"Gewinnung von Steinen und Erden, sonstiger Bergbau",119
2021,2,18,"Herstellung von Druckerzeugnissen; Vervielfältigung von bespielten Ton-, Bild- und Datenträgern",309
2021,2,21,Herstellung von pharmazeutischen Erzeugnissen,491
2021,2,25,Herstellung von Metallerzeugnissen,4354
2021,2,28,Maschinenbau,2426
2021,2,29,Herstellung von Automobilen und Automobilteilen,857
2021,2,30,Sonstiger Fahrzeugbau,1975
2021,2,33,Reparatur und Installation von Maschinen und Ausrüstungen,918
2021,2,35,Energieversorgung,502
2021,2,37,Abwasserentsorgung,105
2021,2,41,Hochbau,2422
2021,2,43,"Vorbereitende Baustellenarbeiten, Bauinstallation und sonstiges Ausbaugewerbe",7147
2021,3,47,Detailhandel (ohne Handel mit Motorfahrzeugen),5654
2021,3,53,"Post-, Kurier- und Expressdienste",1213
2021,3,58,Verlagswesen,131
2021,3,59,"Herstellung, Verleih und Vertrieb von Filmen und Fernsehprogrammen; Kinos; Tonstudios und Verlegen von Musik",71
2021,3,60,Rundfunkveranstalter,11
2021,3,61,Telekommunikation,155
2021,3,64,Erbringung von Finanzdienstleistungen,1398
2021,3,65,"Versicherungen, Rückversicherungen und Pensionskassen (ohne Sozialversicherung)",127
2021,3,71,"Architektur- und Ingenieurbüros; technische, physikalische und chemische Untersuchung",2771
2021,3,74,"Sonstige freiberufliche, wissenschaftliche und technische Tätigkeiten",566
2021,3,77,Vermietung von beweglichen Sachen,171
2021,3,80,Wach- und Sicherheitsdienste sowie Detekteien,167
2021,3,85,Erziehung und Unterricht,5526
2021,3,87,Heime (ohne Erholungs- und Ferienheime),4372
2021,2,13,Herstellung von Textilien,251
2021,2,14,Herstellung von Bekleidung,94
2021,2,15,"Herstellung von Leder, Lederwaren und Schuhen",62
2021,2,17,"Herstellung von Papier, Pappe und Waren daraus",520
2021,2,22,Herstellung von Gummi- und Kunststoffwaren,1303
2021,2,27,Herstellung von elektrischen Ausrüstungen,1387
2021,2,32,Herstellung von sonstigen Waren,624
2021,2,42,Tiefbau,924
2021,3,45,Handel mit Motorfahrzeugen; Instandhaltung und Reparatur von Motorfahrzeugen,2650
2021,3,46,Grosshandel (ohne Handel mit Motorfahrzeugen),5584
2021,3,56,Gastronomie,2110
2021,3,62,Erbringung von Dienstleistungen der Informationstechnologie,1401
2021,3,63,Informationsdienstleistungen,193
2021,3,69,"Rechts- und Steuerberatung, Wirtschaftsprüfung",943
2021,3,73,Werbung und Marktforschung,323
2021,3,78,Vermittlung und Überlassung von Arbeitskräften,2301
2021,3,79,"Reisebüros, Reiseveranstalter und Erbringung sonstiger Reservierungsdienstleistungen",207
2021,3,86,Gesundheitswesen,7967
2021,3,88,Sozialwesen (ohne Heime),1639
2021,3,90,"Kreative, künstlerische und unterhaltende Tätigkeiten",261
2021,3,91,"Bibliotheken, Archive, Museen, botanische und zoologische Gärten",111
2021,3,92,"Spiel-, Wett- und Lotteriewesen",6
2021,3,93,"Erbringung von Dienstleistungen des Sports, der Unterhaltung und der Erholung",660
2021,3,94,Interessenvertretungen sowie kirchliche und sonstige religiöse Vereinigungen (ohne Sozialwesen und Sport),1261
2021,3,96,Erbringung von sonstigen überwiegend persönlichen Dienstleistungen,1366
2021,1,1,"Landwirtschaft, Jagd und damit verbundene Tätigkeiten",5752
2021,1,2,Forstwirtschaft und Holzeinschlag,155
2021,2,10,Herstellung von Nahrungs- und Futtermitteln,3538
2021,2,11,Getränkeherstellung,201
2021,2,16,"Herstellung von Holz-, Flecht-, Korb- und Korkwaren (ohne Möbel)",1717
2021,2,20,Herstellung von chemischen Erzeugnissen,949
2021,2,23,"Herstellung von Glas und Glaswaren, Keramik, Verarbeitung von Steinen und Erden",903
2021,2,24,Metallerzeugung und -bearbeitung,828
2021,2,26,"Herstellung von Datenverarbeitungsgeräten, elektronischen und optischen Erzeugnissen",1316
2021,2,31,Herstellung von Möbeln,911
2021,2,36,Wasserversorgung,5
2021,2,38,"Sammlung, Behandlung und Beseitigung von Abfällen; Rückgewinnung",355
2021,3,49,Landverkehr und Transport in Rohrfernleitungen,2624
2021,3,50,Schifffahrt,69
2021,3,51,Luftfahrt,5
2021,3,52,Lagerei sowie Erbringung von sonstigen Dienstleistungen für den Verkehr,995
2021,3,55,Beherbergung,896
2021,3,66,Mit Finanz- und Versicherungsdienstleistungen verbundene Tätigkeiten,920
2021,3,68,Grundstücks- und Wohnungswesen,985
2021,3,70,Verwaltung und Führung von Unternehmen und Betrieben; Unternehmensberatung,1633
2021,3,72,Forschung und Entwicklung,513
2021,3,75,Veterinärwesen,205
2021,3,81,Gebäudebetreuung; Garten- und Landschaftsbau,2382
2021,3,82,Erbringung von wirtschaftlichen Dienstleistungen für Unternehmen und Privatpersonen a. n. g.,884
2021,3,84,"Öffentliche Verwaltung, Verteidigung; Sozialversicherung",3451
2021,3,95,Reparatur von Datenverarbeitungsgeräten und Gebrauchsgütern,84
2020,2,14,Herstellung von Bekleidung,93
2020,2,18,"Herstellung von Druckerzeugnissen; Vervielfältigung von bespielten Ton-, Bild- und Datenträgern",350
2020,2,21,Herstellung von pharmazeutischen Erzeugnissen,467
2020,2,22,Herstellung von Gummi- und Kunststoffwaren,1682
2020,2,24,Metallerzeugung und -bearbeitung,469
2020,2,28,Maschinenbau,2438
2020,2,"38,39","Sammlung, Behandlung und Beseitigung von Abfällen; Rückgewinnung; Beseitigung von Umweltverschmutzungen und sonstige Entsorgung",340
2020,2,41,Hochbau,2390
2020,3,45,Handel mit Motorfahrzeugen; Instandhaltung und Reparatur von Motorfahrzeugen,2618
2020,3,49,Landverkehr und Transport in Rohrfernleitungen,2610
2020,3,52,Lagerei sowie Erbringung von sonstigen Dienstleistungen für den Verkehr,950
2020,3,56,Gastronomie,2116
2020,3,62,Erbringung von Dienstleistungen der Informationstechnologie,1313
2020,3,63,Informationsdienstleistungen,214
2020,3,64,Erbringung von Finanzdienstleistungen,1353
2020,3,65,"Versicherungen, Rückversicherungen und Pensionskassen (ohne Sozialversicherung)",111
2020,3,66,Mit Finanz- und Versicherungsdienstleistungen verbundene Tätigkeiten,927
2020,3,68,Grundstücks- und Wohnungswesen,953
2020,3,70,Verwaltung und Führung von Unternehmen und Betrieben; Unternehmensberatung,1373
2020,3,71,"Architektur- und Ingenieurbüros; technische, physikalische und chemische Untersuchung",2769
2020,3,72,Forschung und Entwicklung,368
2020,3,77,Vermietung von beweglichen Sachen,164
2020,3,80,Wach- und Sicherheitsdienste sowie Detekteien,169
2020,3,"92,93","Spiel-, Wett- und Lotteriewesen; Erbringung von Dienstleistungen des Sports, der Unterhaltung und der Erholung",735
2020,3,96,Erbringung von sonstigen überwiegend persönlichen Dienstleistungen,1285
2020,3,79,"Reisebüros, Reiseveranstalter und Erbringung sonstiger Reservierungsdienstleistungen",202
2020,1,1,"Landwirtschaft, Jagd und damit verbundene Tätigkeiten",5647
2020,1,2,Forstwirtschaft und Holzeinschlag,145
2020,1,3,Fischerei und Aquakultur,33
2020,2,10,Herstellung von Nahrungs- und Futtermitteln,3513
2020,2,13,Herstellung von Textilien,257
2020,2,15,"Herstellung von Leder, Lederwaren und Schuhen",59
2020,2,16,"Herstellung von Holz-, Flecht-, Korb- und Korkwaren (ohne Möbel)",1707
2020,2,20,Herstellung von chemischen Erzeugnissen,936
2020,2,29,Herstellung von Automobilen und Automobilteilen,939
2020,2,30,Sonstiger Fahrzeugbau,1932
2020,2,31,Herstellung von Möbeln,891
2020,2,32,Herstellung von sonstigen Waren,583
2020,2,"36,37","Wasserversorgung, Abwasserentsorgung",102
2020,2,42,Tiefbau,882
2020,3,46,Grosshandel (ohne Handel mit Motorfahrzeugen),5395
2020,3,53,"Post-, Kurier- und Expressdienste",1188
2020,3,58,Verlagswesen,140
2020,3,69,"Rechts- und Steuerberatung, Wirtschaftsprüfung",928
2020,3,73,Werbung und Marktforschung,351
2020,3,74,"Sonstige freiberufliche, wissenschaftliche und technische Tätigkeiten",529
2020,3,78,Vermittlung und Überlassung von Arbeitskräften,2017
2020,3,85,Erziehung und Unterricht,5362
2020,3,88,Sozialwesen (ohne Heime),1636
2020,2,"06,07,08","Gewinnung von Erdöl und Erdgas; Gewinnung von Steinen und Erden, sonstiger Bergbau",105
2020,2,11,Getränkeherstellung,200
2020,2,17,"Herstellung von Papier, Pappe und Waren daraus",527
2020,2,23,"Herstellung von Glas und Glaswaren, Keramik, Verarbeitung von Steinen und Erden",914
2020,2,25,Herstellung von Metallerzeugnissen,4362
2020,2,26,"Herstellung von Datenverarbeitungsgeräten, elektronischen und optischen Erzeugnissen",1208
2020,2,27,Herstellung von elektrischen Ausrüstungen,1240
2020,2,33,Reparatur und Installation von Maschinen und Ausrüstungen,861
2020,2,35,Energieversorgung,505
2020,2,43,"Vorbereitende Baustellenarbeiten, Bauinstallation und sonstiges Ausbaugewerbe",7214
2020,3,47,Detailhandel (ohne Handel mit Motorfahrzeugen),5568
2020,3,"50,51","Schifffahrt, Luftfahrt",72
2020,3,55,Beherbergung,892
2020,3,"59, 60","Herstellung, Verleih und Vertrieb von Filmen und Fernsehprogrammen; Kinos; Tonstudios und Verlegen von Musik; Rundfunkveranstalter",77
2020,3,61,Telekommunikation,105
2020,3,75,Veterinärwesen,194
2020,3,81,Gebäudebetreuung; Garten- und Landschaftsbau,2325
2020,3,82,Erbringung von wirtschaftlichen Dienstleistungen für Unternehmen und Privatpersonen a. n. g.,702
2020,3,84,"Öffentliche Verwaltung, Verteidigung; Sozialversicherung",3379
2020,3,86,Gesundheitswesen,7706
2020,3,87,Heime (ohne Erholungs- und Ferienheime),4468
2020,3,90,"Kreative, künstlerische und unterhaltende Tätigkeiten",236
2020,3,91,"Bibliotheken, Archive, Museen, botanische und zoologische Gärten",131
2020,3,94,Interessenvertretungen sowie kirchliche und sonstige religiöse Vereinigungen (ohne Sozialwesen und Sport),1391
2020,3,95,Reparatur von Datenverarbeitungsgeräten und Gebrauchsgütern,77
2019,1,2,Forstwirtschaft und Holzeinschlag,127
2019,2,"06,07,08","Gewinnung von Erdöl und Erdgas; Gewinnung von Steinen und Erden, sonstiger Bergbau",91
2019,2,11,Getränkeherstellung,217
2019,2,13,Herstellung von Textilien,264
2019,2,15,"Herstellung von Leder, Lederwaren und Schuhen",63
2019,2,20,Herstellung von chemischen Erzeugnissen,924
2019,2,22,Herstellung von Gummi- und Kunststoffwaren,1707
2019,2,26,"Herstellung von Datenverarbeitungsgeräten, elektronischen und optischen Erzeugnissen",1286
2019,2,29,Herstellung von Automobilen und Automobilteilen,942
2019,2,31,Herstellung von Möbeln,934
2019,3,64,Erbringung von Finanzdienstleistungen,1325
2019,3,69,"Rechts- und Steuerberatung, Wirtschaftsprüfung",926
2019,3,73,Werbung und Marktforschung,365
2019,3,74,"Sonstige freiberufliche, wissenschaftliche und technische Tätigkeiten",520
2019,3,85,Erziehung und Unterricht,5302
2019,3,90,"Kreative, künstlerische und unterhaltende Tätigkeiten",252
2019,3,94,Interessenvertretungen sowie kirchliche und sonstige religiöse Vereinigungen (ohne Sozialwesen und S,1309
2019,2,32,Herstellung von sonstigen Waren,627
2019,2,33,Reparatur und Installation von Maschinen und Ausrüstungen,834
2019,3,47,Detailhandel (ohne Handel mit Motorfahrzeugen),5391
2019,3,61,Telekommunikation,98
2019,3,65,"Versicherungen, Rückversicherungen und Pensionskassen (ohne Sozialversicherung)",112
2019,3,66,Mit Finanz- und Versicherungsdienstleistungen verbundene Tätigkeiten,914
2019,3,72,Forschung und Entwicklung,378
2019,3,81,Gebäudebetreuung; Garten- und Landschaftsbau,2269
2019,3,88,Sozialwesen (ohne Heime),1660
2019,3,"92,93","Spiel-, Wett- und Lotteriewesen; Erbringung von Dienstleistungen des Sports, der Unterhaltung und der Erholung",672
2019,1,1,"Landwirtschaft, Jagd und damit verbundene Tätigkeiten",5769
2019,2,10,Herstellung von Nahrungs- und Futtermitteln,3479
2019,2,16,"Herstellung von Holz-, Flecht-, Korb- und Korkwaren (ohne Möbel)",1720
2019,2,18,"Herstellung von Druckerzeugnissen; Vervielfältigung von bespielten Ton-, Bild- und Datenträgern",369
2019,2,19,Kokerei und Mineralölverarbeitung,0
2019,2,23,"Herstellung von Glas und Glaswaren, Keramik, Verarbeitung von Steinen und Erden",958
2019,2,25,Herstellung von Metallerzeugnissen,4602
2019,2,28,Maschinenbau,2601
2019,2,30,Sonstiger Fahrzeugbau,1990
2019,2,35,Energieversorgung,482
2019,2,"36,37","Wasserversorgung, Abwasserentsorgung",92
2019,2,42,Tiefbau,918
2019,2,43,"Vorbereitende Baustellenarbeiten, Bauinstallation und sonstiges Ausbaugewerbe",7024
2019,3,45,Handel mit Motorfahrzeugen; Instandhaltung und Reparatur von Motorfahrzeugen,2620
2019,3,46,Grosshandel (ohne Handel mit Motorfahrzeugen),5269
2019,3,49,Landverkehr und Transport in Rohrfernleitungen,2489
2019,3,52,Lagerei sowie Erbringung von sonstigen Dienstleistungen für den Verkehr,825
2019,3,53,"Post-, Kurier- und Expressdienste",1122
2019,3,63,Informationsdienstleistungen,282
2019,3,70,Verwaltung und Führung von Unternehmen und Betrieben; Unternehmensberatung,1340
2019,3,71,"Architektur- und Ingenieurbüros; technische, physikalische und chemische Untersuchung",2738
2019,3,79,"Reisebüros, Reiseveranstalter und Erbringung sonstiger Reservierungsdienstleistungen",246
2019,3,80,Wach- und Sicherheitsdienste sowie Detekteien,200
2019,3,86,Gesundheitswesen,7529
2019,3,68,Grundstücks- und Wohnungswesen,887
2019,3,75,Veterinärwesen,196
2019,3,84,"Öffentliche Verwaltung, Verteidigung; Sozialversicherung",3295
2019,3,91,"Bibliotheken, Archive, Museen, botanische und zoologische Gärten",129
2019,3,95,Reparatur von Datenverarbeitungsgeräten und Gebrauchsgütern,79
2019,1,3,Fischerei und Aquakultur,25
2019,2,14,Herstellung von Bekleidung,109
2019,2,17,"Herstellung von Papier, Pappe und Waren daraus",539
2019,2,21,Herstellung von pharmazeutischen Erzeugnissen,437
2019,2,24,Metallerzeugung und -bearbeitung,501
2019,2,27,Herstellung von elektrischen Ausrüstungen,1258
2019,2,"38, 39","Sammlung, Behandlung und Beseitigung von Abfällen; Rückgewinnung; Beseitigung von Umweltverschmutzungen und sonstige Entsorgung",368
2019,2,41,Hochbau,2462
2019,3,"50,51","Schifffahrt, Luftfahrt",73
2019,3,55,Beherbergung,887
2019,3,56,Gastronomie,2114
2019,3,58,Verlagswesen,134
2019,3,"59, 60","Herstellung, Verleih und Vertrieb von Filmen und Fernsehprogrammen; Kinos; Tonstudios und Verlegen von Musik; Rundfunkveranstalter",71
2019,3,62,Erbringung von Dienstleistungen der Informationstechnologie,1284
2019,3,77,Vermietung von beweglichen Sachen,184
2019,3,78,Vermittlung und Überlassung von Arbeitskräften,2115
2019,3,82,Erbringung von wirtschaftlichen Dienstleistungen für Unternehmen und Privatpersonen a. n. g.,656
2019,3,87,Heime (ohne Erholungs- und Ferienheime),4431
2019,3,96,Erbringung von sonstigen überwiegend persönlichen Dienstleistungen,1314
2018,1,1,"Landwirtschaft, Jagd und damit verbundene Tätigkeiten",5758
2018,2,13,Herstellung von Textilien,274
2018,2,15,"Herstellung von Leder, Lederwaren und Schuhen",65
2018,2,28,Maschinenbau,2720
2018,2,"38, 39","Sammlung, Behandlung und Beseitigung von Abfällen; Rückgewinnung; Beseitigung von Umweltverschmutzungen und sonstige Entsorgung",368
2018,2,43,"Vorbereitende Baustellenarbeiten, Bauinstallation und sonstiges Ausbaugewerbe",7024
2018,3,46,Grosshandel (ohne Handel mit Motorfahrzeugen),5221
2018,3,"50,51","Schifffahrt, Luftfahrt",78
2018,3,53,"Post-, Kurier- und Expressdienste",1086
2018,3,62,Erbringung von Dienstleistungen der Informationstechnologie,1270
2018,3,69,"Rechts- und Steuerberatung, Wirtschaftsprüfung",902
2018,3,75,Veterinärwesen,199
2018,3,82,Erbringung von wirtschaftlichen Dienstleistungen für Unternehmen und Privatpersonen a. n. g.,756
2018,3,90,"Kreative, künstlerische und unterhaltende Tätigkeiten",260
2018,3,94,Interessenvertretungen sowie kirchliche und sonstige religiöse Vereinigungen (ohne Sozialwesen und S,1300
2018,3,96,Erbringung von sonstigen überwiegend persönlichen Dienstleistungen,1285
2018,1,2,Forstwirtschaft und Holzeinschlag,126
2018,2,24,Metallerzeugung und -bearbeitung,574
2018,1,3,Fischerei und Aquakultur,20
2018,2,17,"Herstellung von Papier, Pappe und Waren daraus",541
2018,2,20,Herstellung von chemischen Erzeugnissen,976
2018,2,23,"Herstellung von Glas und Glaswaren, Keramik, Verarbeitung von Steinen und Erden",1003
2018,2,31,Herstellung von Möbeln,932
2018,2,33,Reparatur und Installation von Maschinen und Ausrüstungen,765
2018,2,41,Hochbau,2462
2018,3,45,Handel mit Motorfahrzeugen; Instandhaltung und Reparatur von Motorfahrzeugen,2601
2018,3,"59, 60","Herstellung, Verleih und Vertrieb von Filmen und Fernsehprogrammen; Kinos; Tonstudios und Verlegen von Musik; Rundfunkveranstalter",66
2018,3,66,Mit Finanz- und Versicherungsdienstleistungen verbundene Tätigkeiten,894
2018,3,70,Verwaltung und Führung von Unternehmen und Betrieben; Unternehmensberatung,1283
2018,3,77,Vermietung von beweglichen Sachen,171
2018,3,78,Vermittlung und Überlassung von Arbeitskräften,1936
2018,3,86,Gesundheitswesen,7467
2018,3,87,Heime (ohne Erholungs- und Ferienheime),4358
2018,3,"92,93","Spiel-, Wett- und Lotteriewesen; Erbringung von Dienstleistungen des Sports, der Unterhaltung und der Erholung",651
2018,3,95,Reparatur von Datenverarbeitungsgeräten und Gebrauchsgütern,92
2018,2,14,Herstellung von Bekleidung,99
2018,2,16,"Herstellung von Holz-, Flecht-, Korb- und Korkwaren (ohne Möbel)",1776
2018,2,18,"Herstellung von Druckerzeugnissen; Vervielfältigung von bespielten Ton-, Bild- und Datenträgern",403
2018,2,22,Herstellung von Gummi- und Kunststoffwaren,1700
2018,2,32,Herstellung von sonstigen Waren,524
2018,2,35,Energieversorgung,482
2018,2,42,Tiefbau,918
2018,3,49,Landverkehr und Transport in Rohrfernleitungen,2437
2018,3,52,Lagerei sowie Erbringung von sonstigen Dienstleistungen für den Verkehr,796
2018,3,55,Beherbergung,926
2018,3,63,Informationsdienstleistungen,285
2018,3,68,Grundstücks- und Wohnungswesen,919
2018,3,74,"Sonstige freiberufliche, wissenschaftliche und technische Tätigkeiten",518
2018,3,80,Wach- und Sicherheitsdienste sowie Detekteien,72
2018,3,84,"Öffentliche Verwaltung, Verteidigung; Sozialversicherung",3332
2018,3,91,"Bibliotheken, Archive, Museen, botanische und zoologische Gärten",128
2018,2,"06,07,08","Gewinnung von Erdöl und Erdgas; Gewinnung von Steinen und Erden, sonstiger Bergbau",109
2018,2,10,Herstellung von Nahrungs- und Futtermitteln,3393
2018,2,26,"Herstellung von Datenverarbeitungsgeräten, elektronischen und optischen Erzeugnissen",1308
2018,2,29,Herstellung von Automobilen und Automobilteilen,868
2018,2,"36,37","Wasserversorgung, Abwasserentsorgung",93
2018,3,56,Gastronomie,2083
2018,3,58,Verlagswesen,133
2018,3,61,Telekommunikation,98
2018,3,65,"Versicherungen, Rückversicherungen und Pensionskassen (ohne Sozialversicherung)",112
2018,3,79,"Reisebüros, Reiseveranstalter und Erbringung sonstiger Reservierungsdienstleistungen",237
2018,3,81,Gebäudebetreuung; Garten- und Landschaftsbau,2226
2018,3,85,Erziehung und Unterricht,5223
2018,2,11,Getränkeherstellung,228
2018,2,19,Kokerei und Mineralölverarbeitung,0
2018,2,21,Herstellung von pharmazeutischen Erzeugnissen,445
2018,2,25,Herstellung von Metallerzeugnissen,4568
2018,2,27,Herstellung von elektrischen Ausrüstungen,1308
2018,2,30,Sonstiger Fahrzeugbau,1790
2018,3,47,Detailhandel (ohne Handel mit Motorfahrzeugen),5361
2018,3,64,Erbringung von Finanzdienstleistungen,1391
2018,3,71,"Architektur- und Ingenieurbüros; technische, physikalische und chemische Untersuchung",2839
2018,3,72,Forschung und Entwicklung,393
2018,3,73,Werbung und Marktforschung,398
2018,3,88,Sozialwesen (ohne Heime),1620
2017,1,1,"Landwirtschaft, Jagd und damit verbundene Tätigkeiten",5800
2017,1,2,Forstwirtschaft und Holzeinschlag,121
2017,1,3,Fischerei und Aquakultur,19
2017,2,10,Herstellung von Nahrungs- und Futtermitteln,3384
2017,2,13,Herstellung von Textilien,269
2017,2,14,Herstellung von Bekleidung,107
2017,2,25,Herstellung von Metallerzeugnissen,4452
2017,2,43,"Vorbereitende Baustellenarbeiten, Bauinstallation und sonstiges Ausbaugewerbe",6970
2017,3,"50,51","Schifffahrt, Luftfahrt",68
2017,3,68,Grundstücks- und Wohnungswesen,914
2017,3,74,"Sonstige freiberufliche, wissenschaftliche und technische Tätigkeiten",491
2017,3,81,Gebäudebetreuung; Garten- und Landschaftsbau,2173
2017,3,84,"Öffentliche Verwaltung, Verteidigung; Sozialversicherung",3210
2017,3,87,Heime (ohne Erholungs- und Ferienheime),4276
2017,3,95,Reparatur von Datenverarbeitungsgeräten und Gebrauchsgütern,96
2017,3,96,Erbringung von sonstigen überwiegend persönlichen Dienstleistungen,1225
2017,2,"06,07,08","Gewinnung von Erdöl und Erdgas; Gewinnung von Steinen und Erden, sonstiger Bergbau",108
2017,2,16,"Herstellung von Holz-, Flecht-, Korb- und Korkwaren (ohne Möbel)",1819
2017,2,19,Kokerei und Mineralölverarbeitung,0
2017,2,27,Herstellung von elektrischen Ausrüstungen,1214
2017,2,32,Herstellung von sonstigen Waren,548
2017,2,"38, 39","Sammlung, Behandlung und Beseitigung von Abfällen; Rückgewinnung; Beseitigung von Umweltverschmutzungen und sonstige Entsorgung",318
2017,3,49,Landverkehr und Transport in Rohrfernleitungen,2433
2017,3,61,Telekommunikation,97
2017,3,62,Erbringung von Dienstleistungen der Informationstechnologie,1241
2017,3,78,Vermittlung und Überlassung von Arbeitskräften,1860
2017,3,80,Wach- und Sicherheitsdienste sowie Detekteien,68
2017,3,85,Erziehung und Unterricht,5030
2017,3,94,Interessenvertretungen sowie kirchliche und sonstige religiöse Vereinigungen (ohne Sozialwesen und S,1268
2017,2,15,"Herstellung von Leder, Lederwaren und Schuhen",66
2017,2,20,Herstellung von chemischen Erzeugnissen,979
2017,2,23,"Herstellung von Glas und Glaswaren, Keramik, Verarbeitung von Steinen und Erden",1112
2017,2,29,Herstellung von Automobilen und Automobilteilen,748
2017,3,"59, 60","Herstellung, Verleih und Vertrieb von Filmen und Fernsehprogrammen; Kinos; Tonstudios und Verlegen von Musik; Rundfunkveranstalter",54
2017,3,77,Vermietung von beweglichen Sachen,149
2017,3,79,"Reisebüros, Reiseveranstalter und Erbringung sonstiger Reservierungsdienstleistungen",239
2017,3,82,Erbringung von wirtschaftlichen Dienstleistungen für Unternehmen und Privatpersonen a. n. g.,936
2017,3,90,"Kreative, künstlerische und unterhaltende Tätigkeiten",277
2017,2,11,Getränkeherstellung,205
2017,2,21,Herstellung von pharmazeutischen Erzeugnissen,430
2017,2,22,Herstellung von Gummi- und Kunststoffwaren,1694
2017,2,24,Metallerzeugung und -bearbeitung,521
2017,2,26,"Herstellung von Datenverarbeitungsgeräten, elektronischen und optischen Erzeugnissen",1304
2017,2,30,Sonstiger Fahrzeugbau,1639
2017,2,33,Reparatur und Installation von Maschinen und Ausrüstungen,757
2017,2,"36,37","Wasserversorgung, Abwasserentsorgung",84
2017,2,41,Hochbau,2430
2017,2,42,Tiefbau,937
2017,3,73,Werbung und Marktforschung,406
2017,3,75,Veterinärwesen,179
2017,3,86,Gesundheitswesen,7253
2017,3,88,Sozialwesen (ohne Heime),1481
2017,3,91,"Bibliotheken, Archive, Museen, botanische und zoologische Gärten",128
2017,3,"92,93","Spiel-, Wett- und Lotteriewesen; Erbringung von Dienstleistungen des Sports, der Unterhaltung und der Erholung",644
2017,2,17,"Herstellung von Papier, Pappe und Waren daraus",550
2017,2,18,"Herstellung von Druckerzeugnissen; Vervielfältigung von bespielten Ton-, Bild- und Datenträgern",475
2017,2,28,Maschinenbau,2742
2017,2,31,Herstellung von Möbeln,774
2017,2,35,Energieversorgung,479
2017,3,45,Handel mit Motorfahrzeugen; Instandhaltung und Reparatur von Motorfahrzeugen,2542
2017,3,46,Grosshandel (ohne Handel mit Motorfahrzeugen),5024
2017,3,47,Detailhandel (ohne Handel mit Motorfahrzeugen),5481
2017,3,52,Lagerei sowie Erbringung von sonstigen Dienstleistungen für den Verkehr,777
2017,3,53,"Post-, Kurier- und Expressdienste",1101
2017,3,55,Beherbergung,941
2017,3,56,Gastronomie,2016
2017,3,58,Verlagswesen,138
2017,3,63,Informationsdienstleistungen,263
2017,3,64,Erbringung von Finanzdienstleistungen,1433
2017,3,65,"Versicherungen, Rückversicherungen und Pensionskassen (ohne Sozialversicherung)",104
2017,3,66,Mit Finanz- und Versicherungsdienstleistungen verbundene Tätigkeiten,898
2017,3,69,"Rechts- und Steuerberatung, Wirtschaftsprüfung",881
2017,3,70,Verwaltung und Führung von Unternehmen und Betrieben; Unternehmensberatung,1266
2017,3,71,"Architektur- und Ingenieurbüros; technische, physikalische und chemische Untersuchung",2721
2017,3,72,Forschung und Entwicklung,366
2016,1,1,"Landwirtschaft, Jagd und damit verbundene Tätigkeiten",5693
2016,2,"06,07,08","Gewinnung von Erdöl und Erdgas; Gewinnung von Steinen und Erden, sonstiger Bergbau",110
2016,2,10,Herstellung von Nahrungs- und Futtermitteln,3323
2016,2,17,"Herstellung von Papier, Pappe und Waren daraus",531
2016,2,18,"Herstellung von Druckerzeugnissen; Vervielfältigung von bespielten Ton-, Bild- und Datenträgern",498
2016,2,24,Metallerzeugung und -bearbeitung,458
2016,2,27,Herstellung von elektrischen Ausrüstungen,1186
2016,2,28,Maschinenbau,2792
2016,2,31,Herstellung von Möbeln,823
2016,2,33,Reparatur und Installation von Maschinen und Ausrüstungen,707
2016,3,"59, 60","Herstellung, Verleih und Vertrieb von Filmen und Fernsehprogrammen; Kinos; Tonstudios und Verlegen von Musik; Rundfunkveranstalter",51
2016,3,64,Erbringung von Finanzdienstleistungen,1406
2016,3,65,"Versicherungen, Rückversicherungen und Pensionskassen (ohne Sozialversicherung)",112
2016,3,66,Mit Finanz- und Versicherungsdienstleistungen verbundene Tätigkeiten,857
2016,3,72,Forschung und Entwicklung,380
2016,3,73,Werbung und Marktforschung,420
2016,3,77,Vermietung von beweglichen Sachen,147
2016,3,81,Gebäudebetreuung; Garten- und Landschaftsbau,2114
2016,3,82,Erbringung von wirtschaftlichen Dienstleistungen für Unternehmen und Privatpersonen a. n. g.,805
2016,3,86,Gesundheitswesen,7139
2016,3,87,Heime (ohne Erholungs- und Ferienheime),4076
2016,3,91,"Bibliotheken, Archive, Museen, botanische und zoologische Gärten",112
2016,3,95,Reparatur von Datenverarbeitungsgeräten und Gebrauchsgütern,97
2016,2,13,Herstellung von Textilien,264
2016,2,14,Herstellung von Bekleidung,105
2016,2,15,"Herstellung von Leder, Lederwaren und Schuhen",74
2016,2,20,Herstellung von chemischen Erzeugnissen,971
2016,2,26,"Herstellung von Datenverarbeitungsgeräten, elektronischen und optischen Erzeugnissen",1213
2016,2,32,Herstellung von sonstigen Waren,551
2016,2,"36,37","Wasserversorgung, Abwasserentsorgung",84
2016,3,49,Landverkehr und Transport in Rohrfernleitungen,2253
2016,3,55,Beherbergung,925
2016,3,68,Grundstücks- und Wohnungswesen,908
2016,3,74,"Sonstige freiberufliche, wissenschaftliche und technische Tätigkeiten",524
2016,3,78,Vermittlung und Überlassung von Arbeitskräften,1846
2016,3,88,Sozialwesen (ohne Heime),1410
2016,3,94,Interessenvertretungen sowie kirchliche und sonstige religiöse Vereinigungen (ohne Sozialwesen und S,1224
2016,3,96,Erbringung von sonstigen überwiegend persönlichen Dienstleistungen,1236
2016,1,2,Forstwirtschaft und Holzeinschlag,141
2016,1,3,Fischerei und Aquakultur,25
2016,2,19,Kokerei und Mineralölverarbeitung,0
2016,2,22,Herstellung von Gummi- und Kunststoffwaren,1689
2016,2,23,"Herstellung von Glas und Glaswaren, Keramik, Verarbeitung von Steinen und Erden",1179
2016,2,25,Herstellung von Metallerzeugnissen,4503
2016,2,29,Herstellung von Automobilen und Automobilteilen,695
2016,2,"38, 39","Sammlung, Behandlung und Beseitigung von Abfällen; Rückgewinnung; Beseitigung von Umweltverschmutzungen und sonstige Entsorgung",318
2016,3,45,Handel mit Motorfahrzeugen; Instandhaltung und Reparatur von Motorfahrzeugen,2566
2016,3,46,Grosshandel (ohne Handel mit Motorfahrzeugen),5015
2016,3,62,Erbringung von Dienstleistungen der Informationstechnologie,1240
2016,3,80,Wach- und Sicherheitsdienste sowie Detekteien,45
2016,3,90,"Kreative, künstlerische und unterhaltende Tätigkeiten",267
2016,2,11,Getränkeherstellung,224
2016,2,16,"Herstellung von Holz-, Flecht-, Korb- und Korkwaren (ohne Möbel)",1782
2016,2,21,Herstellung von pharmazeutischen Erzeugnissen,414
2016,2,30,Sonstiger Fahrzeugbau,1584
2016,2,35,Energieversorgung,466
2016,2,41,Hochbau,2418
2016,2,42,Tiefbau,843
2016,2,43,"Vorbereitende Baustellenarbeiten, Bauinstallation und sonstiges Ausbaugewerbe",6943
2016,3,47,Detailhandel (ohne Handel mit Motorfahrzeugen),5361
2016,3,"50,51","Schifffahrt, Luftfahrt",75
2016,3,52,Lagerei sowie Erbringung von sonstigen Dienstleistungen für den Verkehr,725
2016,3,53,"Post-, Kurier- und Expressdienste",983
2016,3,56,Gastronomie,2070
2016,3,58,Verlagswesen,145
2016,3,61,Telekommunikation,89
2016,3,63,Informationsdienstleistungen,251
2016,3,69,"Rechts- und Steuerberatung, Wirtschaftsprüfung",873
2016,3,70,Verwaltung und Führung von Unternehmen und Betrieben; Unternehmensberatung,1167
2016,3,71,"Architektur- und Ingenieurbüros; technische, physikalische und chemische Untersuchung",2634
2016,3,75,Veterinärwesen,185
2016,3,79,"Reisebüros, Reiseveranstalter und Erbringung sonstiger Reservierungsdienstleistungen",208
2016,3,84,"Öffentliche Verwaltung, Verteidigung; Sozialversicherung",3131
2016,3,85,Erziehung und Unterricht,4944
2016,3,"92,93","Spiel-, Wett- und Lotteriewesen; Erbringung von Dienstleistungen des Sports, der Unterhaltung und der Erholung",587
2015,1,1,"Landwirtschaft, Jagd und damit verbundene Tätigkeiten",5831
2015,2,16,"Herstellung von Holz-, Flecht-, Korb- und Korkwaren (ohne Möbel)",1811
2015,2,18,"Herstellung von Druckerzeugnissen; Vervielfältigung von bespielten Ton-, Bild- und Datenträgern",527
2015,2,25,Herstellung von Metallerzeugnissen,4589
2015,2,26,"Herstellung von Datenverarbeitungsgeräten, elektronischen und optischen Erzeugnissen",1438
2015,2,28,Maschinenbau,2839
2015,2,30,Sonstiger Fahrzeugbau,1535
2015,2,31,Herstellung von Möbeln,825
2015,2,32,Herstellung von sonstigen Waren,297
2015,2,33,Reparatur und Installation von Maschinen und Ausrüstungen,711
2015,2,35,Energieversorgung,420
2015,2,"36,37","Wasserversorgung, Abwasserentsorgung",77
2015,2,42,Tiefbau,861
2015,3,46,Grosshandel (ohne Handel mit Motorfahrzeugen),4596
2015,3,49,Landverkehr und Transport in Rohrfernleitungen,2377
2015,3,52,Lagerei sowie Erbringung von sonstigen Dienstleistungen für den Verkehr,568
2015,3,61,Telekommunikation,96
2015,3,69,"Rechts- und Steuerberatung, Wirtschaftsprüfung",854
2015,3,72,Forschung und Entwicklung,381
2015,3,73,Werbung und Marktforschung,403
2015,3,74,"Sonstige freiberufliche, wissenschaftliche und technische Tätigkeiten",534
2015,3,79,"Reisebüros, Reiseveranstalter und Erbringung sonstiger Reservierungsdienstleistungen",205
2015,3,80,Wach- und Sicherheitsdienste sowie Detekteien,185
2015,3,84,"Öffentliche Verwaltung, Verteidigung; Sozialversicherung",3094
2015,3,85,Erziehung und Unterricht,4829
2015,3,"92,93","Spiel-, Wett- und Lotteriewesen; Erbringung von Dienstleistungen des Sports, der Unterhaltung und der Erholung",563
2015,1,2,Forstwirtschaft und Holzeinschlag,130
2015,1,3,Fischerei und Aquakultur,23
2015,2,"06,07,08","Gewinnung von Erdöl und Erdgas; Gewinnung von Steinen und Erden, sonstiger Bergbau",108
2015,2,13,Herstellung von Textilien,273
2015,2,15,"Herstellung von Leder, Lederwaren und Schuhen",69
2015,2,17,"Herstellung von Papier, Pappe und Waren daraus",551
2015,2,20,Herstellung von chemischen Erzeugnissen,783
2015,2,21,Herstellung von pharmazeutischen Erzeugnissen,415
2015,2,22,Herstellung von Gummi- und Kunststoffwaren,1759
2015,2,23,"Herstellung von Glas und Glaswaren, Keramik, Verarbeitung von Steinen und Erden",1188
2015,2,27,Herstellung von elektrischen Ausrüstungen,1150
2015,2,"38, 39","Sammlung, Behandlung und Beseitigung von Abfällen; Rückgewinnung; Beseitigung von Umweltverschmutzungen und sonstige Entsorgung",314
2015,2,43,"Vorbereitende Baustellenarbeiten, Bauinstallation und sonstiges Ausbaugewerbe",6956
2015,3,45,Handel mit Motorfahrzeugen; Instandhaltung und Reparatur von Motorfahrzeugen,2517
2015,3,"50,51","Schifffahrt, Luftfahrt",77
2015,3,53,"Post-, Kurier- und Expressdienste",991
2015,3,58,Verlagswesen,109
2015,3,62,Erbringung von Dienstleistungen der Informationstechnologie,1186
2015,3,66,Mit Finanz- und Versicherungsdienstleistungen verbundene Tätigkeiten,895
2015,3,70,Verwaltung und Führung von Unternehmen und Betrieben; Unternehmensberatung,1477
2015,3,77,Vermietung von beweglichen Sachen,145
2015,3,78,Vermittlung und Überlassung von Arbeitskräften,1600
2015,3,88,Sozialwesen (ohne Heime),1353
2015,3,91,"Bibliotheken, Archive, Museen, botanische und zoologische Gärten",117
2015,3,94,Interessenvertretungen sowie kirchliche und sonstige religiöse Vereinigungen (ohne Sozialwesen und S,1203
2015,2,10,Herstellung von Nahrungs- und Futtermitteln,3149
2015,2,11,Getränkeherstellung,228
2015,2,14,Herstellung von Bekleidung,103
2015,2,19,Kokerei und Mineralölverarbeitung,0
2015,2,24,Metallerzeugung und -bearbeitung,432
2015,2,29,Herstellung von Automobilen und Automobilteilen,644
2015,2,41,Hochbau,2462
2015,3,47,Detailhandel (ohne Handel mit Motorfahrzeugen),5356
2015,3,55,Beherbergung,950
2015,3,56,Gastronomie,2042
2015,3,"59, 60","Herstellung, Verleih und Vertrieb von Filmen und Fernsehprogrammen; Kinos; Tonstudios und Verlegen von Musik; Rundfunkveranstalter",49
2015,3,63,Informationsdienstleistungen,228
2015,3,64,Erbringung von Finanzdienstleistungen,1417
2015,3,65,"Versicherungen, Rückversicherungen und Pensionskassen (ohne Sozialversicherung)",124
2015,3,68,Grundstücks- und Wohnungswesen,822
2015,3,71,"Architektur- und Ingenieurbüros; technische, physikalische und chemische Untersuchung",2613
2015,3,75,Veterinärwesen,178
2015,3,81,Gebäudebetreuung; Garten- und Landschaftsbau,1994
2015,3,82,Erbringung von wirtschaftlichen Dienstleistungen für Unternehmen und Privatpersonen a. n. g.,887
2015,3,86,Gesundheitswesen,6851
2015,3,87,Heime (ohne Erholungs- und Ferienheime),3966
2015,3,90,"Kreative, künstlerische und unterhaltende Tätigkeiten",253
2015,3,95,Reparatur von Datenverarbeitungsgeräten und Gebrauchsgütern,96
2015,3,96,Erbringung von sonstigen überwiegend persönlichen Dienstleistungen,1226
2014,1,1,"Landwirtschaft, Jagd und damit verbundene Tätigkeiten",5842
2014,1,3,Fischerei und Aquakultur,26
2014,2,13,Herstellung von Textilien,294
2014,2,17,"Herstellung von Papier, Pappe und Waren daraus",435
2014,2,19,Kokerei und Mineralölverarbeitung,0
2014,2,24,Metallerzeugung und -bearbeitung,418
2014,2,25,Herstellung von Metallerzeugnissen,4631
2014,2,27,Herstellung von elektrischen Ausrüstungen,1187
2014,2,31,Herstellung von Möbeln,854
2014,2,"38, 39","Sammlung, Behandlung und Beseitigung von Abfällen; Rückgewinnung; Beseitigung von Umweltverschmutzungen und sonstige Entsorgung",347
2014,2,41,Hochbau,2449
2014,2,42,Tiefbau,838
2014,3,56,Gastronomie,1992
2014,3,58,Verlagswesen,126
2014,3,62,Erbringung von Dienstleistungen der Informationstechnologie,1152
2014,3,63,Informationsdienstleistungen,237
2014,3,66,Mit Finanz- und Versicherungsdienstleistungen verbundene Tätigkeiten,901
2014,3,70,Verwaltung und Führung von Unternehmen und Betrieben; Unternehmensberatung,1267
2014,3,71,"Architektur- und Ingenieurbüros; technische, physikalische und chemische Untersuchung",2640
2014,3,77,Vermietung von beweglichen Sachen,127
2014,3,87,Heime (ohne Erholungs- und Ferienheime),3831
2014,3,95,Reparatur von Datenverarbeitungsgeräten und Gebrauchsgütern,107
2014,1,2,Forstwirtschaft und Holzeinschlag,130
2014,2,"06,07,08","Gewinnung von Erdöl und Erdgas; Gewinnung von Steinen und Erden, sonstiger Bergbau",111
2014,2,18,"Herstellung von Druckerzeugnissen; Vervielfältigung von bespielten Ton-, Bild- und Datenträgern",532
2014,2,20,Herstellung von chemischen Erzeugnissen,790
2014,2,21,Herstellung von pharmazeutischen Erzeugnissen,402
2014,2,28,Maschinenbau,2815
2014,2,30,Sonstiger Fahrzeugbau,1597
2014,2,32,Herstellung von sonstigen Waren,298
2014,2,35,Energieversorgung,459
2014,2,"36,37","Wasserversorgung, Abwasserentsorgung",78
2014,2,43,"Vorbereitende Baustellenarbeiten, Bauinstallation und sonstiges Ausbaugewerbe",6836
2014,3,45,Handel mit Motorfahrzeugen; Instandhaltung und Reparatur von Motorfahrzeugen,2509
2014,3,52,Lagerei sowie Erbringung von sonstigen Dienstleistungen für den Verkehr,591
2014,3,"59, 60","Herstellung, Verleih und Vertrieb von Filmen und Fernsehprogrammen; Kinos; Tonstudios und Verlegen von Musik; Rundfunkveranstalter",49
2014,3,61,Telekommunikation,90
2014,3,65,"Versicherungen, Rückversicherungen und Pensionskassen (ohne Sozialversicherung)",119
2014,3,68,Grundstücks- und Wohnungswesen,754
2014,3,69,"Rechts- und Steuerberatung, Wirtschaftsprüfung",855
2014,3,72,Forschung und Entwicklung,391
2014,3,74,"Sonstige freiberufliche, wissenschaftliche und technische Tätigkeiten",585
2014,3,78,Vermittlung und Überlassung von Arbeitskräften,1572
2014,3,79,"Reisebüros, Reiseveranstalter und Erbringung sonstiger Reservierungsdienstleistungen",200
2014,3,80,Wach- und Sicherheitsdienste sowie Detekteien,137
2014,3,84,"Öffentliche Verwaltung, Verteidigung; Sozialversicherung",3085
2014,3,86,Gesundheitswesen,6580
2014,3,88,Sozialwesen (ohne Heime),1295
2014,3,91,"Bibliotheken, Archive, Museen, botanische und zoologische Gärten",103
2014,3,"92,93","Spiel-, Wett- und Lotteriewesen; Erbringung von Dienstleistungen des Sports, der Unterhaltung und der Erholung",584
2014,3,94,Interessenvertretungen sowie kirchliche und sonstige religiöse Vereinigungen (ohne Sozialwesen und S,1172
2014,3,96,Erbringung von sonstigen überwiegend persönlichen Dienstleistungen,1145
2014,2,10,Herstellung von Nahrungs- und Futtermitteln,3176
2014,2,11,Getränkeherstellung,219
2014,2,14,Herstellung von Bekleidung,107
2014,2,15,"Herstellung von Leder, Lederwaren und Schuhen",77
2014,2,16,"Herstellung von Holz-, Flecht-, Korb- und Korkwaren (ohne Möbel)",1791
2014,2,22,Herstellung von Gummi- und Kunststoffwaren,1943
2014,2,23,"Herstellung von Glas und Glaswaren, Keramik, Verarbeitung von Steinen und Erden",1208
2014,2,26,"Herstellung von Datenverarbeitungsgeräten, elektronischen und optischen Erzeugnissen",1466
2014,2,29,Herstellung von Automobilen und Automobilteilen,658
2014,2,33,Reparatur und Installation von Maschinen und Ausrüstungen,740
2014,3,46,Grosshandel (ohne Handel mit Motorfahrzeugen),4782
2014,3,47,Detailhandel (ohne Handel mit Motorfahrzeugen),5441
2014,3,49,Landverkehr und Transport in Rohrfernleitungen,2375
2014,3,"50,51","Schifffahrt, Luftfahrt",67
2014,3,53,"Post-, Kurier- und Expressdienste",991
2014,3,55,Beherbergung,1037
2014,3,64,Erbringung von Finanzdienstleistungen,1439
2014,3,73,Werbung und Marktforschung,397
2014,3,75,Veterinärwesen,169
2014,3,81,Gebäudebetreuung; Garten- und Landschaftsbau,1898
2014,3,82,Erbringung von wirtschaftlichen Dienstleistungen für Unternehmen und Privatpersonen a. n. g.,868
2014,3,85,Erziehung und Unterricht,4839
2014,3,90,"Kreative, künstlerische und unterhaltende Tätigkeiten",272
2013,1,1,"Landwirtschaft, Jagd und damit verbundene Tätigkeiten",5912
2013,1,3,Fischerei und Aquakultur,10
2013,2,"06,07,08","Gewinnung von Erdöl und Erdgas; Gewinnung von Steinen und Erden, sonstiger Bergbau",111
2013,2,10,Herstellung von Nahrungs- und Futtermitteln,3080
2013,2,14,Herstellung von Bekleidung,106
2013,2,16,"Herstellung von Holz-, Flecht-, Korb- und Korkwaren (ohne Möbel)",1805
2013,2,18,"Herstellung von Druckerzeugnissen; Vervielfältigung von bespielten Ton-, Bild- und Datenträgern",526
2013,2,21,Herstellung von pharmazeutischen Erzeugnissen,387
2013,2,22,Herstellung von Gummi- und Kunststoffwaren,1703
2013,2,30,Sonstiger Fahrzeugbau,1585
2013,2,32,Herstellung von sonstigen Waren,438
2013,3,49,Landverkehr und Transport in Rohrfernleitungen,2358
2013,3,53,"Post-, Kurier- und Expressdienste",1014
2013,3,58,Verlagswesen,131
2013,3,"59, 60","Herstellung, Verleih und Vertrieb von Filmen und Fernsehprogrammen; Kinos; Tonstudios und Verlegen von Musik; Rundfunkveranstalter",45
2013,3,64,Erbringung von Finanzdienstleistungen,1407
2013,3,68,Grundstücks- und Wohnungswesen,748
2013,3,70,Verwaltung und Führung von Unternehmen und Betrieben; Unternehmensberatung,1301
2013,3,75,Veterinärwesen,171
2013,3,79,"Reisebüros, Reiseveranstalter und Erbringung sonstiger Reservierungsdienstleistungen",185
2013,3,81,Gebäudebetreuung; Garten- und Landschaftsbau,1812
2013,3,87,Heime (ohne Erholungs- und Ferienheime),3840
2013,3,88,Sozialwesen (ohne Heime),1240
2013,3,"92,93","Spiel-, Wett- und Lotteriewesen; Erbringung von Dienstleistungen des Sports, der Unterhaltung und der Erholung",564
2013,3,95,Reparatur von Datenverarbeitungsgeräten und Gebrauchsgütern,104
2013,1,2,Forstwirtschaft und Holzeinschlag,131
2013,2,15,"Herstellung von Leder, Lederwaren und Schuhen",73
2013,2,17,"Herstellung von Papier, Pappe und Waren daraus",444
2013,2,19,Kokerei und Mineralölverarbeitung,0
2013,2,20,Herstellung von chemischen Erzeugnissen,723
2013,2,24,Metallerzeugung und -bearbeitung,212
2013,2,29,Herstellung von Automobilen und Automobilteilen,698
2013,2,31,Herstellung von Möbeln,873
2013,2,"38, 39","Sammlung, Behandlung und Beseitigung von Abfällen; Rückgewinnung; Beseitigung von Umweltverschmutzungen und sonstige Entsorgung",358
2013,2,42,Tiefbau,861
2013,3,61,Telekommunikation,81
2013,3,62,Erbringung von Dienstleistungen der Informationstechnologie,1062
2013,3,69,"Rechts- und Steuerberatung, Wirtschaftsprüfung",845
2013,3,71,"Architektur- und Ingenieurbüros; technische, physikalische und chemische Untersuchung",2573
2013,3,73,Werbung und Marktforschung,378
2013,3,77,Vermietung von beweglichen Sachen,116
2013,3,78,Vermittlung und Überlassung von Arbeitskräften,1618
2013,3,80,Wach- und Sicherheitsdienste sowie Detekteien,118
2013,3,85,Erziehung und Unterricht,4683
2013,3,86,Gesundheitswesen,6443
2013,3,91,"Bibliotheken, Archive, Museen, botanische und zoologische Gärten",101
2013,3,94,Interessenvertretungen sowie kirchliche und sonstige religiöse Vereinigungen (ohne Sozialwesen und S,1158
2013,3,96,Erbringung von sonstigen überwiegend persönlichen Dienstleistungen,1144
2013,2,11,Getränkeherstellung,212
2013,2,13,Herstellung von Textilien,296
2013,2,23,"Herstellung von Glas und Glaswaren, Keramik, Verarbeitung von Steinen und Erden",1199
2013,2,25,Herstellung von Metallerzeugnissen,4742
2013,2,26,"Herstellung von Datenverarbeitungsgeräten, elektronischen und optischen Erzeugnissen",1445
2013,2,27,Herstellung von elektrischen Ausrüstungen,1152
2013,2,28,Maschinenbau,3120
2013,2,33,Reparatur und Installation von Maschinen und Ausrüstungen,695
2013,2,35,Energieversorgung,452
2013,2,"36,37","Wasserversorgung, Abwasserentsorgung",69
2013,2,41,Hochbau,2453
2013,2,43,"Vorbereitende Baustellenarbeiten, Bauinstallation und sonstiges Ausbaugewerbe",6801
2013,3,45,Handel mit Motorfahrzeugen; Instandhaltung und Reparatur von Motorfahrzeugen,2482
2013,3,46,Grosshandel (ohne Handel mit Motorfahrzeugen),4802
2013,3,47,Detailhandel (ohne Handel mit Motorfahrzeugen),5482
2013,3,"50,51","Schifffahrt, Luftfahrt",73
2013,3,52,Lagerei sowie Erbringung von sonstigen Dienstleistungen für den Verkehr,631
2013,3,55,Beherbergung,1009
2013,3,56,Gastronomie,2066
2013,3,63,Informationsdienstleistungen,245
2013,3,65,"Versicherungen, Rückversicherungen und Pensionskassen (ohne Sozialversicherung)",131
2013,3,66,Mit Finanz- und Versicherungsdienstleistungen verbundene Tätigkeiten,887
2013,3,72,Forschung und Entwicklung,379
2013,3,74,"Sonstige freiberufliche, wissenschaftliche und technische Tätigkeiten",578
2013,3,82,Erbringung von wirtschaftlichen Dienstleistungen für Unternehmen und Privatpersonen a. n. g.,586
2013,3,84,"Öffentliche Verwaltung, Verteidigung; Sozialversicherung",2975
2013,3,90,"Kreative, künstlerische und unterhaltende Tätigkeiten",267
2012,2,19,Kokerei und Mineralölverarbeitung,0
2012,2,26,"Herstellung von Datenverarbeitungsgeräten, elektronischen und optischen Erzeugnissen",1417
2012,2,27,Herstellung von elektrischen Ausrüstungen,1114
2012,2,35,Energieversorgung,436
2012,2,"36,37","Wasserversorgung, Abwasserentsorgung",70
2012,2,"38, 39","Sammlung, Behandlung und Beseitigung von Abfällen; Rückgewinnung; Beseitigung von Umweltverschmutzungen und sonstige Entsorgung",345
2012,2,42,Tiefbau,848
2012,3,45,Handel mit Motorfahrzeugen; Instandhaltung und Reparatur von Motorfahrzeugen,2477
2012,3,47,Detailhandel (ohne Handel mit Motorfahrzeugen),5468
2012,3,"50,51","Schifffahrt, Luftfahrt",84
2012,3,55,Beherbergung,990
2012,3,56,Gastronomie,2064
2012,3,63,Informationsdienstleistungen,267
2012,3,65,"Versicherungen, Rückversicherungen und Pensionskassen (ohne Sozialversicherung)",146
2012,3,69,"Rechts- und Steuerberatung, Wirtschaftsprüfung",833
2012,3,73,Werbung und Marktforschung,378
2012,3,85,Erziehung und Unterricht,4644
2012,3,96,Erbringung von sonstigen überwiegend persönlichen Dienstleistungen,1099
2012,1,1,"Landwirtschaft, Jagd und damit verbundene Tätigkeiten",5943
2012,1,3,Fischerei und Aquakultur,25
2012,2,"06,07,08","Gewinnung von Erdöl und Erdgas; Gewinnung von Steinen und Erden, sonstiger Bergbau",100
2012,2,10,Herstellung von Nahrungs- und Futtermitteln,3052
2012,2,11,Getränkeherstellung,208
2012,2,14,Herstellung von Bekleidung,107
2012,2,16,"Herstellung von Holz-, Flecht-, Korb- und Korkwaren (ohne Möbel)",1808
2012,2,17,"Herstellung von Papier, Pappe und Waren daraus",451
2012,2,18,"Herstellung von Druckerzeugnissen; Vervielfältigung von bespielten Ton-, Bild- und Datenträgern",549
2012,2,20,Herstellung von chemischen Erzeugnissen,718
2012,2,21,Herstellung von pharmazeutischen Erzeugnissen,373
2012,2,23,"Herstellung von Glas und Glaswaren, Keramik, Verarbeitung von Steinen und Erden",1173
2012,2,24,Metallerzeugung und -bearbeitung,164
2012,2,25,Herstellung von Metallerzeugnissen,4993
2012,2,31,Herstellung von Möbeln,814
2012,2,33,Reparatur und Installation von Maschinen und Ausrüstungen,649
2012,2,41,Hochbau,2248
2012,2,43,"Vorbereitende Baustellenarbeiten, Bauinstallation und sonstiges Ausbaugewerbe",6522
2012,3,46,Grosshandel (ohne Handel mit Motorfahrzeugen),4963
2012,3,52,Lagerei sowie Erbringung von sonstigen Dienstleistungen für den Verkehr,651
2012,3,58,Verlagswesen,119
2012,3,61,Telekommunikation,112
2012,3,62,Erbringung von Dienstleistungen der Informationstechnologie,1001
2012,3,64,Erbringung von Finanzdienstleistungen,1394
2012,3,70,Verwaltung und Führung von Unternehmen und Betrieben; Unternehmensberatung,1292
2012,3,74,"Sonstige freiberufliche, wissenschaftliche und technische Tätigkeiten",558
2012,3,78,Vermittlung und Überlassung von Arbeitskräften,1484
2012,3,79,"Reisebüros, Reiseveranstalter und Erbringung sonstiger Reservierungsdienstleistungen",200
2012,3,80,Wach- und Sicherheitsdienste sowie Detekteien,129
2012,3,81,Gebäudebetreuung; Garten- und Landschaftsbau,1723
2012,3,86,Gesundheitswesen,6129
2012,3,87,Heime (ohne Erholungs- und Ferienheime),3668
2012,3,91,"Bibliotheken, Archive, Museen, botanische und zoologische Gärten",100
2012,3,"92,93","Spiel-, Wett- und Lotteriewesen; Erbringung von Dienstleistungen des Sports, der Unterhaltung und der Erholung",543
2012,3,94,Interessenvertretungen sowie kirchliche und sonstige religiöse Vereinigungen (ohne Sozialwesen und S,1229
2012,3,95,Reparatur von Datenverarbeitungsgeräten und Gebrauchsgütern,103
2012,1,2,Forstwirtschaft und Holzeinschlag,126
2012,2,13,Herstellung von Textilien,298
2012,2,15,"Herstellung von Leder, Lederwaren und Schuhen",110
2012,2,22,Herstellung von Gummi- und Kunststoffwaren,1754
2012,2,28,Maschinenbau,3341
2012,2,29,Herstellung von Automobilen und Automobilteilen,789
2012,2,30,Sonstiger Fahrzeugbau,1645
2012,2,32,Herstellung von sonstigen Waren,469
2012,3,49,Landverkehr und Transport in Rohrfernleitungen,2324
2012,3,53,"Post-, Kurier- und Expressdienste",1001
2012,3,"59, 60","Herstellung, Verleih und Vertrieb von Filmen und Fernsehprogrammen; Kinos; Tonstudios und Verlegen von Musik; Rundfunkveranstalter",52
2012,3,66,Mit Finanz- und Versicherungsdienstleistungen verbundene Tätigkeiten,825
2012,3,68,Grundstücks- und Wohnungswesen,759
2012,3,71,"Architektur- und Ingenieurbüros; technische, physikalische und chemische Untersuchung",2488
2012,3,72,Forschung und Entwicklung,376
2012,3,75,Veterinärwesen,162
2012,3,77,Vermietung von beweglichen Sachen,110
2012,3,82,Erbringung von wirtschaftlichen Dienstleistungen für Unternehmen und Privatpersonen a. n. g.,557
2012,3,84,"Öffentliche Verwaltung, Verteidigung; Sozialversicherung",2973
2012,3,88,Sozialwesen (ohne Heime),1146
2012,3,90,"Kreative, künstlerische und unterhaltende Tätigkeiten",269
2011,1,1,"Landwirtschaft, Jagd und damit verbundene Tätigkeiten",5985
2011,1,3,Fischerei und Aquakultur,16
2011,2,"06,07,08","Gewinnung von Erdöl und Erdgas; Gewinnung von Steinen und Erden, sonstiger Bergbau",103
2011,2,11,Getränkeherstellung,217
2011,2,13,Herstellung von Textilien,339
2011,2,14,Herstellung von Bekleidung,109
2011,2,16,"Herstellung von Holz-, Flecht-, Korb- und Korkwaren (ohne Möbel)",1745
2011,2,18,"Herstellung von Druckerzeugnissen; Vervielfältigung von bespielten Ton-, Bild- und Datenträgern",531
2011,2,25,Herstellung von Metallerzeugnissen,5041
2011,2,28,Maschinenbau,3384
2011,2,32,Herstellung von sonstigen Waren,486
2011,2,"36,37","Wasserversorgung, Abwasserentsorgung",59
2011,2,43,"Vorbereitende Baustellenarbeiten, Bauinstallation und sonstiges Ausbaugewerbe",6279
2011,3,47,Detailhandel (ohne Handel mit Motorfahrzeugen),5323
2011,3,"50,51","Schifffahrt, Luftfahrt",88
2011,3,53,"Post-, Kurier- und Expressdienste",1020
2011,3,55,Beherbergung,951
2011,3,61,Telekommunikation,81
2011,3,64,Erbringung von Finanzdienstleistungen,1335
2011,3,65,"Versicherungen, Rückversicherungen und Pensionskassen (ohne Sozialversicherung)",160
2011,3,71,"Architektur- und Ingenieurbüros; technische, physikalische und chemische Untersuchung",2414
2011,3,79,"Reisebüros, Reiseveranstalter und Erbringung sonstiger Reservierungsdienstleistungen",187
2011,3,84,"Öffentliche Verwaltung, Verteidigung; Sozialversicherung",2932
2011,3,87,Heime (ohne Erholungs- und Ferienheime),3611
2011,3,88,Sozialwesen (ohne Heime),1095
2011,3,90,"Kreative, künstlerische und unterhaltende Tätigkeiten",236
2011,3,91,"Bibliotheken, Archive, Museen, botanische und zoologische Gärten",96
2011,3,"92,93","Spiel-, Wett- und Lotteriewesen; Erbringung von Dienstleistungen des Sports, der Unterhaltung und der Erholung",515
2011,2,17,"Herstellung von Papier, Pappe und Waren daraus",441
2011,2,21,Herstellung von pharmazeutischen Erzeugnissen,371
2011,2,23,"Herstellung von Glas und Glaswaren, Keramik, Verarbeitung von Steinen und Erden",1168
2011,2,24,Metallerzeugung und -bearbeitung,157
2011,2,30,Sonstiger Fahrzeugbau,1483
2011,2,35,Energieversorgung,433
2011,2,41,Hochbau,2012
2011,2,42,Tiefbau,801
2011,3,45,Handel mit Motorfahrzeugen; Instandhaltung und Reparatur von Motorfahrzeugen,2313
2011,3,46,Grosshandel (ohne Handel mit Motorfahrzeugen),4596
2011,3,49,Landverkehr und Transport in Rohrfernleitungen,2236
2011,3,56,Gastronomie,2010
2011,3,62,Erbringung von Dienstleistungen der Informationstechnologie,969
2011,3,63,Informationsdienstleistungen,315
2011,3,66,Mit Finanz- und Versicherungsdienstleistungen verbundene Tätigkeiten,799
2011,3,68,Grundstücks- und Wohnungswesen,740
2011,3,69,"Rechts- und Steuerberatung, Wirtschaftsprüfung",824
2011,3,73,Werbung und Marktforschung,374
2011,3,74,"Sonstige freiberufliche, wissenschaftliche und technische Tätigkeiten",536
2011,3,75,Veterinärwesen,159
2011,3,77,Vermietung von beweglichen Sachen,97
2011,3,78,Vermittlung und Überlassung von Arbeitskräften,1651
2011,3,81,Gebäudebetreuung; Garten- und Landschaftsbau,1648
2011,3,82,Erbringung von wirtschaftlichen Dienstleistungen für Unternehmen und Privatpersonen a. n. g.,439
2011,3,96,Erbringung von sonstigen überwiegend persönlichen Dienstleistungen,1050
2011,1,2,Forstwirtschaft und Holzeinschlag,119
2011,2,10,Herstellung von Nahrungs- und Futtermitteln,2957
2011,2,15,"Herstellung von Leder, Lederwaren und Schuhen",130
2011,2,19,Kokerei und Mineralölverarbeitung,0
2011,2,20,Herstellung von chemischen Erzeugnissen,973
2011,2,22,Herstellung von Gummi- und Kunststoffwaren,1812
2011,2,26,"Herstellung von Datenverarbeitungsgeräten, elektronischen und optischen Erzeugnissen",1416
2011,2,27,Herstellung von elektrischen Ausrüstungen,1162
2011,2,29,Herstellung von Automobilen und Automobilteilen,883
2011,2,31,Herstellung von Möbeln,1014
2011,2,33,Reparatur und Installation von Maschinen und Ausrüstungen,651
2011,2,"38, 39","Sammlung, Behandlung und Beseitigung von Abfällen; Rückgewinnung; Beseitigung von Umweltverschmutzungen und sonstige Entsorgung",339
2011,3,52,Lagerei sowie Erbringung von sonstigen Dienstleistungen für den Verkehr,578
2011,3,58,Verlagswesen,124
2011,3,"59, 60","Herstellung, Verleih und Vertrieb von Filmen und Fernsehprogrammen; Kinos; Tonstudios und Verlegen von Musik; Rundfunkveranstalter",45
2011,3,70,Verwaltung und Führung von Unternehmen und Betrieben; Unternehmensberatung,1039
2011,3,72,Forschung und Entwicklung,358
2011,3,80,Wach- und Sicherheitsdienste sowie Detekteien,109
2011,3,85,Erziehung und Unterricht,4549
2011,3,86,Gesundheitswesen,5736
2011,3,94,Interessenvertretungen sowie kirchliche und sonstige religiöse Vereinigungen (ohne Sozialwesen und S,1239
2011,3,95,Reparatur von Datenverarbeitungsgeräten und Gebrauchsgütern,99
