﻿bfs_nr_gemeinde,gemeinde,jahr,sozialhilfequote
4426,Kesswil,2023,0.3
4441,Salmsach,2023,0.4
4461,Amriswil,2023,1.0
4511,Zihlschlacht-Sitterdorf,2023,0.6
4551,Aadorf,2023,0.6
4561,Felben-Wellhausen,2023,1.1
4601,Neunforn,2023,
4606,Stettfurt,2023,
4616,Uesslingen-Buch,2023,
4671,Kreuzlingen,2023,1.5
4691,Münsterlingen,2023,0.8
4696,Tägerwilen,2023,0.2
4724,Eschlikon,2023,0.8
4751,Rickenbach,2023,1.7
4756,Schönholzerswilen,2023,
4781,Wängi,2023,0.8
4826,Mammern,2023,
4864,Steckborn,2023,1.5
4911,Bürglen,2023,0.9
4921,Bussnang,2023,0.7
4941,Märstetten,2023,0.9
4401,Arbon,2023,2.4
4411,Egnach,2023,1.1
4431,Roggwil,2023,0.5
4451,Uttwil,2023,0.7
4476,Erlen,2023,1.1
4486,Hauptwil-Gottshaus,2023,0.5
4501,Kradolf-Schönenberg,2023,1.1
4506,Sulgen,2023,0.9
4571,Gachnang,2023,0.5
4591,Matzingen,2023,0.5
4611,Thundorf,2023,0.3
4621,Warth-Weiningen,2023,
4641,Altnau,2023,0.2
4643,Bottighofen,2023,0.4
4646,Ermatingen,2023,
4651,Gottlieben,2023,
4656,Güttingen,2023,0.7
4666,Kemmental,2023,1.0
4711,Affeltrangen,2023,0.8
4716,Bettwiesen,2023,0.9
4723,Braunau,2023,0.9
4726,Fischingen,2023,0.9
4761,Sirnach,2023,1.6
4786,Wilen,2023,0.8
4791,Wuppenau,2023,0.6
4821,Hüttwilen,2023,0.6
4851,Salenstein,2023,0.4
4871,Wagenhausen,2023,1.1
4901,Birwinken,2023,
4406,Dozwil,2023,
4416,Hefenhofen,2023,0.8
4421,Horn,2023,0.7
4436,Romanshorn,2023,2.3
4446,Sommeri,2023,0.9
4471,Bischofszell,2023,1.1
4495,Hohentannen,2023,
4536,Basadingen-Schlattingen,2023,1.2
4545,Diessenhofen,2023,1.7
4546,Schlatt,2023,0.5
4566,Frauenfeld,2023,2.0
4590,Hüttlingen,2023,0.6
4681,Langrickenbach,2023,0.6
4683,Lengwil,2023,0.2
4701,Wäldi,2023,0.5
4721,Bichelsee-Balterswil,2023,0.6
4741,Lommis,2023,0.5
4746,Münchwilen,2023,0.7
4776,Tobel-Tägerschen,2023,0.6
4801,Berlingen,2023,0.3
4806,Eschenz,2023,0.4
4811,Herdern,2023,0.3
4816,Homburg,2023,0.4
4831,Müllheim,2023,1.1
4841,Pfyn,2023,0.9
4846,Raperswilen,2023,
4881,Amlikon-Bissegg,2023,
4891,Berg,2023,0.8
4946,Weinfelden,2023,1.0
4951,Wigoltingen,2023,0.5
4406,Dozwil,2022,
4421,Horn,2022,0.6
4426,Kesswil,2022,
4431,Roggwil,2022,0.6
4436,Romanshorn,2022,2.3
4461,Amriswil,2022,1.2
4476,Erlen,2022,0.8
4495,Hohentannen,2022,0.5
4506,Sulgen,2022,1.2
4546,Schlatt,2022,0.4
4590,Hüttlingen,2022,0.6
4621,Warth-Weiningen,2022,
4643,Bottighofen,2022,0.2
4646,Ermatingen,2022,0.4
4651,Gottlieben,2022,1.2
4656,Güttingen,2022,0.2
4681,Langrickenbach,2022,0.6
4696,Tägerwilen,2022,0.2
4721,Bichelsee-Balterswil,2022,0.6
4741,Lommis,2022,0.3
4751,Rickenbach,2022,1.9
4761,Sirnach,2022,1.4
4776,Tobel-Tägerschen,2022,0.5
4781,Wängi,2022,0.9
4786,Wilen,2022,1.0
4801,Berlingen,2022,
4826,Mammern,2022,0.4
4841,Pfyn,2022,1.0
4846,Raperswilen,2022,
4864,Steckborn,2022,1.1
4891,Berg,2022,0.8
4911,Bürglen,2022,0.9
4401,Arbon,2022,2.8
4411,Egnach,2022,1.2
4441,Salmsach,2022,0.8
4486,Hauptwil-Gottshaus,2022,0.3
4501,Kradolf-Schönenberg,2022,1.1
4536,Basadingen-Schlattingen,2022,1.1
4551,Aadorf,2022,0.7
4561,Felben-Wellhausen,2022,1.4
4566,Frauenfeld,2022,2.2
4571,Gachnang,2022,0.5
4641,Altnau,2022,0.2
4691,Münsterlingen,2022,0.4
4711,Affeltrangen,2022,1.3
4723,Braunau,2022,0.5
4724,Eschlikon,2022,0.9
4756,Schönholzerswilen,2022,
4806,Eschenz,2022,0.5
4821,Hüttwilen,2022,0.4
4851,Salenstein,2022,0.4
4871,Wagenhausen,2022,1.0
4881,Amlikon-Bissegg,2022,1.1
4921,Bussnang,2022,0.7
4941,Märstetten,2022,0.9
4416,Hefenhofen,2022,1.8
4446,Sommeri,2022,1.1
4451,Uttwil,2022,1.1
4471,Bischofszell,2022,1.5
4511,Zihlschlacht-Sitterdorf,2022,0.7
4545,Diessenhofen,2022,1.7
4591,Matzingen,2022,0.5
4601,Neunforn,2022,0.7
4606,Stettfurt,2022,
4611,Thundorf,2022,
4616,Uesslingen-Buch,2022,
4666,Kemmental,2022,0.6
4671,Kreuzlingen,2022,1.5
4683,Lengwil,2022,0.4
4701,Wäldi,2022,0.5
4716,Bettwiesen,2022,0.7
4726,Fischingen,2022,0.7
4746,Münchwilen,2022,1.1
4791,Wuppenau,2022,0.3
4811,Herdern,2022,
4816,Homburg,2022,0.4
4831,Müllheim,2022,1.3
4901,Birwinken,2022,
4946,Weinfelden,2022,1.2
4951,Wigoltingen,2022,1.3
4406,Dozwil,2021,
4416,Hefenhofen,2021,1.8
4421,Horn,2021,0.8
4471,Bischofszell,2021,1.3
4476,Erlen,2021,0.9
4486,Hauptwil-Gottshaus,2021,0.7
4495,Hohentannen,2021,0.5
4506,Sulgen,2021,1.2
4536,Basadingen-Schlattingen,2021,0.6
4571,Gachnang,2021,0.4
4590,Hüttlingen,2021,0.8
4601,Neunforn,2021,1.1
4621,Warth-Weiningen,2021,
4646,Ermatingen,2021,0.2
4666,Kemmental,2021,1.0
4681,Langrickenbach,2021,0.8
4683,Lengwil,2021,0.5
4711,Affeltrangen,2021,0.8
4751,Rickenbach,2021,2.5
4761,Sirnach,2021,1.5
4776,Tobel-Tägerschen,2021,0.8
4791,Wuppenau,2021,0.3
4821,Hüttwilen,2021,0.3
4831,Müllheim,2021,1.2
4846,Raperswilen,2021,
4864,Steckborn,2021,0.9
4871,Wagenhausen,2021,1.1
4881,Amlikon-Bissegg,2021,1.1
4901,Birwinken,2021,
4941,Märstetten,2021,1.1
4411,Egnach,2021,1.1
4426,Kesswil,2021,
4441,Salmsach,2021,1.2
4446,Sommeri,2021,1.6
4451,Uttwil,2021,1.5
4461,Amriswil,2021,1.3
4511,Zihlschlacht-Sitterdorf,2021,0.6
4546,Schlatt,2021,0.8
4551,Aadorf,2021,0.7
4561,Felben-Wellhausen,2021,1.3
4566,Frauenfeld,2021,2.4
4591,Matzingen,2021,0.8
4643,Bottighofen,2021,0.3
4656,Güttingen,2021,0.2
4716,Bettwiesen,2021,0.5
4721,Bichelsee-Balterswil,2021,0.9
4726,Fischingen,2021,1.0
4746,Münchwilen,2021,1.3
4756,Schönholzerswilen,2021,
4781,Wängi,2021,1.0
4786,Wilen,2021,0.9
4806,Eschenz,2021,0.5
4826,Mammern,2021,
4841,Pfyn,2021,1.1
4921,Bussnang,2021,0.9
4401,Arbon,2021,3.4
4431,Roggwil,2021,0.5
4436,Romanshorn,2021,2.3
4501,Kradolf-Schönenberg,2021,1.6
4545,Diessenhofen,2021,1.5
4606,Stettfurt,2021,
4611,Thundorf,2021,0.3
4616,Uesslingen-Buch,2021,
4641,Altnau,2021,0.3
4651,Gottlieben,2021,
4671,Kreuzlingen,2021,1.8
4691,Münsterlingen,2021,0.2
4696,Tägerwilen,2021,0.5
4701,Wäldi,2021,0.7
4723,Braunau,2021,0.5
4724,Eschlikon,2021,0.8
4741,Lommis,2021,0.4
4801,Berlingen,2021,
4811,Herdern,2021,
4816,Homburg,2021,0.5
4851,Salenstein,2021,0.4
4891,Berg,2021,0.8
4911,Bürglen,2021,0.9
4946,Weinfelden,2021,1.3
4951,Wigoltingen,2021,1.1
4401,Arbon,2020,3.6
4426,Kesswil,2020,
4431,Roggwil,2020,0.4
4441,Salmsach,2020,1.2
4446,Sommeri,2020,0.8
4451,Uttwil,2020,1.5
4471,Bischofszell,2020,1.4
4486,Hauptwil-Gottshaus,2020,0.4
4506,Sulgen,2020,1.6
4536,Basadingen-Schlattingen,2020,0.6
4546,Schlatt,2020,1.1
4561,Felben-Wellhausen,2020,1.4
4591,Matzingen,2020,1.3
4651,Gottlieben,2020,1.2
4671,Kreuzlingen,2020,2.0
4681,Langrickenbach,2020,
4696,Tägerwilen,2020,0.4
4701,Wäldi,2020,0.7
4746,Münchwilen,2020,1.4
4756,Schönholzerswilen,2020,
4776,Tobel-Tägerschen,2020,1.2
4806,Eschenz,2020,0.5
4811,Herdern,2020,
4816,Homburg,2020,
4826,Mammern,2020,
4864,Steckborn,2020,1.0
4911,Bürglen,2020,0.9
4941,Märstetten,2020,1.1
4411,Egnach,2020,1.1
4476,Erlen,2020,0.7
4495,Hohentannen,2020,0.5
4511,Zihlschlacht-Sitterdorf,2020,1.0
4566,Frauenfeld,2020,2.6
4590,Hüttlingen,2020,0.7
4611,Thundorf,2020,
4616,Uesslingen-Buch,2020,
4641,Altnau,2020,0.6
4646,Ermatingen,2020,0.3
4656,Güttingen,2020,0.4
4666,Kemmental,2020,0.7
4683,Lengwil,2020,
4716,Bettwiesen,2020,0.5
4723,Braunau,2020,0.5
4724,Eschlikon,2020,1.1
4726,Fischingen,2020,0.9
4751,Rickenbach,2020,2.2
4781,Wängi,2020,0.9
4786,Wilen,2020,0.8
4801,Berlingen,2020,0.4
4821,Hüttwilen,2020,0.3
4871,Wagenhausen,2020,0.7
4881,Amlikon-Bissegg,2020,1.2
4901,Birwinken,2020,
4951,Wigoltingen,2020,1.0
4406,Dozwil,2020,
4416,Hefenhofen,2020,2.0
4421,Horn,2020,1.1
4436,Romanshorn,2020,2.3
4461,Amriswil,2020,1.5
4501,Kradolf-Schönenberg,2020,1.8
4545,Diessenhofen,2020,1.9
4551,Aadorf,2020,1.1
4571,Gachnang,2020,0.4
4601,Neunforn,2020,
4606,Stettfurt,2020,
4621,Warth-Weiningen,2020,
4643,Bottighofen,2020,0.3
4691,Münsterlingen,2020,0.4
4711,Affeltrangen,2020,0.6
4721,Bichelsee-Balterswil,2020,1.1
4741,Lommis,2020,0.5
4761,Sirnach,2020,1.5
4791,Wuppenau,2020,
4831,Müllheim,2020,1.2
4841,Pfyn,2020,1.1
4846,Raperswilen,2020,
4851,Salenstein,2020,0.5
4891,Berg,2020,0.9
4921,Bussnang,2020,1.0
4946,Weinfelden,2020,1.6
4406,Dozwil,2019,
4411,Egnach,2019,0.9
4416,Hefenhofen,2019,2.2
4421,Horn,2019,1.1
4426,Kesswil,2019,
4431,Roggwil,2019,0.5
4436,Romanshorn,2019,2.6
4446,Sommeri,2019,1.2
4451,Uttwil,2019,1.5
4461,Amriswil,2019,1.8
4486,Hauptwil-Gottshaus,2019,0.8
4495,Hohentannen,2019,
4501,Kradolf-Schönenberg,2019,2.0
4506,Sulgen,2019,2.9
4545,Diessenhofen,2019,1.9
4571,Gachnang,2019,0.5
4651,Gottlieben,2019,1.2
4691,Münsterlingen,2019,0.6
4696,Tägerwilen,2019,0.6
4711,Affeltrangen,2019,0.4
4746,Münchwilen,2019,1.5
4756,Schönholzerswilen,2019,
4761,Sirnach,2019,1.6
4776,Tobel-Tägerschen,2019,1.2
4786,Wilen,2019,0.4
4806,Eschenz,2019,0.6
4826,Mammern,2019,
4831,Müllheim,2019,1.6
4841,Pfyn,2019,0.8
4864,Steckborn,2019,1.4
4871,Wagenhausen,2019,0.8
4881,Amlikon-Bissegg,2019,0.4
4901,Birwinken,2019,0.7
4951,Wigoltingen,2019,1.2
4511,Zihlschlacht-Sitterdorf,2019,1.2
4536,Basadingen-Schlattingen,2019,1.3
4551,Aadorf,2019,1.1
4591,Matzingen,2019,1.0
4601,Neunforn,2019,
4621,Warth-Weiningen,2019,
4641,Altnau,2019,0.7
4643,Bottighofen,2019,0.6
4646,Ermatingen,2019,0.7
4666,Kemmental,2019,0.7
4671,Kreuzlingen,2019,2.2
4683,Lengwil,2019,
4701,Wäldi,2019,1.1
4716,Bettwiesen,2019,0.6
4726,Fischingen,2019,0.6
4751,Rickenbach,2019,1.8
4791,Wuppenau,2019,
4811,Herdern,2019,
4821,Hüttwilen,2019,0.2
4846,Raperswilen,2019,
4851,Salenstein,2019,0.9
4891,Berg,2019,0.9
4911,Bürglen,2019,1.0
4921,Bussnang,2019,0.9
4946,Weinfelden,2019,1.3
4401,Arbon,2019,4.0
4441,Salmsach,2019,1.0
4471,Bischofszell,2019,1.5
4476,Erlen,2019,0.7
4546,Schlatt,2019,1.2
4561,Felben-Wellhausen,2019,1.8
4566,Frauenfeld,2019,2.5
4590,Hüttlingen,2019,0.8
4606,Stettfurt,2019,0.5
4611,Thundorf,2019,
4616,Uesslingen-Buch,2019,0.6
4656,Güttingen,2019,0.3
4681,Langrickenbach,2019,0.9
4721,Bichelsee-Balterswil,2019,0.7
4723,Braunau,2019,0.4
4724,Eschlikon,2019,1.4
4741,Lommis,2019,0.3
4781,Wängi,2019,1.4
4801,Berlingen,2019,0.6
4816,Homburg,2019,0.3
4941,Märstetten,2019,1.0
4436,Romanshorn,2018,2.8
4501,Kradolf-Schönenberg,2018,1.7
4511,Zihlschlacht-Sitterdorf,2018,1.2
4551,Aadorf,2018,1.0
4561,Felben-Wellhausen,2018,1.6
4566,Frauenfeld,2018,2.6
4591,Matzingen,2018,1.2
4611,Thundorf,2018,
4671,Kreuzlingen,2018,2.7
4721,Bichelsee-Balterswil,2018,0.5
4724,Eschlikon,2018,1.3
4751,Rickenbach,2018,1.6
4776,Tobel-Tägerschen,2018,1.0
4811,Herdern,2018,
4816,Homburg,2018,0.4
4841,Pfyn,2018,1.1
4871,Wagenhausen,2018,1.1
4921,Bussnang,2018,1.3
4941,Märstetten,2018,1.1
4946,Weinfelden,2018,1.3
4401,Arbon,2018,4.6
4411,Egnach,2018,1.0
4421,Horn,2018,0.9
4451,Uttwil,2018,1.8
4461,Amriswil,2018,1.7
4471,Bischofszell,2018,1.6
4476,Erlen,2018,0.9
4486,Hauptwil-Gottshaus,2018,0.5
4506,Sulgen,2018,3.0
4536,Basadingen-Schlattingen,2018,1.4
4590,Hüttlingen,2018,1.4
4601,Neunforn,2018,
4621,Warth-Weiningen,2018,
4641,Altnau,2018,1.0
4643,Bottighofen,2018,0.8
4646,Ermatingen,2018,0.8
4666,Kemmental,2018,1.0
4696,Tägerwilen,2018,0.5
4701,Wäldi,2018,
4723,Braunau,2018,0.5
4781,Wängi,2018,0.9
4786,Wilen,2018,0.4
4806,Eschenz,2018,1.0
4831,Müllheim,2018,1.5
4864,Steckborn,2018,1.4
4911,Bürglen,2018,1.1
4406,Dozwil,2018,
4416,Hefenhofen,2018,1.6
4426,Kesswil,2018,
4431,Roggwil,2018,0.5
4441,Salmsach,2018,0.6
4446,Sommeri,2018,1.2
4495,Hohentannen,2018,
4545,Diessenhofen,2018,2.0
4546,Schlatt,2018,1.3
4571,Gachnang,2018,0.5
4606,Stettfurt,2018,0.3
4616,Uesslingen-Buch,2018,
4651,Gottlieben,2018,1.1
4656,Güttingen,2018,0.3
4681,Langrickenbach,2018,1.2
4683,Lengwil,2018,0.6
4691,Münsterlingen,2018,0.7
4711,Affeltrangen,2018,0.8
4716,Bettwiesen,2018,0.6
4726,Fischingen,2018,0.7
4741,Lommis,2018,0.7
4746,Münchwilen,2018,1.6
4756,Schönholzerswilen,2018,
4761,Sirnach,2018,1.4
4791,Wuppenau,2018,
4801,Berlingen,2018,0.6
4821,Hüttwilen,2018,
4826,Mammern,2018,
4846,Raperswilen,2018,
4851,Salenstein,2018,0.9
4881,Amlikon-Bissegg,2018,1.9
4891,Berg,2018,0.8
4901,Birwinken,2018,0.5
4951,Wigoltingen,2018,1.2
4416,Hefenhofen,2017,2.1
4421,Horn,2017,0.8
4431,Roggwil,2017,0.6
4441,Salmsach,2017,1.2
4561,Felben-Wellhausen,2017,1.8
4566,Frauenfeld,2017,2.9
4591,Matzingen,2017,1.7
4606,Stettfurt,2017,0.3
4651,Gottlieben,2017,1.5
4671,Kreuzlingen,2017,3.2
4701,Wäldi,2017,0.5
4711,Affeltrangen,2017,1.3
4723,Braunau,2017,0.4
4741,Lommis,2017,0.7
4751,Rickenbach,2017,1.4
4761,Sirnach,2017,1.5
4801,Berlingen,2017,0.8
4811,Herdern,2017,
4816,Homburg,2017,0.3
4826,Mammern,2017,0.8
4831,Müllheim,2017,2.0
4841,Pfyn,2017,1.6
4864,Steckborn,2017,1.7
4881,Amlikon-Bissegg,2017,
4921,Bussnang,2017,1.1
4941,Märstetten,2017,1.3
4406,Dozwil,2017,0.7
4436,Romanshorn,2017,2.4
4471,Bischofszell,2017,1.8
4476,Erlen,2017,1.4
4486,Hauptwil-Gottshaus,2017,0.7
4495,Hohentannen,2017,0.5
4501,Kradolf-Schönenberg,2017,1.1
4506,Sulgen,2017,2.9
4545,Diessenhofen,2017,2.5
4551,Aadorf,2017,1.4
4571,Gachnang,2017,0.6
4590,Hüttlingen,2017,1.5
4611,Thundorf,2017,0.5
4621,Warth-Weiningen,2017,0.2
4641,Altnau,2017,1.1
4643,Bottighofen,2017,0.7
4646,Ermatingen,2017,1.1
4656,Güttingen,2017,0.6
4681,Langrickenbach,2017,1.3
4724,Eschlikon,2017,1.1
4756,Schönholzerswilen,2017,
4806,Eschenz,2017,0.8
4821,Hüttwilen,2017,
4846,Raperswilen,2017,
4851,Salenstein,2017,1.0
4871,Wagenhausen,2017,1.3
4891,Berg,2017,1.1
4951,Wigoltingen,2017,0.9
4401,Arbon,2017,5.0
4411,Egnach,2017,1.3
4426,Kesswil,2017,
4446,Sommeri,2017,0.9
4451,Uttwil,2017,1.5
4461,Amriswil,2017,2.1
4511,Zihlschlacht-Sitterdorf,2017,1.2
4536,Basadingen-Schlattingen,2017,1.4
4546,Schlatt,2017,2.1
4601,Neunforn,2017,
4616,Uesslingen-Buch,2017,
4666,Kemmental,2017,1.3
4683,Lengwil,2017,0.8
4691,Münsterlingen,2017,0.8
4696,Tägerwilen,2017,0.5
4716,Bettwiesen,2017,0.6
4721,Bichelsee-Balterswil,2017,0.5
4726,Fischingen,2017,1.1
4746,Münchwilen,2017,1.5
4776,Tobel-Tägerschen,2017,0.7
4781,Wängi,2017,0.9
4786,Wilen,2017,0.4
4791,Wuppenau,2017,
4901,Birwinken,2017,0.4
4911,Bürglen,2017,1.7
4946,Weinfelden,2017,1.5
4401,Arbon,2016,4.3
4411,Egnach,2016,1.2
4436,Romanshorn,2016,2.1
4471,Bischofszell,2016,1.4
4486,Hauptwil-Gottshaus,2016,0.3
4501,Kradolf-Schönenberg,2016,1.6
4545,Diessenhofen,2016,2.3
4546,Schlatt,2016,2.5
4571,Gachnang,2016,0.7
4616,Uesslingen-Buch,2016,
4641,Altnau,2016,1.1
4651,Gottlieben,2016,1.2
4671,Kreuzlingen,2016,3.3
4683,Lengwil,2016,1.3
4701,Wäldi,2016,1.0
4724,Eschlikon,2016,0.7
4741,Lommis,2016,0.3
4756,Schönholzerswilen,2016,
4806,Eschenz,2016,1.3
4811,Herdern,2016,
4816,Homburg,2016,0.3
4864,Steckborn,2016,2.1
4871,Wagenhausen,2016,1.1
4901,Birwinken,2016,0.4
4941,Märstetten,2016,1.3
4951,Wigoltingen,2016,1.2
4431,Roggwil,2016,0.7
4446,Sommeri,2016,0.6
4451,Uttwil,2016,0.7
4476,Erlen,2016,1.0
4495,Hohentannen,2016,
4506,Sulgen,2016,2.4
4511,Zihlschlacht-Sitterdorf,2016,1.2
4536,Basadingen-Schlattingen,2016,2.3
4551,Aadorf,2016,1.4
4601,Neunforn,2016,
4696,Tägerwilen,2016,0.7
4711,Affeltrangen,2016,1.5
4716,Bettwiesen,2016,0.5
4721,Bichelsee-Balterswil,2016,0.9
4723,Braunau,2016,
4751,Rickenbach,2016,2.3
4776,Tobel-Tägerschen,2016,0.6
4791,Wuppenau,2016,
4801,Berlingen,2016,1.4
4821,Hüttwilen,2016,0.4
4826,Mammern,2016,0.5
4831,Müllheim,2016,2.1
4841,Pfyn,2016,1.2
4891,Berg,2016,1.4
4911,Bürglen,2016,1.7
4921,Bussnang,2016,1.0
4946,Weinfelden,2016,1.4
4406,Dozwil,2016,1.3
4416,Hefenhofen,2016,1.7
4421,Horn,2016,0.8
4426,Kesswil,2016,0.6
4441,Salmsach,2016,2.0
4461,Amriswil,2016,2.3
4561,Felben-Wellhausen,2016,1.6
4566,Frauenfeld,2016,2.9
4590,Hüttlingen,2016,1.2
4591,Matzingen,2016,2.1
4606,Stettfurt,2016,
4611,Thundorf,2016,
4621,Warth-Weiningen,2016,0.3
4643,Bottighofen,2016,1.3
4646,Ermatingen,2016,1.1
4656,Güttingen,2016,0.8
4666,Kemmental,2016,1.6
4681,Langrickenbach,2016,1.5
4691,Münsterlingen,2016,0.7
4726,Fischingen,2016,0.8
4746,Münchwilen,2016,1.1
4761,Sirnach,2016,1.6
4781,Wängi,2016,0.9
4786,Wilen,2016,0.4
4846,Raperswilen,2016,1.0
4851,Salenstein,2016,1.2
4881,Amlikon-Bissegg,2016,1.3
4406,Dozwil,2015,1.0
4426,Kesswil,2015,0.4
4476,Erlen,2015,1.0
4486,Hauptwil-Gottshaus,2015,0.3
4495,Hohentannen,2015,
4501,Kradolf-Schönenberg,2015,1.7
4546,Schlatt,2015,2.6
4551,Aadorf,2015,1.4
4561,Felben-Wellhausen,2015,1.9
4566,Frauenfeld,2015,2.9
4601,Neunforn,2015,
4681,Langrickenbach,2015,1.2
4691,Münsterlingen,2015,0.6
4696,Tägerwilen,2015,0.8
4701,Wäldi,2015,0.8
4723,Braunau,2015,
4726,Fischingen,2015,1.1
4791,Wuppenau,2015,
4816,Homburg,2015,0.4
4881,Amlikon-Bissegg,2015,0.9
4891,Berg,2015,1.3
4946,Weinfelden,2015,1.1
4401,Arbon,2015,4.3
4441,Salmsach,2015,2.7
4451,Uttwil,2015,0.8
4506,Sulgen,2015,2.4
4536,Basadingen-Schlattingen,2015,2.0
4545,Diessenhofen,2015,2.3
4606,Stettfurt,2015,
4611,Thundorf,2015,
4616,Uesslingen-Buch,2015,
4641,Altnau,2015,1.0
4643,Bottighofen,2015,1.6
4656,Güttingen,2015,1.2
4666,Kemmental,2015,0.9
4671,Kreuzlingen,2015,3.3
4683,Lengwil,2015,1.8
4721,Bichelsee-Balterswil,2015,0.9
4746,Münchwilen,2015,1.0
4761,Sirnach,2015,2.2
4776,Tobel-Tägerschen,2015,
4781,Wängi,2015,1.4
4821,Hüttwilen,2015,
4826,Mammern,2015,1.3
4831,Müllheim,2015,1.6
4841,Pfyn,2015,1.0
4846,Raperswilen,2015,1.0
4851,Salenstein,2015,1.2
4911,Bürglen,2015,1.6
4411,Egnach,2015,1.0
4416,Hefenhofen,2015,1.3
4421,Horn,2015,0.7
4431,Roggwil,2015,0.5
4436,Romanshorn,2015,2.2
4446,Sommeri,2015,1.2
4461,Amriswil,2015,2.2
4471,Bischofszell,2015,1.6
4511,Zihlschlacht-Sitterdorf,2015,1.3
4571,Gachnang,2015,0.7
4590,Hüttlingen,2015,0.5
4591,Matzingen,2015,1.7
4621,Warth-Weiningen,2015,0.3
4646,Ermatingen,2015,1.2
4651,Gottlieben,2015,
4711,Affeltrangen,2015,1.6
4716,Bettwiesen,2015,1.1
4724,Eschlikon,2015,0.4
4741,Lommis,2015,0.3
4751,Rickenbach,2015,2.8
4756,Schönholzerswilen,2015,
4786,Wilen,2015,0.9
4801,Berlingen,2015,1.3
4806,Eschenz,2015,1.5
4811,Herdern,2015,
4864,Steckborn,2015,2.0
4871,Wagenhausen,2015,1.2
4901,Birwinken,2015,0.4
4921,Bussnang,2015,1.2
4941,Märstetten,2015,1.2
4951,Wigoltingen,2015,1.1
4401,Arbon,2014,3.7
4426,Kesswil,2014,
4486,Hauptwil-Gottshaus,2014,0.7
4495,Hohentannen,2014,
4506,Sulgen,2014,2.1
4511,Zihlschlacht-Sitterdorf,2014,1.0
4545,Diessenhofen,2014,2.1
4546,Schlatt,2014,1.8
4551,Aadorf,2014,1.0
4571,Gachnang,2014,0.6
4616,Uesslingen-Buch,2014,
4621,Warth-Weiningen,2014,
4641,Altnau,2014,0.6
4643,Bottighofen,2014,1.9
4666,Kemmental,2014,0.6
4683,Lengwil,2014,2.3
4701,Wäldi,2014,0.7
4721,Bichelsee-Balterswil,2014,0.5
4724,Eschlikon,2014,1.1
4746,Münchwilen,2014,1.6
4756,Schönholzerswilen,2014,
4776,Tobel-Tägerschen,2014,0.5
4801,Berlingen,2014,1.3
4826,Mammern,2014,0.7
4831,Müllheim,2014,1.4
4851,Salenstein,2014,1.2
4864,Steckborn,2014,2.3
4891,Berg,2014,1.1
4941,Märstetten,2014,0.9
4411,Egnach,2014,0.8
4416,Hefenhofen,2014,2.3
4436,Romanshorn,2014,2.5
4446,Sommeri,2014,1.2
4461,Amriswil,2014,2.3
4471,Bischofszell,2014,1.6
4561,Felben-Wellhausen,2014,2.1
4566,Frauenfeld,2014,2.7
4590,Hüttlingen,2014,
4601,Neunforn,2014,
4606,Stettfurt,2014,
4611,Thundorf,2014,0.2
4656,Güttingen,2014,1.6
4671,Kreuzlingen,2014,3.3
4696,Tägerwilen,2014,1.1
4723,Braunau,2014,0.4
4781,Wängi,2014,1.2
4786,Wilen,2014,0.6
4791,Wuppenau,2014,
4806,Eschenz,2014,1.6
4816,Homburg,2014,
4821,Hüttwilen,2014,
4841,Pfyn,2014,1.0
4901,Birwinken,2014,
4911,Bürglen,2014,1.8
4951,Wigoltingen,2014,1.4
4406,Dozwil,2014,1.3
4421,Horn,2014,0.7
4431,Roggwil,2014,0.5
4441,Salmsach,2014,2.0
4451,Uttwil,2014,0.8
4476,Erlen,2014,1.5
4501,Kradolf-Schönenberg,2014,1.6
4536,Basadingen-Schlattingen,2014,1.5
4591,Matzingen,2014,1.9
4646,Ermatingen,2014,1.1
4651,Gottlieben,2014,
4681,Langrickenbach,2014,2.3
4691,Münsterlingen,2014,0.6
4711,Affeltrangen,2014,0.7
4716,Bettwiesen,2014,1.6
4726,Fischingen,2014,1.4
4741,Lommis,2014,
4751,Rickenbach,2014,3.3
4761,Sirnach,2014,2.1
4811,Herdern,2014,
4846,Raperswilen,2014,0.8
4871,Wagenhausen,2014,0.9
4881,Amlikon-Bissegg,2014,0.9
4921,Bussnang,2014,1.0
4946,Weinfelden,2014,1.1
4401,Arbon,2013,3.6
4411,Egnach,2013,0.9
4426,Kesswil,2013,0.3
4431,Roggwil,2013,0.3
4436,Romanshorn,2013,2.0
4451,Uttwil,2013,0.4
4471,Bischofszell,2013,1.7
4476,Erlen,2013,1.8
4486,Hauptwil-Gottshaus,2013,0.6
4545,Diessenhofen,2013,1.9
4566,Frauenfeld,2013,2.6
4590,Hüttlingen,2013,0.4
4606,Stettfurt,2013,0.3
4641,Altnau,2013,0.5
4646,Ermatingen,2013,1.0
4656,Güttingen,2013,1.1
4666,Kemmental,2013,0.6
4681,Langrickenbach,2013,1.7
4683,Lengwil,2013,2.8
4696,Tägerwilen,2013,1.3
4716,Bettwiesen,2013,1.8
4724,Eschlikon,2013,1.3
4726,Fischingen,2013,1.3
4761,Sirnach,2013,2.2
4781,Wängi,2013,0.8
4786,Wilen,2013,0.7
4806,Eschenz,2013,1.6
4816,Homburg,2013,0.3
4841,Pfyn,2013,1.4
4846,Raperswilen,2013,
4851,Salenstein,2013,1.5
4864,Steckborn,2013,1.7
4921,Bussnang,2013,0.9
4946,Weinfelden,2013,1.0
4951,Wigoltingen,2013,1.3
4406,Dozwil,2013,
4416,Hefenhofen,2013,2.6
4441,Salmsach,2013,1.9
4446,Sommeri,2013,1.0
4495,Hohentannen,2013,
4501,Kradolf-Schönenberg,2013,1.6
4511,Zihlschlacht-Sitterdorf,2013,0.8
4536,Basadingen-Schlattingen,2013,1.0
4546,Schlatt,2013,1.7
4601,Neunforn,2013,0.4
4611,Thundorf,2013,0.3
4616,Uesslingen-Buch,2013,0.3
4651,Gottlieben,2013,
4701,Wäldi,2013,
4711,Affeltrangen,2013,0.9
4741,Lommis,2013,
4746,Münchwilen,2013,2.0
4756,Schönholzerswilen,2013,
4776,Tobel-Tägerschen,2013,0.2
4801,Berlingen,2013,1.3
4826,Mammern,2013,0.5
4831,Müllheim,2013,1.3
4871,Wagenhausen,2013,1.1
4901,Birwinken,2013,0.2
4911,Bürglen,2013,1.3
4421,Horn,2013,0.7
4461,Amriswil,2013,2.1
4506,Sulgen,2013,2.2
4551,Aadorf,2013,1.2
4561,Felben-Wellhausen,2013,2.4
4571,Gachnang,2013,0.8
4591,Matzingen,2013,1.1
4621,Warth-Weiningen,2013,
4643,Bottighofen,2013,2.1
4671,Kreuzlingen,2013,3.0
4691,Münsterlingen,2013,0.5
4721,Bichelsee-Balterswil,2013,1.0
4723,Braunau,2013,
4751,Rickenbach,2013,4.1
4791,Wuppenau,2013,0.3
4811,Herdern,2013,
4821,Hüttwilen,2013,0.2
4881,Amlikon-Bissegg,2013,0.8
4891,Berg,2013,0.8
4941,Märstetten,2013,0.6
4416,Hefenhofen,2012,1.6
4426,Kesswil,2012,0.3
4441,Salmsach,2012,2.3
4446,Sommeri,2012,1.0
4486,Hauptwil-Gottshaus,2012,0.9
4501,Kradolf-Schönenberg,2012,1.5
4511,Zihlschlacht-Sitterdorf,2012,1.1
4545,Diessenhofen,2012,2.0
4546,Schlatt,2012,0.9
4551,Aadorf,2012,1.4
4561,Felben-Wellhausen,2012,1.8
4571,Gachnang,2012,0.5
4590,Hüttlingen,2012,
4641,Altnau,2012,0.4
4681,Langrickenbach,2012,1.0
4691,Münsterlingen,2012,0.5
4701,Wäldi,2012,
4711,Affeltrangen,2012,0.9
4723,Braunau,2012,
4726,Fischingen,2012,
4741,Lommis,2012,
4746,Münchwilen,2012,2.1
4761,Sirnach,2012,2.7
4806,Eschenz,2012,1.8
4811,Herdern,2012,0.5
4826,Mammern,2012,0.5
4864,Steckborn,2012,2.0
4911,Bürglen,2012,1.1
4921,Bussnang,2012,0.6
4941,Märstetten,2012,0.7
4946,Weinfelden,2012,0.8
4951,Wigoltingen,2012,0.9
4411,Egnach,2012,0.6
4421,Horn,2012,0.7
4436,Romanshorn,2012,1.6
4451,Uttwil,2012,0.7
4471,Bischofszell,2012,2.1
4506,Sulgen,2012,2.5
4536,Basadingen-Schlattingen,2012,1.1
4601,Neunforn,2012,0.6
4606,Stettfurt,2012,0.5
4616,Uesslingen-Buch,2012,0.4
4646,Ermatingen,2012,1.1
4651,Gottlieben,2012,2.3
4656,Güttingen,2012,1.2
4683,Lengwil,2012,2.0
4721,Bichelsee-Balterswil,2012,0.9
4756,Schönholzerswilen,2012,
4791,Wuppenau,2012,0.4
4801,Berlingen,2012,1.6
4821,Hüttwilen,2012,0.4
4831,Müllheim,2012,1.2
4841,Pfyn,2012,1.5
4846,Raperswilen,2012,
4871,Wagenhausen,2012,1.6
4901,Birwinken,2012,0.5
4401,Arbon,2012,3.3
4406,Dozwil,2012,
4431,Roggwil,2012,0.3
4461,Amriswil,2012,1.7
4476,Erlen,2012,1.5
4495,Hohentannen,2012,
4566,Frauenfeld,2012,2.5
4591,Matzingen,2012,1.2
4611,Thundorf,2012,0.2
4621,Warth-Weiningen,2012,
4643,Bottighofen,2012,1.9
4666,Kemmental,2012,0.4
4671,Kreuzlingen,2012,3.1
4696,Tägerwilen,2012,1.6
4716,Bettwiesen,2012,0.9
4724,Eschlikon,2012,1.0
4751,Rickenbach,2012,4.7
4776,Tobel-Tägerschen,2012,0.4
4781,Wängi,2012,0.6
4786,Wilen,2012,0.8
4816,Homburg,2012,
4851,Salenstein,2012,1.0
4881,Amlikon-Bissegg,2012,0.7
4891,Berg,2012,0.7
4401,Arbon,2011,3.1
4406,Dozwil,2011,
4411,Egnach,2011,0.5
4421,Horn,2011,0.4
4426,Kesswil,2011,0.7
4461,Amriswil,2011,1.9
4506,Sulgen,2011,2.5
4511,Zihlschlacht-Sitterdorf,2011,1.3
4551,Aadorf,2011,1.1
4566,Frauenfeld,2011,2.7
4591,Matzingen,2011,1.5
4641,Altnau,2011,0.4
4643,Bottighofen,2011,1.9
4681,Langrickenbach,2011,1.2
4683,Lengwil,2011,1.2
4696,Tägerwilen,2011,1.1
4701,Wäldi,2011,1.1
4716,Bettwiesen,2011,0.9
4721,Bichelsee-Balterswil,2011,1.0
4741,Lommis,2011,
4746,Münchwilen,2011,1.9
4786,Wilen,2011,0.4
4816,Homburg,2011,0.7
4864,Steckborn,2011,3.1
4871,Wagenhausen,2011,1.7
4881,Amlikon-Bissegg,2011,0.3
4921,Bussnang,2011,0.9
4416,Hefenhofen,2011,0.6
4431,Roggwil,2011,0.6
4436,Romanshorn,2011,1.6
4441,Salmsach,2011,2.6
4446,Sommeri,2011,
4476,Erlen,2011,1.1
4501,Kradolf-Schönenberg,2011,1.7
4545,Diessenhofen,2011,2.4
4561,Felben-Wellhausen,2011,1.4
4590,Hüttlingen,2011,0.4
4601,Neunforn,2011,0.7
4606,Stettfurt,2011,
4611,Thundorf,2011,0.2
4621,Warth-Weiningen,2011,
4646,Ermatingen,2011,1.0
4666,Kemmental,2011,0.6
4671,Kreuzlingen,2011,3.0
4723,Braunau,2011,
4724,Eschlikon,2011,
4726,Fischingen,2011,2.0
4761,Sirnach,2011,2.4
4801,Berlingen,2011,1.1
4806,Eschenz,2011,1.6
4811,Herdern,2011,0.5
4821,Hüttwilen,2011,0.3
4831,Müllheim,2011,0.6
4841,Pfyn,2011,1.8
4846,Raperswilen,2011,
4901,Birwinken,2011,0.5
4451,Uttwil,2011,
4471,Bischofszell,2011,1.9
4486,Hauptwil-Gottshaus,2011,1.1
4495,Hohentannen,2011,
4536,Basadingen-Schlattingen,2011,1.0
4546,Schlatt,2011,1.4
4571,Gachnang,2011,0.9
4616,Uesslingen-Buch,2011,
4651,Gottlieben,2011,
4656,Güttingen,2011,1.4
4691,Münsterlingen,2011,0.6
4711,Affeltrangen,2011,1.2
4751,Rickenbach,2011,4.8
4756,Schönholzerswilen,2011,
4776,Tobel-Tägerschen,2011,0.3
4781,Wängi,2011,1.0
4791,Wuppenau,2011,
4826,Mammern,2011,1.7
4851,Salenstein,2011,1.0
4891,Berg,2011,0.7
4911,Bürglen,2011,0.9
4941,Märstetten,2011,1.3
4946,Weinfelden,2011,1.0
4951,Wigoltingen,2011,0.9
