﻿bfs_nr_kanton,name,jahr,staatsangehoerigkeit,geschlecht,anz_personen
20,TG,2023,Schweiz,Männer,892
20,TG,2023,Schweiz,Frauen,832
20,TG,2023,Ausland,Männer,705
20,TG,2023,Ausland,Frauen,701
20,TG,2023,Unbestimmt,Unbestimmt,2
20,TG,2022,Schweiz,Männer,1008
20,TG,2022,Ausland,Männer,721
20,TG,2022,Ausland,Frauen,722
20,TG,2022,Unbestimmt,Unbestimmt,4
20,TG,2022,Schweiz,Frauen,916
20,TG,2021,Ausland,Frauen,793
20,TG,2021,Unbestimmt,Unbestimmt,4
20,TG,2021,Schweiz,Männer,1085
20,TG,2021,Schweiz,Frauen,995
20,TG,2021,Ausland,Männer,773
20,TG,2020,Schweiz,Männer,1138
20,TG,2020,Schweiz,Frauen,1082
20,TG,2020,Ausland,Männer,837
20,TG,2020,Unbestimmt,Unbestimmt,6
20,TG,2020,Ausland,Frauen,833
20,TG,2019,Schweiz,Frauen,1181
20,TG,2019,Ausland,Männer,872
20,TG,2019,Unbestimmt,Unbestimmt,7
20,TG,2019,Schweiz,Männer,1228
20,TG,2019,Ausland,Frauen,863
20,TG,2018,Ausland,Männer,926
20,TG,2018,Ausland,Frauen,860
20,TG,2018,Unbestimmt,Unbestimmt,13
20,TG,2018,Schweiz,Frauen,1256
20,TG,2018,Schweiz,Männer,1298
20,TG,2017,Schweiz,Frauen,1340
20,TG,2017,Ausland,Männer,1040
20,TG,2017,Schweiz,Männer,1400
20,TG,2017,Ausland,Frauen,958
20,TG,2017,Unbestimmt,Unbestimmt,13
20,TG,2016,Schweiz,Männer,1411
20,TG,2016,Schweiz,Frauen,1338
20,TG,2016,Unbestimmt,Unbestimmt,39
20,TG,2016,Ausland,Frauen,907
20,TG,2016,Ausland,Männer,967
20,TG,2015,Schweiz,Frauen,1355
20,TG,2015,Ausland,Männer,943
20,TG,2015,Ausland,Frauen,891
20,TG,2015,Unbestimmt,Unbestimmt,34
20,TG,2015,Schweiz,Männer,1398
