﻿bfs_nr_bezirk,name,jahr,anz_dossier,anz_personen,sozialhilfequote
2015,Bezirk Weinfelden,2023,343,482,0.8
2012,Bezirk Frauenfeld,2023,625,878,1.2
2011,Bezirk Arbon,2023,642,904,1.5
2013,Bezirk Kreuzlingen,2023,308,443,0.9
2014,Bezirk Münchwilen,2023,321,448,0.9
2011,Bezirk Arbon,2022,702,1024,1.7
2012,Bezirk Frauenfeld,2022,613,898,1.3
2013,Bezirk Kreuzlingen,2022,319,445,0.9
2014,Bezirk Münchwilen,2022,343,477,1.0
2015,Bezirk Weinfelden,2022,409,560,1.0
2014,Bezirk Münchwilen,2021,375,507,1.1
2012,Bezirk Frauenfeld,2021,646,939,1.3
2013,Bezirk Kreuzlingen,2021,367,527,1.1
2011,Bezirk Arbon,2021,749,1125,1.9
2015,Bezirk Weinfelden,2021,431,587,1.0
2012,Bezirk Frauenfeld,2020,702,1009,1.5
2011,Bezirk Arbon,2020,782,1170,2.0
2013,Bezirk Kreuzlingen,2020,403,560,1.1
2014,Bezirk Münchwilen,2020,401,556,1.2
2015,Bezirk Weinfelden,2020,431,641,1.1
2014,Bezirk Münchwilen,2019,397,557,1.2
2012,Bezirk Frauenfeld,2019,724,1049,1.5
2015,Bezirk Weinfelden,2019,444,674,1.2
2011,Bezirk Arbon,2019,855,1280,2.3
2013,Bezirk Kreuzlingen,2019,475,643,1.3
2015,Bezirk Weinfelden,2018,473,693,1.3
2012,Bezirk Frauenfeld,2018,752,1052,1.6
2011,Bezirk Arbon,2018,912,1370,2.4
2013,Bezirk Kreuzlingen,2018,543,771,1.6
2014,Bezirk Münchwilen,2018,378,506,1.1
2014,Bezirk Münchwilen,2017,383,529,1.1
2011,Bezirk Arbon,2017,929,1408,2.5
2012,Bezirk Frauenfeld,2017,843,1229,1.8
2013,Bezirk Kreuzlingen,2017,618,900,1.9
2015,Bezirk Weinfelden,2017,502,730,1.3
2014,Bezirk Münchwilen,2016,381,504,1.1
2012,Bezirk Frauenfeld,2016,849,1250,1.9
2011,Bezirk Arbon,2016,855,1295,2.4
2013,Bezirk Kreuzlingen,2016,680,975,2.1
2015,Bezirk Weinfelden,2016,496,696,1.3
2014,Bezirk Münchwilen,2015,414,577,1.3
2011,Bezirk Arbon,2015,843,1260,2.3
2015,Bezirk Weinfelden,2015,461,668,1.2
2012,Bezirk Frauenfeld,2015,808,1214,1.9
2013,Bezirk Kreuzlingen,2015,659,954,2.1
2013,Bezirk Kreuzlingen,2014,651,967,2.1
2011,Bezirk Arbon,2014,821,1220,2.3
2012,Bezirk Frauenfeld,2014,763,1114,1.7
2015,Bezirk Weinfelden,2014,411,622,1.2
2014,Bezirk Münchwilen,2014,426,606,1.4
2013,Bezirk Kreuzlingen,2013,593,869,2.0
2011,Bezirk Arbon,2013,729,1085,2.0
2015,Bezirk Weinfelden,2013,394,585,1.1
2012,Bezirk Frauenfeld,2013,736,1056,1.7
2014,Bezirk Münchwilen,2013,425,649,1.5
2011,Bezirk Arbon,2012,633,950,1.8
2012,Bezirk Frauenfeld,2012,712,1028,1.6
2013,Bezirk Kreuzlingen,2012,572,858,2.0
2014,Bezirk Münchwilen,2012,409,645,1.5
2015,Bezirk Weinfelden,2012,376,572,1.1
2012,Bezirk Frauenfeld,2011,768,1129,1.8
2013,Bezirk Kreuzlingen,2011,535,814,1.9
2011,Bezirk Arbon,2011,605,925,1.8
2014,Bezirk Münchwilen,2011,378,598,1.4
2015,Bezirk Weinfelden,2011,390,604,1.2
