stadtteil,frauen_linke,frauen_rechte,ausländeranteil,anteil_60plus,arbeitslosenquote
Stadt Konstanz,-0.368,0.015,0.698,0.667,
Altstadt,-0.271,0.532,0.82,0.426,-0.079
Paradies,0.757,0.632,0.223,0.516,-0.966
Petershausen-West,0.953,0.376,0.67,0.769,-0.456
Petershausen-Ost,-0.684,-0.808,0.476,0.383,-0.251
Koenigsbau,0.066,-0.181,0.665,0.3,-0.85
Allmannsdorf,0.168,0.889,0.359,0.32,-0.628
Staad,0.887,0.761,0.308,0.386,-0.511
Fuerstenberg,-0.628,-0.659,0.752,0.678,-0.66
Wollmatingen,0.089,-0.052,0.713,0.771,-0.382
Industriegebiet,-0.905,0.21,0.871,0.115,0.772
Egg,0.112,0.629,0.664,0.622,-0.472
Litzelstetten,0.181,0.596,0.724,0.604,-0.273
Dingelsdorf,-0.465,-0.386,0.546,0.457,-0.297
Dettingen,-0.097,-0.223,0.501,0.657,-0.666
Wallhausen,-0.626,-0.493,0.479,0.894,0.324
