ags;stadtteil_nr;stadtteil;stichtag;quelle;arbeitslose;sozialversicherungspflichtig_beschaeftigte;unnamed_7
8335043,0;10,0;Altstadt;30.06.2023;Bundesagentur fuer Arbeit (BA);298,0;4456,0;nan
8335043,0;20,0;Paradies;30.06.2023;Bundesagentur fuer Arbeit (BA);73,0;1944,0;nan
8335043,0;30,0;Petershausen-West;30.06.2023;Bundesagentur fuer Arbeit (BA);397,0;6360,0;nan
8335043,0;35,0;Petershausen-Ost;30.06.2023;Bundesagentur fuer Arbeit (BA);103,0;2275,0;nan
8335043,0;40,0;Koenigsbau;30.06.2023;Bundesagentur fuer Arbeit (BA);119,0;2086,0;nan
8335043,0;50,0;Allmannsdorf;30.06.2023;Bundesagentur fuer Arbeit (BA);67,0;1714,0;nan
8335043,0;60,0;Staad;30.06.2023;Bundesagentur fuer Arbeit (BA);nan;nan;nan
8335043,0;70,0;Fuerstenberg;30.06.2023;Bundesagentur fuer Arbeit (BA);302,0;4838,0;nan
8335043,0;80,0;Wollmatingen;30.06.2023;Bundesagentur fuer Arbeit (BA);126,0;2619,0;nan
8335043,0;90,0;Industriegebiet;30.06.2023;Bundesagentur fuer Arbeit (BA);68,0;397,0;nan
8335043,0;100,0;Egg;30.06.2023;Bundesagentur fuer Arbeit (BA);nan;nan;nan
8335043,0;110,0;Litzelstetten;30.06.2023;Bundesagentur fuer Arbeit (BA);56,0;1297,0;nan
8335043,0;120,0;Dingelsdorf;30.06.2023;Bundesagentur fuer Arbeit (BA);30,0;731,0;nan
8335043,0;130,0;Dettingen;30.06.2023;Bundesagentur fuer Arbeit (BA);42,0;1153,0;nan
8335043,0;140,0;Wallhausen;30.06.2023;Bundesagentur fuer Arbeit (BA);26,0;382,0;nan
8335043,0;999,0;Staadt, Egg sowie keine Zuordnung;30.06.2023;Bundesagentur fuer Arbeit (BA);43,0;846,0;nan
8335043,0;10,0;Altstadt;30.06.2022;Bundesagentur fuer Arbeit (BA);262,0;4470,0;nan
8335043,0;20,0;Paradies;30.06.2022;Bundesagentur fuer Arbeit (BA);63,0;1990,0;nan
8335043,0;30,0;Petershausen-West;30.06.2022;Bundesagentur fuer Arbeit (BA);396,0;6458,0;nan
8335043,0;35,0;Petershausen-Ost;30.06.2022;Bundesagentur fuer Arbeit (BA);99,0;2271,0;nan
8335043,0;40,0;Koenigsbau;30.06.2022;Bundesagentur fuer Arbeit (BA);147,0;2089,0;nan
8335043,0;50,0;Allmannsdorf;30.06.2022;Bundesagentur fuer Arbeit (BA);76,0;1706,0;nan
8335043,0;60,0;Staad;30.06.2022;Bundesagentur fuer Arbeit (BA);nan;nan;nan
8335043,0;70,0;Fuerstenberg;30.06.2022;Bundesagentur fuer Arbeit (BA);309,0;4810,0;nan
8335043,0;80,0;Wollmatingen;30.06.2022;Bundesagentur fuer Arbeit (BA);123,0;2562,0;nan
8335043,0;90,0;Industriegebiet;30.06.2022;Bundesagentur fuer Arbeit (BA);100,0;367,0;nan
8335043,0;100,0;Egg;30.06.2022;Bundesagentur fuer Arbeit (BA);nan;nan;nan
8335043,0;110,0;Litzelstetten;30.06.2022;Bundesagentur fuer Arbeit (BA);76,0;1270,0;nan
8335043,0;120,0;Dingelsdorf;30.06.2022;Bundesagentur fuer Arbeit (BA);30,0;735,0;nan
8335043,0;130,0;Dettingen;30.06.2022;Bundesagentur fuer Arbeit (BA);49,0;1173,0;nan
8335043,0;140,0;Wallhausen;30.06.2022;Bundesagentur fuer Arbeit (BA);23,0;403,0;nan
8335043,0;999,0;Staadt, Egg sowie keine Zuordnung;30.06.2022;Bundesagentur fuer Arbeit (BA);41,0;819,0;nan
8335043,0;10,0;Altstadt;30.06.2021;Bundesagentur fuer Arbeit (BA);320,0;4335,0;nan
8335043,0;20,0;Paradies;30.06.2021;Bundesagentur fuer Arbeit (BA);91,0;1907,0;nan
8335043,0;30,0;Petershausen-West;30.06.2021;Bundesagentur fuer Arbeit (BA);468,0;6195,0;nan
8335043,0;35,0;Petershausen-Ost;30.06.2021;Bundesagentur fuer Arbeit (BA);127,0;2182,0;nan
8335043,0;40,0;Koenigsbau;30.06.2021;Bundesagentur fuer Arbeit (BA);174,0;1958,0;nan
8335043,0;50,0;Allmannsdorf;30.06.2021;Bundesagentur fuer Arbeit (BA);82,0;1655,0;nan
8335043,0;60,0;Staad;30.06.2021;Bundesagentur fuer Arbeit (BA);nan;nan;nan
8335043,0;70,0;Fuerstenberg;30.06.2021;Bundesagentur fuer Arbeit (BA);353,0;4745,0;nan
8335043,0;80,0;Wollmatingen;30.06.2021;Bundesagentur fuer Arbeit (BA);182,0;2567,0;nan
8335043,0;90,0;Industriegebiet;30.06.2021;Bundesagentur fuer Arbeit (BA);49,0;381,0;nan
8335043,0;100,0;Egg;30.06.2021;Bundesagentur fuer Arbeit (BA);nan;nan;nan
8335043,0;110,0;Litzelstetten;30.06.2021;Bundesagentur fuer Arbeit (BA);71,0;1266,0;nan
8335043,0;120,0;Dingelsdorf;30.06.2021;Bundesagentur fuer Arbeit (BA);31,0;715,0;nan
8335043,0;130,0;Dettingen;30.06.2021;Bundesagentur fuer Arbeit (BA);65,0;1135,0;nan
8335043,0;140,0;Wallhausen;30.06.2021;Bundesagentur fuer Arbeit (BA);24,0;406,0;nan
8335043,0;999,0;Staadt, Egg sowie keine Zuordnung;30.06.2021;Bundesagentur fuer Arbeit (BA);49,0;790,0;nan
8335043,0;10,0;Altstadt;30.06.2020;Bundesagentur fuer Arbeit (BA);380,0;4208,0;nan
8335043,0;20,0;Paradies;30.06.2020;Bundesagentur fuer Arbeit (BA);89,0;1861,0;nan
8335043,0;30,0;Petershausen-West;30.06.2020;Bundesagentur fuer Arbeit (BA);512,0;5984,0;nan
8335043,0;35,0;Petershausen-Ost;30.06.2020;Bundesagentur fuer Arbeit (BA);137,0;2098,0;nan
8335043,0;40,0;Koenigsbau;30.06.2020;Bundesagentur fuer Arbeit (BA);156,0;1837,0;nan
8335043,0;50,0;Allmannsdorf;30.06.2020;Bundesagentur fuer Arbeit (BA);111,0;1657,0;nan
8335043,0;60,0;Staad;30.06.2020;Bundesagentur fuer Arbeit (BA);nan;nan;nan
8335043,0;70,0;Fuerstenberg;30.06.2020;Bundesagentur fuer Arbeit (BA);375,0;4593,0;nan
8335043,0;80,0;Wollmatingen;30.06.2020;Bundesagentur fuer Arbeit (BA);207,0;2498,0;nan
8335043,0;90,0;Industriegebiet;30.06.2020;Bundesagentur fuer Arbeit (BA);64,0;402,0;nan
8335043,0;100,0;Egg;30.06.2020;Bundesagentur fuer Arbeit (BA);nan;nan;nan
8335043,0;110,0;Litzelstetten;30.06.2020;Bundesagentur fuer Arbeit (BA);64,0;1264,0;nan
8335043,0;120,0;Dingelsdorf;30.06.2020;Bundesagentur fuer Arbeit (BA);41,0;707,0;nan
8335043,0;130,0;Dettingen;30.06.2020;Bundesagentur fuer Arbeit (BA);74,0;1088,0;nan
8335043,0;140,0;Wallhausen;30.06.2020;Bundesagentur fuer Arbeit (BA);28,0;381,0;nan
8335043,0;999,0;Staadt, Egg sowie keine Zuordnung;30.06.2020;Bundesagentur fuer Arbeit (BA);54,0;770,0;nan
8335043,0;10,0;Altstadt;30.06.2019;Bundesagentur fuer Arbeit (BA);246,0;4327,0;nan
8335043,0;20,0;Paradies;30.06.2019;Bundesagentur fuer Arbeit (BA);65,0;1912,0;nan
8335043,0;30,0;Petershausen-West;30.06.2019;Bundesagentur fuer Arbeit (BA);350,0;6087,0;nan
8335043,0;35,0;Petershausen-Ost;30.06.2019;Bundesagentur fuer Arbeit (BA);87,0;2131,0;nan
8335043,0;40,0;Koenigsbau;30.06.2019;Bundesagentur fuer Arbeit (BA);112,0;1834,0;nan
8335043,0;50,0;Allmannsdorf;30.06.2019;Bundesagentur fuer Arbeit (BA);65,0;1682,0;nan
8335043,0;60,0;Staad;30.06.2019;Bundesagentur fuer Arbeit (BA);nan;nan;nan
8335043,0;70,0;Fuerstenberg;30.06.2019;Bundesagentur fuer Arbeit (BA);251,0;4518,0;nan
8335043,0;80,0;Wollmatingen;30.06.2019;Bundesagentur fuer Arbeit (BA);115,0;2516,0;nan
8335043,0;90,0;Industriegebiet;30.06.2019;Bundesagentur fuer Arbeit (BA);38,0;440,0;nan
8335043,0;100,0;Egg;30.06.2019;Bundesagentur fuer Arbeit (BA);nan;nan;nan
8335043,0;110,0;Litzelstetten;30.06.2019;Bundesagentur fuer Arbeit (BA);42,0;1294,0;nan
8335043,0;120,0;Dingelsdorf;30.06.2019;Bundesagentur fuer Arbeit (BA);32,0;714,0;nan
8335043,0;130,0;Dettingen;30.06.2019;Bundesagentur fuer Arbeit (BA);36,0;1111,0;nan
8335043,0;140,0;Wallhausen;30.06.2019;Bundesagentur fuer Arbeit (BA);18,0;382,0;nan
8335043,0;999,0;Staadt, Egg sowie keine Zuordnung;30.06.2019;Bundesagentur fuer Arbeit (BA);28,0;777,0;nan
8335043,0;10,0;Altstadt;30.06.2018;Bundesagentur fuer Arbeit (BA);241,0;4203,0;nan
8335043,0;20,0;Paradies;30.06.2018;Bundesagentur fuer Arbeit (BA);69,0;1865,0;nan
8335043,0;30,0;Petershausen-West;30.06.2018;Bundesagentur fuer Arbeit (BA);319,0;5847,0;nan
8335043,0;35,0;Petershausen-Ost;30.06.2018;Bundesagentur fuer Arbeit (BA);69,0;2025,0;nan
8335043,0;40,0;Koenigsbau;30.06.2018;Bundesagentur fuer Arbeit (BA);120,0;1793,0;nan
8335043,0;50,0;Allmannsdorf;30.06.2018;Bundesagentur fuer Arbeit (BA);53,0;1629,0;nan
8335043,0;60,0;Staad;30.06.2018;Bundesagentur fuer Arbeit (BA);nan;nan;nan
8335043,0;70,0;Fuerstenberg;30.06.2018;Bundesagentur fuer Arbeit (BA);246,0;4453,0;nan
8335043,0;80,0;Wollmatingen;30.06.2018;Bundesagentur fuer Arbeit (BA);139,0;2477,0;nan
8335043,0;90,0;Industriegebiet;30.06.2018;Bundesagentur fuer Arbeit (BA);45,0;426,0;nan
8335043,0;100,0;Egg;30.06.2018;Bundesagentur fuer Arbeit (BA);nan;nan;nan
8335043,0;110,0;Litzelstetten;30.06.2018;Bundesagentur fuer Arbeit (BA);51,0;1245,0;nan
8335043,0;120,0;Dingelsdorf;30.06.2018;Bundesagentur fuer Arbeit (BA);24,0;724,0;nan
8335043,0;130,0;Dettingen;30.06.2018;Bundesagentur fuer Arbeit (BA);37,0;1086,0;nan
8335043,0;140,0;Wallhausen;30.06.2018;Bundesagentur fuer Arbeit (BA);14,0;390,0;nan
8335043,0;999,0;Staadt, Egg sowie keine Zuordnung;30.06.2018;Bundesagentur fuer Arbeit (BA);33,0;754,0;nan
8335043,0;10,0;Altstadt;30.06.2017;Bundesagentur fuer Arbeit (BA);252,0;4069,0;nan
8335043,0;20,0;Paradies;30.06.2017;Bundesagentur fuer Arbeit (BA);80,0;1851,0;nan
8335043,0;30,0;Petershausen-West;30.06.2017;Bundesagentur fuer Arbeit (BA);314,0;5167,0;nan
8335043,0;35,0;Petershausen-Ost;30.06.2017;Bundesagentur fuer Arbeit (BA);89,0;1959,0;nan
8335043,0;40,0;Koenigsbau;30.06.2017;Bundesagentur fuer Arbeit (BA);113,0;1625,0;nan
8335043,0;50,0;Allmannsdorf;30.06.2017;Bundesagentur fuer Arbeit (BA);53,0;1562,0;nan
8335043,0;60,0;Staad;30.06.2017;Bundesagentur fuer Arbeit (BA);19,0;479,0;nan
8335043,0;70,0;Fuerstenberg;30.06.2017;Bundesagentur fuer Arbeit (BA);286,0;4272,0;nan
8335043,0;80,0;Wollmatingen;30.06.2017;Bundesagentur fuer Arbeit (BA);114,0;2354,0;nan
8335043,0;90,0;Industriegebiet;30.06.2017;Bundesagentur fuer Arbeit (BA);43,0;403,0;nan
8335043,0;100,0;Egg;30.06.2017;Bundesagentur fuer Arbeit (BA);4,0;201,0;nan
8335043,0;110,0;Litzelstetten;30.06.2017;Bundesagentur fuer Arbeit (BA);52,0;1228,0;nan
8335043,0;120,0;Dingelsdorf;30.06.2017;Bundesagentur fuer Arbeit (BA);25,0;663,0;nan
8335043,0;130,0;Dettingen;30.06.2017;Bundesagentur fuer Arbeit (BA);48,0;1010,0;nan
8335043,0;140,0;Wallhausen;30.06.2017;Bundesagentur fuer Arbeit (BA);15,0;391,0;nan
8335043,0;999,0;Staadt, Egg sowie keine Zuordnung;30.06.2017;Bundesagentur fuer Arbeit (BA);41,0;777,0;nan
8335043,0;10,0;Altstadt;30.06.2016;Bundesagentur fuer Arbeit (BA);272,0;4037,0;nan
8335043,0;20,0;Paradies;30.06.2016;Bundesagentur fuer Arbeit (BA);79,0;1793,0;nan
8335043,0;30,0;Petershausen-West;30.06.2016;Bundesagentur fuer Arbeit (BA);376,0;4970,0;nan
8335043,0;35,0;Petershausen-Ost;30.06.2016;Bundesagentur fuer Arbeit (BA);80,0;1895,0;nan
8335043,0;40,0;Koenigsbau;30.06.2016;Bundesagentur fuer Arbeit (BA);124,0;1552,0;nan
8335043,0;50,0;Allmannsdorf;30.06.2016;Bundesagentur fuer Arbeit (BA);54,0;1525,0;nan
8335043,0;60,0;Staad;30.06.2016;Bundesagentur fuer Arbeit (BA);15,0;484,0;nan
8335043,0;70,0;Fuerstenberg;30.06.2016;Bundesagentur fuer Arbeit (BA);302,0;4152,0;nan
8335043,0;80,0;Wollmatingen;30.06.2016;Bundesagentur fuer Arbeit (BA);132,0;2350,0;nan
8335043,0;90,0;Industriegebiet;30.06.2016;Bundesagentur fuer Arbeit (BA);40,0;384,0;nan
8335043,0;100,0;Egg;30.06.2016;Bundesagentur fuer Arbeit (BA);7,0;201,0;nan
8335043,0;110,0;Litzelstetten;30.06.2016;Bundesagentur fuer Arbeit (BA);53,0;1195,0;nan
8335043,0;120,0;Dingelsdorf;30.06.2016;Bundesagentur fuer Arbeit (BA);33,0;673,0;nan
8335043,0;130,0;Dettingen;30.06.2016;Bundesagentur fuer Arbeit (BA);46,0;983,0;nan
8335043,0;140,0;Wallhausen;30.06.2016;Bundesagentur fuer Arbeit (BA);19,0;381,0;nan
8335043,0;999,0;Staadt, Egg sowie keine Zuordnung;30.06.2016;Bundesagentur fuer Arbeit (BA);32,0;680,0;nan
8335043,0;10,0;Altstadt;30.06.2015;Bundesagentur fuer Arbeit (BA);231,0;3763,0;nan
8335043,0;20,0;Paradies;30.06.2015;Bundesagentur fuer Arbeit (BA);66,0;1707,0;nan
8335043,0;30,0;Petershausen-West;30.06.2015;Bundesagentur fuer Arbeit (BA);409,0;4840,0;nan
8335043,0;35,0;Petershausen-Ost;30.06.2015;Bundesagentur fuer Arbeit (BA);73,0;1788,0;nan
8335043,0;40,0;Koenigsbau;30.06.2015;Bundesagentur fuer Arbeit (BA);141,0;1484,0;nan
8335043,0;50,0;Allmannsdorf;30.06.2015;Bundesagentur fuer Arbeit (BA);68,0;1500,0;nan
8335043,0;60,0;Staad;30.06.2015;Bundesagentur fuer Arbeit (BA);28,0;488,0;nan
8335043,0;70,0;Fuerstenberg;30.06.2015;Bundesagentur fuer Arbeit (BA);304,0;4030,0;nan
8335043,0;80,0;Wollmatingen;30.06.2015;Bundesagentur fuer Arbeit (BA);135,0;2274,0;nan
8335043,0;90,0;Industriegebiet;30.06.2015;Bundesagentur fuer Arbeit (BA);25,0;367,0;nan
8335043,0;100,0;Egg;30.06.2015;Bundesagentur fuer Arbeit (BA);5,0;203,0;nan
8335043,0;110,0;Litzelstetten;30.06.2015;Bundesagentur fuer Arbeit (BA);53,0;1131,0;nan
8335043,0;120,0;Dingelsdorf;30.06.2015;Bundesagentur fuer Arbeit (BA);30,0;675,0;nan
8335043,0;130,0;Dettingen;30.06.2015;Bundesagentur fuer Arbeit (BA);56,0;966,0;nan
8335043,0;140,0;Wallhausen;30.06.2015;Bundesagentur fuer Arbeit (BA);14,0;360,0;nan
8335043,0;999,0;Staadt, Egg sowie keine Zuordnung;30.06.2015;Bundesagentur fuer Arbeit (BA);21,0;501,0;nan
8335043,0;10,0;Altstadt;30.06.2014;Bundesagentur fuer Arbeit (BA);221,0;3637,0;nan
8335043,0;20,0;Paradies;30.06.2014;Bundesagentur fuer Arbeit (BA);90,0;1642,0;nan
8335043,0;30,0;Petershausen-West;30.06.2014;Bundesagentur fuer Arbeit (BA);389,0;4653,0;nan
8335043,0;35,0;Petershausen-Ost;30.06.2014;Bundesagentur fuer Arbeit (BA);82,0;1756,0;nan
8335043,0;40,0;Koenigsbau;30.06.2014;Bundesagentur fuer Arbeit (BA);127,0;1460,0;nan
8335043,0;50,0;Allmannsdorf;30.06.2014;Bundesagentur fuer Arbeit (BA);77,0;1463,0;nan
8335043,0;60,0;Staad;30.06.2014;Bundesagentur fuer Arbeit (BA);25,0;481,0;nan
8335043,0;70,0;Fuerstenberg;30.06.2014;Bundesagentur fuer Arbeit (BA);311,0;3797,0;nan
8335043,0;80,0;Wollmatingen;30.06.2014;Bundesagentur fuer Arbeit (BA);132,0;2243,0;nan
8335043,0;90,0;Industriegebiet;30.06.2014;Bundesagentur fuer Arbeit (BA);22,0;346,0;nan
8335043,0;100,0;Egg;30.06.2014;Bundesagentur fuer Arbeit (BA);7,0;204,0;nan
8335043,0;110,0;Litzelstetten;30.06.2014;Bundesagentur fuer Arbeit (BA);45,0;1162,0;nan
8335043,0;120,0;Dingelsdorf;30.06.2014;Bundesagentur fuer Arbeit (BA);28,0;674,0;nan
8335043,0;130,0;Dettingen;30.06.2014;Bundesagentur fuer Arbeit (BA);39,0;966,0;nan
8335043,0;140,0;Wallhausen;30.06.2014;Bundesagentur fuer Arbeit (BA);19,0;341,0;nan
8335043,0;999,0;Staadt, Egg sowie keine Zuordnung;30.06.2014;Bundesagentur fuer Arbeit (BA);18,0;434,0;nan
8335043,0;10,0;Altstadt;30.06.2013;Bundesagentur fuer Arbeit (BA);240,0;3621,0;nan
8335043,0;20,0;Paradies;30.06.2013;Bundesagentur fuer Arbeit (BA);87,0;1614,0;nan
8335043,0;30,0;Petershausen-West;30.06.2013;Bundesagentur fuer Arbeit (BA);402,0;4515,0;nan
8335043,0;35,0;Petershausen-Ost;30.06.2013;Bundesagentur fuer Arbeit (BA);65,0;1769,0;nan
8335043,0;40,0;Koenigsbau;30.06.2013;Bundesagentur fuer Arbeit (BA);140,0;1402,0;nan
8335043,0;50,0;Allmannsdorf;30.06.2013;Bundesagentur fuer Arbeit (BA);59,0;1388,0;nan
8335043,0;60,0;Staad;30.06.2013;Bundesagentur fuer Arbeit (BA);22,0;462,0;nan
8335043,0;70,0;Fuerstenberg;30.06.2013;Bundesagentur fuer Arbeit (BA);322,0;3727,0;nan
8335043,0;80,0;Wollmatingen;30.06.2013;Bundesagentur fuer Arbeit (BA);128,0;2130,0;nan
8335043,0;90,0;Industriegebiet;30.06.2013;Bundesagentur fuer Arbeit (BA);34,0;331,0;nan
8335043,0;100,0;Egg;30.06.2013;Bundesagentur fuer Arbeit (BA);6,0;200,0;nan
8335043,0;110,0;Litzelstetten;30.06.2013;Bundesagentur fuer Arbeit (BA);45,0;1101,0;nan
8335043,0;120,0;Dingelsdorf;30.06.2013;Bundesagentur fuer Arbeit (BA);31,0;660,0;nan
8335043,0;130,0;Dettingen;30.06.2013;Bundesagentur fuer Arbeit (BA);41,0;933,0;nan
8335043,0;140,0;Wallhausen;30.06.2013;Bundesagentur fuer Arbeit (BA);24,0;299,0;nan
8335043,0;999,0;Staadt, Egg sowie keine Zuordnung;30.06.2013;Bundesagentur fuer Arbeit (BA);21,0;361,0;nan
8335043,0;10,0;Altstadt;30.06.2012;Bundesagentur fuer Arbeit (BA);209,0;3601,0;nan
8335043,0;20,0;Paradies;30.06.2012;Bundesagentur fuer Arbeit (BA);99,0;1581,0;nan
8335043,0;30,0;Petershausen-West;30.06.2012;Bundesagentur fuer Arbeit (BA);380,0;4340,0;nan
8335043,0;35,0;Petershausen-Ost;30.06.2012;Bundesagentur fuer Arbeit (BA);73,0;1780,0;nan
8335043,0;40,0;Koenigsbau;30.06.2012;Bundesagentur fuer Arbeit (BA);121,0;1445,0;nan
8335043,0;50,0;Allmannsdorf;30.06.2012;Bundesagentur fuer Arbeit (BA);54,0;1397,0;nan
8335043,0;60,0;Staad;30.06.2012;Bundesagentur fuer Arbeit (BA);18,0;435,0;nan
8335043,0;70,0;Fuerstenberg;30.06.2012;Bundesagentur fuer Arbeit (BA);312,0;3727,0;nan
8335043,0;80,0;Wollmatingen;30.06.2012;Bundesagentur fuer Arbeit (BA);123,0;2064,0;nan
8335043,0;90,0;Industriegebiet;30.06.2012;Bundesagentur fuer Arbeit (BA);28,0;311,0;nan
8335043,0;100,0;Egg;30.06.2012;Bundesagentur fuer Arbeit (BA);6,0;201,0;nan
8335043,0;110,0;Litzelstetten;30.06.2012;Bundesagentur fuer Arbeit (BA);37,0;1110,0;nan
8335043,0;120,0;Dingelsdorf;30.06.2012;Bundesagentur fuer Arbeit (BA);28,0;663,0;nan
8335043,0;130,0;Dettingen;30.06.2012;Bundesagentur fuer Arbeit (BA);37,0;940,0;nan
8335043,0;140,0;Wallhausen;30.06.2012;Bundesagentur fuer Arbeit (BA);28,0;299,0;nan
8335043,0;999,0;Staadt, Egg sowie keine Zuordnung;30.06.2012;Bundesagentur fuer Arbeit (BA);10,0;233,0;nan
8335043,0;10,0;Altstadt;30.06.2011;Bundesagentur fuer Arbeit (BA);259,0;3513,0;nan
8335043,0;20,0;Paradies;30.06.2011;Bundesagentur fuer Arbeit (BA);90,0;1561,0;nan
8335043,0;30,0;Petershausen-West;30.06.2011;Bundesagentur fuer Arbeit (BA);383,0;4242,0;nan
8335043,0;35,0;Petershausen-Ost;30.06.2011;Bundesagentur fuer Arbeit (BA);67,0;1776,0;nan
8335043,0;40,0;Koenigsbau;30.06.2011;Bundesagentur fuer Arbeit (BA);134,0;1448,0;nan
8335043,0;50,0;Allmannsdorf;30.06.2011;Bundesagentur fuer Arbeit (BA);60,0;1373,0;nan
8335043,0;60,0;Staad;30.06.2011;Bundesagentur fuer Arbeit (BA);28,0;416,0;nan
8335043,0;70,0;Fuerstenberg;30.06.2011;Bundesagentur fuer Arbeit (BA);340,0;3668,0;nan
8335043,0;80,0;Wollmatingen;30.06.2011;Bundesagentur fuer Arbeit (BA);122,0;2034,0;nan
8335043,0;90,0;Industriegebiet;30.06.2011;Bundesagentur fuer Arbeit (BA);29,0;305,0;nan
8335043,0;100,0;Egg;30.06.2011;Bundesagentur fuer Arbeit (BA);10,0;202,0;nan
8335043,0;110,0;Litzelstetten;30.06.2011;Bundesagentur fuer Arbeit (BA);44,0;1088,0;nan
8335043,0;120,0;Dingelsdorf;30.06.2011;Bundesagentur fuer Arbeit (BA);31,0;646,0;nan
8335043,0;130,0;Dettingen;30.06.2011;Bundesagentur fuer Arbeit (BA);45,0;935,0;nan
8335043,0;140,0;Wallhausen;30.06.2011;Bundesagentur fuer Arbeit (BA);27,0;298,0;nan
8335043,0;999,0;Staadt, Egg sowie keine Zuordnung;30.06.2011;Bundesagentur fuer Arbeit (BA);11,0;127,0;nan
nan;nan;nan;nan;nan;nan;nan;nan
nan;nan;nan;nan;nan;nan;nan;nan
nan;nan;nan;nan;nan;nan;nan;nan
nan;nan;nan;nan;nan;nan;nan;nan
nan;nan;nan;nan;nan;nan;nan;nan
nan;nan;nan;nan;nan;nan;nan;nan
nan;nan;nan;nan;nan;nan;nan;nan
nan;nan;nan;nan;nan;nan;nan;nan
nan;nan;nan;nan;nan;nan;nan;nan
nan;nan;nan;nan;nan;nan;nan;nan
nan;nan;nan;nan;nan;nan;nan;nan
nan;nan;nan;nan;nan;nan;nan;nan
nan;nan;nan;nan;nan;nan;nan;nan
nan;nan;nan;nan;nan;nan;nan;nan
nan;nan;nan;nan;nan;nan;nan;nan
nan;nan;nan;nan;nan;nan;nan;nan
nan;nan;nan;nan;nan;nan;nan;nan
nan;nan;nan;nan;nan;nan;nan;nan
nan;nan;nan;nan;nan;nan;nan;nan
nan;nan;nan;nan;nan;nan;nan;nan
nan;nan;nan;nan;nan;nan;nan;nan
nan;nan;nan;nan;nan;nan;nan;nan
nan;nan;nan;nan;nan;nan;nan;nan
nan;nan;nan;nan;nan;nan;nan;nan
nan;nan;nan;nan;nan;nan;nan;nan
nan;nan;nan;nan;nan;nan;nan;nan
nan;nan;nan;nan;nan;nan;nan;nan
nan;nan;nan;nan;nan;nan;nan;nan
nan;nan;nan;nan;nan;nan;nan;nan
nan;nan;nan;nan;nan;nan;nan;nan
nan;nan;nan;nan;nan;nan;nan;nan
nan;nan;nan;nan;nan;nan;nan;nan
nan;nan;nan;nan;nan;nan;nan;nan
nan;nan;nan;nan;nan;nan;nan;nan
nan;nan;nan;nan;nan;nan;nan;nan
nan;nan;nan;nan;nan;nan;nan;nan
nan;nan;nan;nan;nan;nan;nan;nan
nan;nan;nan;nan;nan;nan;nan;nan
nan;nan;nan;nan;nan;nan;nan;nan
nan;nan;nan;nan;nan;nan;nan;nan
nan;nan;nan;nan;nan;nan;nan;nan
nan;nan;nan;nan;nan;nan;nan;nan
nan;nan;nan;nan;nan;nan;nan;nan
nan;nan;nan;nan;nan;nan;nan;nan
nan;nan;nan;nan;nan;nan;nan;nan
nan;nan;nan;nan;nan;nan;nan;nan
nan;nan;nan;nan;nan;nan;nan;nan
nan;nan;nan;nan;nan;nan;nan;nan
nan;nan;nan;nan;nan;nan;nan;nan
nan;nan;nan;nan;nan;nan;nan;nan
nan;nan;nan;nan;nan;nan;nan;nan
nan;nan;nan;nan;nan;nan;nan;nan
nan;nan;nan;nan;nan;nan;nan;nan
nan;nan;nan;nan;nan;nan;nan;nan
nan;nan;nan;nan;nan;nan;nan;nan
nan;nan;nan;nan;nan;nan;nan;nan
nan;nan;nan;nan;nan;nan;nan;nan
nan;nan;nan;nan;nan;nan;nan;nan
nan;nan;nan;nan;nan;nan;nan;nan
nan;nan;nan;nan;nan;nan;nan;nan
nan;nan;nan;nan;nan;nan;nan;nan
nan;nan;nan;nan;nan;nan;nan;nan
nan;nan;nan;nan;nan;nan;nan;nan
nan;nan;nan;nan;nan;nan;nan;nan
nan;nan;nan;nan;nan;nan;nan;nan
nan;nan;nan;nan;nan;nan;nan;nan
nan;nan;nan;nan;nan;nan;nan;nan
nan;nan;nan;nan;nan;nan;nan;nan
nan;nan;nan;nan;nan;nan;nan;nan
nan;nan;nan;nan;nan;nan;nan;nan
nan;nan;nan;nan;nan;nan;nan;nan
nan;nan;nan;nan;nan;nan;nan;nan
nan;nan;nan;nan;nan;nan;nan;nan
nan;nan;nan;nan;nan;nan;nan;nan
nan;nan;nan;nan;nan;nan;nan;nan
nan;nan;nan;nan;nan;nan;nan;nan
nan;nan;nan;nan;nan;nan;nan;nan
nan;nan;nan;nan;nan;nan;nan;nan
nan;nan;nan;nan;nan;nan;nan;nan
nan;nan;nan;nan;nan;nan;nan;nan
nan;nan;nan;nan;nan;nan;nan;nan
nan;nan;nan;nan;nan;nan;nan;nan
nan;nan;nan;nan;nan;nan;nan;nan
nan;nan;nan;nan;nan;nan;nan;nan
nan;nan;nan;nan;nan;nan;nan;nan
nan;nan;nan;nan;nan;nan;nan;nan
nan;nan;nan;nan;nan;nan;nan;nan
nan;nan;nan;nan;nan;nan;nan;nan
nan;nan;nan;nan;nan;nan;nan;nan
nan;nan;nan;nan;nan;nan;nan;nan
nan;nan;nan;nan;nan;nan;nan;nan
nan;nan;nan;nan;nan;nan;nan;nan
nan;nan;nan;nan;nan;nan;nan;nan
nan;nan;nan;nan;nan;nan;nan;nan
nan;nan;nan;nan;nan;nan;nan;nan
nan;nan;nan;nan;nan;nan;nan;nan
nan;nan;nan;nan;nan;nan;nan;nan
nan;nan;nan;nan;nan;nan;nan;nan
nan;nan;nan;nan;nan;nan;nan;nan
nan;nan;nan;nan;nan;nan;nan;nan
nan;nan;nan;nan;nan;nan;nan;nan
nan;nan;nan;nan;nan;nan;nan;nan
nan;nan;nan;nan;nan;nan;nan;nan
nan;nan;nan;nan;nan;nan;nan;nan
nan;nan;nan;nan;nan;nan;nan;nan
nan;nan;nan;nan;nan;nan;nan;nan
nan;nan;nan;nan;nan;nan;nan;nan
nan;nan;nan;nan;nan;nan;nan;nan
nan;nan;nan;nan;nan;nan;nan;nan
nan;nan;nan;nan;nan;nan;nan;nan
nan;nan;nan;nan;nan;nan;nan;nan
nan;nan;nan;nan;nan;nan;nan;nan
nan;nan;nan;nan;nan;nan;nan;nan
nan;nan;nan;nan;nan;nan;nan;nan
nan;nan;nan;nan;nan;nan;nan;nan
nan;nan;nan;nan;nan;nan;nan;nan
nan;nan;nan;nan;nan;nan;nan;nan
nan;nan;nan;nan;nan;nan;nan;nan
nan;nan;nan;nan;nan;nan;nan;nan
nan;nan;nan;nan;nan;nan;nan;nan
nan;nan;nan;nan;nan;nan;nan;nan
nan;nan;nan;nan;nan;nan;nan;nan
nan;nan;nan;nan;nan;nan;nan;nan
nan;nan;nan;nan;nan;nan;nan;nan
nan;nan;nan;nan;nan;nan;nan;nan
nan;nan;nan;nan;nan;nan;nan;nan
nan;nan;nan;nan;nan;nan;nan;nan
nan;nan;nan;nan;nan;nan;nan;nan
nan;nan;nan;nan;nan;nan;nan;nan
nan;nan;nan;nan;nan;nan;nan;nan
nan;nan;nan;nan;nan;nan;nan;nan
nan;nan;nan;nan;nan;nan;nan;nan
nan;nan;nan;nan;nan;nan;nan;nan
nan;nan;nan;nan;nan;nan;nan;nan
nan;nan;nan;nan;nan;nan;nan;nan
nan;nan;nan;nan;nan;nan;nan;nan
nan;nan;nan;nan;nan;nan;nan;nan
nan;nan;nan;nan;nan;nan;nan;nan
nan;nan;nan;nan;nan;nan;nan;nan
nan;nan;nan;nan;nan;nan;nan;nan
nan;nan;nan;nan;nan;nan;nan;nan
nan;nan;nan;nan;nan;nan;nan;nan
nan;nan;nan;nan;nan;nan;nan;nan
nan;nan;nan;nan;nan;nan;nan;nan
nan;nan;nan;nan;nan;nan;nan;nan
nan;nan;nan;nan;nan;nan;nan;nan
nan;nan;nan;nan;nan;nan;nan;nan
nan;nan;nan;nan;nan;nan;nan;nan
nan;nan;nan;nan;nan;nan;nan;nan
nan;nan;nan;nan;nan;nan;nan;nan
nan;nan;nan;nan;nan;nan;nan;nan
nan;nan;nan;nan;nan;nan;nan;nan
nan;nan;nan;nan;nan;nan;nan;nan
nan;nan;nan;nan;nan;nan;nan;nan
nan;nan;nan;nan;nan;nan;nan;nan
nan;nan;nan;nan;nan;nan;nan;nan
nan;nan;nan;nan;nan;nan;nan;nan
nan;nan;nan;nan;nan;nan;nan;nan
nan;nan;nan;nan;nan;nan;nan;nan
nan;nan;nan;nan;nan;nan;nan;nan
nan;nan;nan;nan;nan;nan;nan;nan
nan;nan;nan;nan;nan;nan;nan;nan
nan;nan;nan;nan;nan;nan;nan;nan
nan;nan;nan;nan;nan;nan;nan;nan
nan;nan;nan;nan;nan;nan;nan;nan
nan;nan;nan;nan;nan;nan;nan;nan
nan;nan;nan;nan;nan;nan;nan;nan
nan;nan;nan;nan;nan;nan;nan;nan
nan;nan;nan;nan;nan;nan;nan;nan
nan;nan;nan;nan;nan;nan;nan;nan
nan;nan;nan;nan;nan;nan;nan;nan
nan;nan;nan;nan;nan;nan;nan;nan
nan;nan;nan;nan;nan;nan;nan;nan
nan;nan;nan;nan;nan;nan;nan;nan
nan;nan;nan;nan;nan;nan;nan;nan
nan;nan;nan;nan;nan;nan;nan;nan
nan;nan;nan;nan;nan;nan;nan;nan
nan;nan;nan;nan;nan;nan;nan;nan
nan;nan;nan;nan;nan;nan;nan;nan
nan;nan;nan;nan;nan;nan;nan;nan
nan;nan;nan;nan;nan;nan;nan;nan
nan;nan;nan;nan;nan;nan;nan;nan
nan;nan;nan;nan;nan;nan;nan;nan
nan;nan;nan;nan;nan;nan;nan;nan
nan;nan;nan;nan;nan;nan;nan;nan
nan;nan;nan;nan;nan;nan;nan;nan
nan;nan;nan;nan;nan;nan;nan;nan
nan;nan;nan;nan;nan;nan;nan;nan
nan;nan;nan;nan;nan;nan;nan;nan
nan;nan;nan;nan;nan;nan;nan;nan
nan;nan;nan;nan;nan;nan;nan;nan
nan;nan;nan;nan;nan;nan;nan;nan
nan;nan;nan;nan;nan;nan;nan;nan
nan;nan;nan;nan;nan;nan;nan;nan
nan;nan;nan;nan;nan;nan;nan;nan
nan;nan;nan;nan;nan;nan;nan;nan
nan;nan;nan;nan;nan;nan;nan;nan
nan;nan;nan;nan;nan;nan;nan;nan
nan;nan;nan;nan;nan;nan;nan;nan
nan;nan;nan;nan;nan;nan;nan;nan
nan;nan;nan;nan;nan;nan;nan;nan
nan;nan;nan;nan;nan;nan;nan;nan
nan;nan;nan;nan;nan;nan;nan;nan
nan;nan;nan;nan;nan;nan;nan;nan
nan;nan;nan;nan;nan;nan;nan;nan
nan;nan;nan;nan;nan;nan;nan;nan
nan;nan;nan;nan;nan;nan;nan;nan
nan;nan;nan;nan;nan;nan;nan;nan
nan;nan;nan;nan;nan;nan;nan;nan
nan;nan;nan;nan;nan;nan;nan;nan
nan;nan;nan;nan;nan;nan;nan;nan
nan;nan;nan;nan;nan;nan;nan;nan
nan;nan;nan;nan;nan;nan;nan;nan
nan;nan;nan;nan;nan;nan;nan;nan
nan;nan;nan;nan;nan;nan;nan;nan
nan;nan;nan;nan;nan;nan;nan;nan
nan;nan;nan;nan;nan;nan;nan;nan
nan;nan;nan;nan;nan;nan;nan;nan
nan;nan;nan;nan;nan;nan;nan;nan
nan;nan;nan;nan;nan;nan;nan;nan
nan;nan;nan;nan;nan;nan;nan;nan
nan;nan;nan;nan;nan;nan;nan;nan
nan;nan;nan;nan;nan;nan;nan;nan
nan;nan;nan;nan;nan;nan;nan;nan
nan;nan;nan;nan;nan;nan;nan;nan
nan;nan;nan;nan;nan;nan;nan;nan
nan;nan;nan;nan;nan;nan;nan;nan
nan;nan;nan;nan;nan;nan;nan;nan
nan;nan;nan;nan;nan;nan;nan;nan
nan;nan;nan;nan;nan;nan;nan;nan
nan;nan;nan;nan;nan;nan;nan;nan
nan;nan;nan;nan;nan;nan;nan;nan
nan;nan;nan;nan;nan;nan;nan;nan
nan;nan;nan;nan;nan;nan;nan;nan
nan;nan;nan;nan;nan;nan;nan;nan
nan;nan;nan;nan;nan;nan;nan;nan
nan;nan;nan;nan;nan;nan;nan;nan
nan;nan;nan;nan;nan;nan;nan;nan
nan;nan;nan;nan;nan;nan;nan;nan
nan;nan;nan;nan;nan;nan;nan;nan
nan;nan;nan;nan;nan;nan;nan;nan
nan;nan;nan;nan;nan;nan;nan;nan
nan;nan;nan;nan;nan;nan;nan;nan
nan;nan;nan;nan;nan;nan;nan;nan
nan;nan;nan;nan;nan;nan;nan;nan
nan;nan;nan;nan;nan;nan;nan;nan
nan;nan;nan;nan;nan;nan;nan;nan
nan;nan;nan;nan;nan;nan;nan;nan
nan;nan;nan;nan;nan;nan;nan;nan
nan;nan;nan;nan;nan;nan;nan;nan
nan;nan;nan;nan;nan;nan;nan;nan
nan;nan;nan;nan;nan;nan;nan;nan
nan;nan;nan;nan;nan;nan;nan;nan
nan;nan;nan;nan;nan;nan;nan;nan
nan;nan;nan;nan;nan;nan;nan;nan
nan;nan;nan;nan;nan;nan;nan;nan
nan;nan;nan;nan;nan;nan;nan;nan
nan;nan;nan;nan;nan;nan;nan;nan
nan;nan;nan;nan;nan;nan;nan;nan
nan;nan;nan;nan;nan;nan;nan;nan
nan;nan;nan;nan;nan;nan;nan;nan
nan;nan;nan;nan;nan;nan;nan;nan
nan;nan;nan;nan;nan;nan;nan;nan
nan;nan;nan;nan;nan;nan;nan;nan
nan;nan;nan;nan;nan;nan;nan;nan
nan;nan;nan;nan;nan;nan;nan;nan
nan;nan;nan;nan;nan;nan;nan;nan
nan;nan;nan;nan;nan;nan;nan;nan
nan;nan;nan;nan;nan;nan;nan;nan
nan;nan;nan;nan;nan;nan;nan;nan
nan;nan;nan;nan;nan;nan;nan;nan
nan;nan;nan;nan;nan;nan;nan;nan
nan;nan;nan;nan;nan;nan;nan;nan
nan;nan;nan;nan;nan;nan;nan;nan
nan;nan;nan;nan;nan;nan;nan;nan
nan;nan;nan;nan;nan;nan;nan;nan
nan;nan;nan;nan;nan;nan;nan;nan
nan;nan;nan;nan;nan;nan;nan;nan
nan;nan;nan;nan;nan;nan;nan;nan
nan;nan;nan;nan;nan;nan;nan;nan
nan;nan;nan;nan;nan;nan;nan;nan
nan;nan;nan;nan;nan;nan;nan;nan
nan;nan;nan;nan;nan;nan;nan;nan
nan;nan;nan;nan;nan;nan;nan;nan
nan;nan;nan;nan;nan;nan;nan;nan
nan;nan;nan;nan;nan;nan;nan;nan
nan;nan;nan;nan;nan;nan;nan;nan
nan;nan;nan;nan;nan;nan;nan;nan
nan;nan;nan;nan;nan;nan;nan;nan
nan;nan;nan;nan;nan;nan;nan;nan
nan;nan;nan;nan;nan;nan;nan;nan
nan;nan;nan;nan;nan;nan;nan;nan
nan;nan;nan;nan;nan;nan;nan;nan
nan;nan;nan;nan;nan;nan;nan;nan
nan;nan;nan;nan;nan;nan;nan;nan
nan;nan;nan;nan;nan;nan;nan;nan
nan;nan;nan;nan;nan;nan;nan;nan
nan;nan;nan;nan;nan;nan;nan;nan
nan;nan;nan;nan;nan;nan;nan;nan
nan;nan;nan;nan;nan;nan;nan;nan
nan;nan;nan;nan;nan;nan;nan;nan
nan;nan;nan;nan;nan;nan;nan;nan
nan;nan;nan;nan;nan;nan;nan;nan
nan;nan;nan;nan;nan;nan;nan;nan
nan;nan;nan;nan;nan;nan;nan;nan
nan;nan;nan;nan;nan;nan;nan;nan
nan;nan;nan;nan;nan;nan;nan;nan
nan;nan;nan;nan;nan;nan;nan;nan
nan;nan;nan;nan;nan;nan;nan;nan
nan;nan;nan;nan;nan;nan;nan;nan
nan;nan;nan;nan;nan;nan;nan;nan
nan;nan;nan;nan;nan;nan;nan;nan
nan;nan;nan;nan;nan;nan;nan;nan
nan;nan;nan;nan;nan;nan;nan;nan
nan;nan;nan;nan;nan;nan;nan;nan
nan;nan;nan;nan;nan;nan;nan;nan
nan;nan;nan;nan;nan;nan;nan;nan
nan;nan;nan;nan;nan;nan;nan;nan
nan;nan;nan;nan;nan;nan;nan;nan
nan;nan;nan;nan;nan;nan;nan;nan
nan;nan;nan;nan;nan;nan;nan;nan
nan;nan;nan;nan;nan;nan;nan;nan
nan;nan;nan;nan;nan;nan;nan;nan
nan;nan;nan;nan;nan;nan;nan;nan
nan;nan;nan;nan;nan;nan;nan;nan
nan;nan;nan;nan;nan;nan;nan;nan
nan;nan;nan;nan;nan;nan;nan;nan
nan;nan;nan;nan;nan;nan;nan;nan
nan;nan;nan;nan;nan;nan;nan;nan
nan;nan;nan;nan;nan;nan;nan;nan
nan;nan;nan;nan;nan;nan;nan;nan
nan;nan;nan;nan;nan;nan;nan;nan
nan;nan;nan;nan;nan;nan;nan;nan
nan;nan;nan;nan;nan;nan;nan;nan
nan;nan;nan;nan;nan;nan;nan;nan
nan;nan;nan;nan;nan;nan;nan;nan
nan;nan;nan;nan;nan;nan;nan;nan
nan;nan;nan;nan;nan;nan;nan;nan
nan;nan;nan;nan;nan;nan;nan;nan
nan;nan;nan;nan;nan;nan;nan;nan
nan;nan;nan;nan;nan;nan;nan;nan
nan;nan;nan;nan;nan;nan;nan;nan
nan;nan;nan;nan;nan;nan;nan;nan
nan;nan;nan;nan;nan;nan;nan;nan
nan;nan;nan;nan;nan;nan;nan;nan
nan;nan;nan;nan;nan;nan;nan;nan
nan;nan;nan;nan;nan;nan;nan;nan
nan;nan;nan;nan;nan;nan;nan;nan
nan;nan;nan;nan;nan;nan;nan;nan
nan;nan;nan;nan;nan;nan;nan;nan
nan;nan;nan;nan;nan;nan;nan;nan
nan;nan;nan;nan;nan;nan;nan;nan
nan;nan;nan;nan;nan;nan;nan;nan
nan;nan;nan;nan;nan;nan;nan;nan
nan;nan;nan;nan;nan;nan;nan;nan
nan;nan;nan;nan;nan;nan;nan;nan
nan;nan;nan;nan;nan;nan;nan;nan
nan;nan;nan;nan;nan;nan;nan;nan
nan;nan;nan;nan;nan;nan;nan;nan
nan;nan;nan;nan;nan;nan;nan;nan
nan;nan;nan;nan;nan;nan;nan;nan
nan;nan;nan;nan;nan;nan;nan;nan
nan;nan;nan;nan;nan;nan;nan;nan
nan;nan;nan;nan;nan;nan;nan;nan
nan;nan;nan;nan;nan;nan;nan;nan
nan;nan;nan;nan;nan;nan;nan;nan
nan;nan;nan;nan;nan;nan;nan;nan
nan;nan;nan;nan;nan;nan;nan;nan
nan;nan;nan;nan;nan;nan;nan;nan
nan;nan;nan;nan;nan;nan;nan;nan
nan;nan;nan;nan;nan;nan;nan;nan
nan;nan;nan;nan;nan;nan;nan;nan
nan;nan;nan;nan;nan;nan;nan;nan
nan;nan;nan;nan;nan;nan;nan;nan
nan;nan;nan;nan;nan;nan;nan;nan
nan;nan;nan;nan;nan;nan;nan;nan
nan;nan;nan;nan;nan;nan;nan;nan
nan;nan;nan;nan;nan;nan;nan;nan
nan;nan;nan;nan;nan;nan;nan;nan
nan;nan;nan;nan;nan;nan;nan;nan
nan;nan;nan;nan;nan;nan;nan;nan
nan;nan;nan;nan;nan;nan;nan;nan
nan;nan;nan;nan;nan;nan;nan;nan
nan;nan;nan;nan;nan;nan;nan;nan
nan;nan;nan;nan;nan;nan;nan;nan
nan;nan;nan;nan;nan;nan;nan;nan
nan;nan;nan;nan;nan;nan;nan;nan
nan;nan;nan;nan;nan;nan;nan;nan
nan;nan;nan;nan;nan;nan;nan;nan
nan;nan;nan;nan;nan;nan;nan;nan
nan;nan;nan;nan;nan;nan;nan;nan
nan;nan;nan;nan;nan;nan;nan;nan
nan;nan;nan;nan;nan;nan;nan;nan
nan;nan;nan;nan;nan;nan;nan;nan
nan;nan;nan;nan;nan;nan;nan;nan
nan;nan;nan;nan;nan;nan;nan;nan
nan;nan;nan;nan;nan;nan;nan;nan
nan;nan;nan;nan;nan;nan;nan;nan
nan;nan;nan;nan;nan;nan;nan;nan
nan;nan;nan;nan;nan;nan;nan;nan
nan;nan;nan;nan;nan;nan;nan;nan
nan;nan;nan;nan;nan;nan;nan;nan
nan;nan;nan;nan;nan;nan;nan;nan
nan;nan;nan;nan;nan;nan;nan;nan
nan;nan;nan;nan;nan;nan;nan;nan
nan;nan;nan;nan;nan;nan;nan;nan
nan;nan;nan;nan;nan;nan;nan;nan
nan;nan;nan;nan;nan;nan;nan;nan
nan;nan;nan;nan;nan;nan;nan;nan
nan;nan;nan;nan;nan;nan;nan;nan
nan;nan;nan;nan;nan;nan;nan;nan
nan;nan;nan;nan;nan;nan;nan;nan
nan;nan;nan;nan;nan;nan;nan;nan
nan;nan;nan;nan;nan;nan;nan;nan
nan;nan;nan;nan;nan;nan;nan;nan
nan;nan;nan;nan;nan;nan;nan;nan
nan;nan;nan;nan;nan;nan;nan;nan
nan;nan;nan;nan;nan;nan;nan;nan
nan;nan;nan;nan;nan;nan;nan;nan
nan;nan;nan;nan;nan;nan;nan;nan
nan;nan;nan;nan;nan;nan;nan;nan
nan;nan;nan;nan;nan;nan;nan;nan
nan;nan;nan;nan;nan;nan;nan;nan
nan;nan;nan;nan;nan;nan;nan;nan
nan;nan;nan;nan;nan;nan;nan;nan
nan;nan;nan;nan;nan;nan;nan;nan
nan;nan;nan;nan;nan;nan;nan;nan
nan;nan;nan;nan;nan;nan;nan;nan
nan;nan;nan;nan;nan;nan;nan;nan
nan;nan;nan;nan;nan;nan;nan;nan
