﻿ags;stadtteil_nr;stadtteil;stichtag;wohnbev_insg;deutsch;ausland;quelle
08335043;010;Altstadt;31.12.2024;12392;10278;2114;Stadt Konstanz - Eigene Einwohnerfortschreibung
08335043;020;Paradies;31.12.2024;6004;5204;800;Stadt Konstanz - Eigene Einwohnerfortschreibung
08335043;030;Petershausen-West;31.12.2024;16225;12594;3631;Stadt Konstanz - Eigene Einwohnerfortschreibung
08335043;035;Petershausen-Ost;31.12.2024;7353;6294;1059;Stadt Konstanz - Eigene Einwohnerfortschreibung
08335043;040;Königsbau;31.12.2024;6549;5118;1431;Stadt Konstanz - Eigene Einwohnerfortschreibung
08335043;050;Allmannsdorf;31.12.2024;5413;4764;649;Stadt Konstanz - Eigene Einwohnerfortschreibung
08335043;060;Staad;31.12.2024;1819;1647;172;Stadt Konstanz - Eigene Einwohnerfortschreibung
08335043;070;Fürstenberg;31.12.2024;12459;9864;2595;Stadt Konstanz - Eigene Einwohnerfortschreibung
08335043;080;Wollmatingen;31.12.2024;6776;5581;1195;Stadt Konstanz - Eigene Einwohnerfortschreibung
08335043;090;Industriegebiet;31.12.2024;1214;579;635;Stadt Konstanz - Eigene Einwohnerfortschreibung
08335043;100;Egg;31.12.2024;802;694;108;Stadt Konstanz - Eigene Einwohnerfortschreibung
08335043;110;Litzelstetten;31.12.2024;3790;3357;433;Stadt Konstanz - Eigene Einwohnerfortschreibung
08335043;120;Dingelsdorf;31.12.2024;2055;1869;186;Stadt Konstanz - Eigene Einwohnerfortschreibung
08335043;130;Dettingen;31.12.2024;3389;3012;377;Stadt Konstanz - Eigene Einwohnerfortschreibung
08335043;140;Wallhausen;31.12.2024;1128;978;150;Stadt Konstanz - Eigene Einwohnerfortschreibung
08335043;010;Altstadt;31.12.2023;12311;10245;2066;Stadt Konstanz - Eigene Einwohnerfortschreibung
08335043;020;Paradies;31.12.2023;6023;5226;797;Stadt Konstanz - Eigene Einwohnerfortschreibung
08335043;030;Petershausen-West;31.12.2023;16175;12552;3623;Stadt Konstanz - Eigene Einwohnerfortschreibung
08335043;035;Petershausen-Ost;31.12.2023;7332;6261;1071;Stadt Konstanz - Eigene Einwohnerfortschreibung
08335043;040;Königsbau;31.12.2023;6590;5179;1411;Stadt Konstanz - Eigene Einwohnerfortschreibung
08335043;050;Allmannsdorf;31.12.2023;5416;4775;641;Stadt Konstanz - Eigene Einwohnerfortschreibung
08335043;060;Staad;31.12.2023;1814;1643;171;Stadt Konstanz - Eigene Einwohnerfortschreibung
08335043;070;Fürstenberg;31.12.2023;12490;9909;2581;Stadt Konstanz - Eigene Einwohnerfortschreibung
08335043;080;Wollmatingen;31.12.2023;6743;5585;1158;Stadt Konstanz - Eigene Einwohnerfortschreibung
08335043;090;Industriegebiet;31.12.2023;1215;599;616;Stadt Konstanz - Eigene Einwohnerfortschreibung
08335043;100;Egg;31.12.2023;805;695;110;Stadt Konstanz - Eigene Einwohnerfortschreibung
08335043;110;Litzelstetten;31.12.2023;3818;3392;426;Stadt Konstanz - Eigene Einwohnerfortschreibung
08335043;120;Dingelsdorf;31.12.2023;2078;1900;178;Stadt Konstanz - Eigene Einwohnerfortschreibung
08335043;130;Dettingen;31.12.2023;3420;3019;401;Stadt Konstanz - Eigene Einwohnerfortschreibung
08335043;140;Wallhausen;31.12.2023;1130;972;158;Stadt Konstanz - Eigene Einwohnerfortschreibung
08335043;010;Altstadt;31.12.2022;12129;10191;1938;Stadt Konstanz - Eigene Einwohnerfortschreibung
08335043;020;Paradies;31.12.2022;6202;5247;955;Stadt Konstanz - Eigene Einwohnerfortschreibung
08335043;030;Petershausen-West;31.12.2022;16309;12605;3704;Stadt Konstanz - Eigene Einwohnerfortschreibung
08335043;035;Petershausen-Ost;31.12.2022;7267;6267;1000;Stadt Konstanz - Eigene Einwohnerfortschreibung
08335043;040;Königsbau;31.12.2022;6669;5225;1444;Stadt Konstanz - Eigene Einwohnerfortschreibung
08335043;050;Allmannsdorf;31.12.2022;5421;4780;641;Stadt Konstanz - Eigene Einwohnerfortschreibung
08335043;060;Staad;31.12.2022;1846;1634;212;Stadt Konstanz - Eigene Einwohnerfortschreibung
08335043;070;Fürstenberg;31.12.2022;12465;9958;2507;Stadt Konstanz - Eigene Einwohnerfortschreibung
08335043;080;Wollmatingen;31.12.2022;6645;5515;1130;Stadt Konstanz - Eigene Einwohnerfortschreibung
08335043;090;Industriegebiet;31.12.2022;1102;620;482;Stadt Konstanz - Eigene Einwohnerfortschreibung
08335043;100;Egg;31.12.2022;833;732;101;Stadt Konstanz - Eigene Einwohnerfortschreibung
08335043;110;Litzelstetten;31.12.2022;3820;3358;462;Stadt Konstanz - Eigene Einwohnerfortschreibung
08335043;120;Dingelsdorf;31.12.2022;2075;1892;183;Stadt Konstanz - Eigene Einwohnerfortschreibung
08335043;130;Dettingen;31.12.2022;3422;3033;389;Stadt Konstanz - Eigene Einwohnerfortschreibung
08335043;140;Wallhausen;31.12.2022;1150;991;159;Stadt Konstanz - Eigene Einwohnerfortschreibung
08335043;010;Altstadt;31.12.2021;11952;10209;1743;Stadt Konstanz - Eigene Einwohnerfortschreibung
08335043;020;Paradies;31.12.2021;6009;5253;756;Stadt Konstanz - Eigene Einwohnerfortschreibung
08335043;030;Petershausen-West;31.12.2021;16082;12594;3488;Stadt Konstanz - Eigene Einwohnerfortschreibung
08335043;035;Petershausen-Ost;31.12.2021;7245;6350;895;Stadt Konstanz - Eigene Einwohnerfortschreibung
08335043;040;Königsbau;31.12.2021;6507;5192;1315;Stadt Konstanz - Eigene Einwohnerfortschreibung
08335043;050;Allmannsdorf;31.12.2021;5328;4771;557;Stadt Konstanz - Eigene Einwohnerfortschreibung
08335043;060;Staad;31.12.2021;1816;1635;181;Stadt Konstanz - Eigene Einwohnerfortschreibung
08335043;070;Fürstenberg;31.12.2021;12382;9986;2396;Stadt Konstanz - Eigene Einwohnerfortschreibung
08335043;080;Wollmatingen;31.12.2021;6667;5563;1104;Stadt Konstanz - Eigene Einwohnerfortschreibung
08335043;090;Industriegebiet;31.12.2021;1002;620;382;Stadt Konstanz - Eigene Einwohnerfortschreibung
08335043;100;Egg;31.12.2021;805;714;91;Stadt Konstanz - Eigene Einwohnerfortschreibung
08335043;110;Litzelstetten;31.12.2021;3785;3403;382;Stadt Konstanz - Eigene Einwohnerfortschreibung
08335043;120;Dingelsdorf;31.12.2021;2056;1883;173;Stadt Konstanz - Eigene Einwohnerfortschreibung
08335043;130;Dettingen;31.12.2021;3399;3035;364;Stadt Konstanz - Eigene Einwohnerfortschreibung
08335043;140;Wallhausen;31.12.2021;1129;965;164;Stadt Konstanz - Eigene Einwohnerfortschreibung
08335043;010;Altstadt;31.12.2020;12080;10334;1746;Stadt Konstanz - Eigene Einwohnerfortschreibung
08335043;020;Paradies;31.12.2020;5994;5291;703;Stadt Konstanz - Eigene Einwohnerfortschreibung
08335043;030;Petershausen-West;31.12.2020;15820;12473;3347;Stadt Konstanz - Eigene Einwohnerfortschreibung
08335043;035;Petershausen-Ost;31.12.2020;7270;6349;921;Stadt Konstanz - Eigene Einwohnerfortschreibung
08335043;040;Königsbau;31.12.2020;6254;5096;1158;Stadt Konstanz - Eigene Einwohnerfortschreibung
08335043;050;Allmannsdorf;31.12.2020;5308;4773;535;Stadt Konstanz - Eigene Einwohnerfortschreibung
08335043;060;Staad;31.12.2020;1840;1666;174;Stadt Konstanz - Eigene Einwohnerfortschreibung
08335043;070;Fürstenberg;31.12.2020;12369;10014;2355;Stadt Konstanz - Eigene Einwohnerfortschreibung
08335043;080;Wollmatingen;31.12.2020;6742;5659;1083;Stadt Konstanz - Eigene Einwohnerfortschreibung
08335043;090;Industriegebiet;31.12.2020;990;626;364;Stadt Konstanz - Eigene Einwohnerfortschreibung
08335043;100;Egg;31.12.2020;788;708;80;Stadt Konstanz - Eigene Einwohnerfortschreibung
08335043;110;Litzelstetten;31.12.2020;3823;3425;398;Stadt Konstanz - Eigene Einwohnerfortschreibung
08335043;120;Dingelsdorf;31.12.2020;2082;1897;185;Stadt Konstanz - Eigene Einwohnerfortschreibung
08335043;130;Dettingen;31.12.2020;3342;2988;354;Stadt Konstanz - Eigene Einwohnerfortschreibung
08335043;140;Wallhausen;31.12.2020;1135;971;164;Stadt Konstanz - Eigene Einwohnerfortschreibung
08335043;010;Altstadt;31.12.2019;12138;10312;1826;Stadt Konstanz - Eigene Einwohnerfortschreibung
08335043;020;Paradies;31.12.2019;6097;5336;761;Stadt Konstanz - Eigene Einwohnerfortschreibung
08335043;030;Petershausen-West;31.12.2019;16021;12686;3335;Stadt Konstanz - Eigene Einwohnerfortschreibung
08335043;035;Petershausen-Ost;31.12.2019;7248;6374;874;Stadt Konstanz - Eigene Einwohnerfortschreibung
08335043;040;Königsbau;31.12.2019;6181;5017;1164;Stadt Konstanz - Eigene Einwohnerfortschreibung
08335043;050;Allmannsdorf;31.12.2019;5348;4795;553;Stadt Konstanz - Eigene Einwohnerfortschreibung
08335043;060;Staad;31.12.2019;1779;1628;151;Stadt Konstanz - Eigene Einwohnerfortschreibung
08335043;070;Fürstenberg;31.12.2019;12500;10081;2419;Stadt Konstanz - Eigene Einwohnerfortschreibung
08335043;080;Wollmatingen;31.12.2019;6775;5721;1054;Stadt Konstanz - Eigene Einwohnerfortschreibung
08335043;090;Industriegebiet;31.12.2019;1048;635;413;Stadt Konstanz - Eigene Einwohnerfortschreibung
08335043;100;Egg;31.12.2019;812;725;87;Stadt Konstanz - Eigene Einwohnerfortschreibung
08335043;110;Litzelstetten;31.12.2019;3861;3469;392;Stadt Konstanz - Eigene Einwohnerfortschreibung
08335043;120;Dingelsdorf;31.12.2019;2098;1897;201;Stadt Konstanz - Eigene Einwohnerfortschreibung
08335043;130;Dettingen;31.12.2019;3289;2961;328;Stadt Konstanz - Eigene Einwohnerfortschreibung
08335043;140;Wallhausen;31.12.2019;1137;975;162;Stadt Konstanz - Eigene Einwohnerfortschreibung
08335043;010;Altstadt;31.12.2018;12116;10329;1787;Stadt Konstanz - Eigene Einwohnerfortschreibung
08335043;020;Paradies;31.12.2018;6113;5341;772;Stadt Konstanz - Eigene Einwohnerfortschreibung
08335043;030;Petershausen-West;31.12.2018;16002;12762;3240;Stadt Konstanz - Eigene Einwohnerfortschreibung
08335043;035;Petershausen-Ost;31.12.2018;7273;6388;885;Stadt Konstanz - Eigene Einwohnerfortschreibung
08335043;040;Königsbau;31.12.2018;6248;5067;1181;Stadt Konstanz - Eigene Einwohnerfortschreibung
08335043;050;Allmannsdorf;31.12.2018;5341;4788;553;Stadt Konstanz - Eigene Einwohnerfortschreibung
08335043;060;Staad;31.12.2018;1793;1637;156;Stadt Konstanz - Eigene Einwohnerfortschreibung
08335043;070;Fürstenberg;31.12.2018;12346;10006;2340;Stadt Konstanz - Eigene Einwohnerfortschreibung
08335043;080;Wollmatingen;31.12.2018;6784;5774;1010;Stadt Konstanz - Eigene Einwohnerfortschreibung
08335043;090;Industriegebiet;31.12.2018;1093;673;420;Stadt Konstanz - Eigene Einwohnerfortschreibung
08335043;100;Egg;31.12.2018;763;671;92;Stadt Konstanz - Eigene Einwohnerfortschreibung
08335043;110;Litzelstetten;31.12.2018;3831;3440;391;Stadt Konstanz - Eigene Einwohnerfortschreibung
08335043;120;Dingelsdorf;31.12.2018;2094;1896;198;Stadt Konstanz - Eigene Einwohnerfortschreibung
08335043;130;Dettingen;31.12.2018;3270;2959;311;Stadt Konstanz - Eigene Einwohnerfortschreibung
08335043;140;Wallhausen;31.12.2018;1123;987;136;Stadt Konstanz - Eigene Einwohnerfortschreibung
08335043;010;Altstadt;31.12.2017;12064;10339;1725;Stadt Konstanz - Eigene Einwohnerfortschreibung
08335043;020;Paradies;31.12.2017;6161;5348;813;Stadt Konstanz - Eigene Einwohnerfortschreibung
08335043;030;Petershausen-West;31.12.2017;15616;12507;3109;Stadt Konstanz - Eigene Einwohnerfortschreibung
08335043;035;Petershausen-Ost;31.12.2017;7187;6398;789;Stadt Konstanz - Eigene Einwohnerfortschreibung
08335043;040;Königsbau;31.12.2017;6194;5062;1132;Stadt Konstanz - Eigene Einwohnerfortschreibung
08335043;050;Allmannsdorf;31.12.2017;5334;4792;542;Stadt Konstanz - Eigene Einwohnerfortschreibung
08335043;060;Staad;31.12.2017;1813;1644;169;Stadt Konstanz - Eigene Einwohnerfortschreibung
08335043;070;Fürstenberg;31.12.2017;12433;10144;2289;Stadt Konstanz - Eigene Einwohnerfortschreibung
08335043;080;Wollmatingen;31.12.2017;6795;5842;953;Stadt Konstanz - Eigene Einwohnerfortschreibung
08335043;090;Industriegebiet;31.12.2017;1108;681;427;Stadt Konstanz - Eigene Einwohnerfortschreibung
08335043;100;Egg;31.12.2017;761;680;81;Stadt Konstanz - Eigene Einwohnerfortschreibung
08335043;110;Litzelstetten;31.12.2017;3814;3425;389;Stadt Konstanz - Eigene Einwohnerfortschreibung
08335043;120;Dingelsdorf;31.12.2017;2131;1918;213;Stadt Konstanz - Eigene Einwohnerfortschreibung
08335043;130;Dettingen;31.12.2017;3334;3001;333;Stadt Konstanz - Eigene Einwohnerfortschreibung
08335043;140;Wallhausen;31.12.2017;1147;1014;133;Stadt Konstanz - Eigene Einwohnerfortschreibung
08335043;010;Altstadt;31.12.2016;11950;10305;1645;Stadt Konstanz - Eigene Einwohnerfortschreibung
08335043;020;Paradies;31.12.2016;6116;5246;870;Stadt Konstanz - Eigene Einwohnerfortschreibung
08335043;030;Petershausen-West;31.12.2016;15552;12503;3049;Stadt Konstanz - Eigene Einwohnerfortschreibung
08335043;035;Petershausen-Ost;31.12.2016;7156;6370;786;Stadt Konstanz - Eigene Einwohnerfortschreibung
08335043;040;Königsbau;31.12.2016;6146;4973;1173;Stadt Konstanz - Eigene Einwohnerfortschreibung
08335043;050;Allmannsdorf;31.12.2016;5305;4803;502;Stadt Konstanz - Eigene Einwohnerfortschreibung
08335043;060;Staad;31.12.2016;1807;1657;150;Stadt Konstanz - Eigene Einwohnerfortschreibung
08335043;070;Fürstenberg;31.12.2016;12233;10129;2104;Stadt Konstanz - Eigene Einwohnerfortschreibung
08335043;080;Wollmatingen;31.12.2016;6876;5885;991;Stadt Konstanz - Eigene Einwohnerfortschreibung
08335043;090;Industriegebiet;31.12.2016;1081;694;387;Stadt Konstanz - Eigene Einwohnerfortschreibung
08335043;100;Egg;31.12.2016;779;728;51;Stadt Konstanz - Eigene Einwohnerfortschreibung
08335043;110;Litzelstetten;31.12.2016;3841;3468;373;Stadt Konstanz - Eigene Einwohnerfortschreibung
08335043;120;Dingelsdorf;31.12.2016;2137;1954;183;Stadt Konstanz - Eigene Einwohnerfortschreibung
08335043;130;Dettingen;31.12.2016;3348;2972;376;Stadt Konstanz - Eigene Einwohnerfortschreibung
08335043;140;Wallhausen;31.12.2016;1151;1014;137;Stadt Konstanz - Eigene Einwohnerfortschreibung
08335043;010;Altstadt;31.12.2015;11987;10352;1635;Stadt Konstanz - Eigene Einwohnerfortschreibung
08335043;020;Paradies;31.12.2015;6122;5230;892;Stadt Konstanz - Eigene Einwohnerfortschreibung
08335043;030;Petershausen-West;31.12.2015;15347;12342;3005;Stadt Konstanz - Eigene Einwohnerfortschreibung
08335043;035;Petershausen-Ost;31.12.2015;7120;6355;765;Stadt Konstanz - Eigene Einwohnerfortschreibung
08335043;040;Königsbau;31.12.2015;5853;4843;1010;Stadt Konstanz - Eigene Einwohnerfortschreibung
08335043;050;Allmannsdorf;31.12.2015;5315;4795;520;Stadt Konstanz - Eigene Einwohnerfortschreibung
08335043;060;Staad;31.12.2015;1797;1652;145;Stadt Konstanz - Eigene Einwohnerfortschreibung
08335043;070;Fürstenberg;31.12.2015;12022;10068;1954;Stadt Konstanz - Eigene Einwohnerfortschreibung
08335043;080;Wollmatingen;31.12.2015;6683;5826;857;Stadt Konstanz - Eigene Einwohnerfortschreibung
08335043;090;Industriegebiet;31.12.2015;1024;716;308;Stadt Konstanz - Eigene Einwohnerfortschreibung
08335043;100;Egg;31.12.2015;757;709;48;Stadt Konstanz - Eigene Einwohnerfortschreibung
08335043;110;Litzelstetten;31.12.2015;3819;3475;344;Stadt Konstanz - Eigene Einwohnerfortschreibung
08335043;120;Dingelsdorf;31.12.2015;2142;1970;172;Stadt Konstanz - Eigene Einwohnerfortschreibung
08335043;130;Dettingen;31.12.2015;3141;2917;224;Stadt Konstanz - Eigene Einwohnerfortschreibung
08335043;140;Wallhausen;31.12.2015;1161;1036;125;Stadt Konstanz - Eigene Einwohnerfortschreibung
08335043;010;Altstadt;31.12.2014;11947;10342;1605;Stadt Konstanz - Eigene Einwohnerfortschreibung
08335043;020;Paradies;31.12.2014;6032;5206;826;Stadt Konstanz - Eigene Einwohnerfortschreibung
08335043;030;Petershausen-West;31.12.2014;14891;12228;2663;Stadt Konstanz - Eigene Einwohnerfortschreibung
08335043;035;Petershausen-Ost;31.12.2014;7067;6392;675;Stadt Konstanz - Eigene Einwohnerfortschreibung
08335043;040;Königsbau;31.12.2014;5773;4805;968;Stadt Konstanz - Eigene Einwohnerfortschreibung
08335043;050;Allmannsdorf;31.12.2014;5293;4812;481;Stadt Konstanz - Eigene Einwohnerfortschreibung
08335043;060;Staad;31.12.2014;1813;1663;150;Stadt Konstanz - Eigene Einwohnerfortschreibung
08335043;070;Fürstenberg;31.12.2014;11747;9968;1779;Stadt Konstanz - Eigene Einwohnerfortschreibung
08335043;080;Wollmatingen;31.12.2014;6613;5771;842;Stadt Konstanz - Eigene Einwohnerfortschreibung
08335043;090;Industriegebiet;31.12.2014;951;697;254;Stadt Konstanz - Eigene Einwohnerfortschreibung
08335043;100;Egg;31.12.2014;770;732;38;Stadt Konstanz - Eigene Einwohnerfortschreibung
08335043;110;Litzelstetten;31.12.2014;3870;3529;341;Stadt Konstanz - Eigene Einwohnerfortschreibung
08335043;120;Dingelsdorf;31.12.2014;2122;1976;146;Stadt Konstanz - Eigene Einwohnerfortschreibung
08335043;130;Dettingen;31.12.2014;3124;2941;183;Stadt Konstanz - Eigene Einwohnerfortschreibung
08335043;140;Wallhausen;31.12.2014;1166;1030;136;Stadt Konstanz - Eigene Einwohnerfortschreibung
08335043;010;Altstadt;31.12.2013;11923;10347;1576;Stadt Konstanz - Eigene Einwohnerfortschreibung
08335043;020;Paradies;31.12.2013;6030;5198;832;Stadt Konstanz - Eigene Einwohnerfortschreibung
08335043;030;Petershausen-West;31.12.2013;14843;12197;2646;Stadt Konstanz - Eigene Einwohnerfortschreibung
08335043;035;Petershausen-Ost;31.12.2013;6938;6394;544;Stadt Konstanz - Eigene Einwohnerfortschreibung
08335043;040;Königsbau;31.12.2013;5662;4747;915;Stadt Konstanz - Eigene Einwohnerfortschreibung
08335043;050;Allmannsdorf;31.12.2013;5241;4803;438;Stadt Konstanz - Eigene Einwohnerfortschreibung
08335043;060;Staad;31.12.2013;1790;1658;132;Stadt Konstanz - Eigene Einwohnerfortschreibung
08335043;070;Fürstenberg;31.12.2013;11686;9973;1713;Stadt Konstanz - Eigene Einwohnerfortschreibung
08335043;080;Wollmatingen;31.12.2013;6561;5736;825;Stadt Konstanz - Eigene Einwohnerfortschreibung
08335043;090;Industriegebiet;31.12.2013;960;720;240;Stadt Konstanz - Eigene Einwohnerfortschreibung
08335043;100;Egg;31.12.2013;736;706;30;Stadt Konstanz - Eigene Einwohnerfortschreibung
08335043;110;Litzelstetten;31.12.2013;3878;3538;340;Stadt Konstanz - Eigene Einwohnerfortschreibung
08335043;120;Dingelsdorf;31.12.2013;2138;2005;133;Stadt Konstanz - Eigene Einwohnerfortschreibung
08335043;130;Dettingen;31.12.2013;3048;2878;170;Stadt Konstanz - Eigene Einwohnerfortschreibung
08335043;140;Wallhausen;31.12.2013;1123;1003;120;Stadt Konstanz - Eigene Einwohnerfortschreibung
08335043;010;Altstadt;31.12.2012;11894;10351;1543;Stadt Konstanz - Eigene Einwohnerfortschreibung
08335043;020;Paradies;31.12.2012;5813;5069;744;Stadt Konstanz - Eigene Einwohnerfortschreibung
08335043;030;Petershausen-West;31.12.2012;14202;11745;2457;Stadt Konstanz - Eigene Einwohnerfortschreibung
08335043;035;Petershausen-Ost;31.12.2012;6892;6370;522;Stadt Konstanz - Eigene Einwohnerfortschreibung
08335043;040;Königsbau;31.12.2012;5569;4667;902;Stadt Konstanz - Eigene Einwohnerfortschreibung
08335043;050;Allmannsdorf;31.12.2012;5227;4790;437;Stadt Konstanz - Eigene Einwohnerfortschreibung
08335043;060;Staad;31.12.2012;1761;1658;103;Stadt Konstanz - Eigene Einwohnerfortschreibung
08335043;070;Fürstenberg;31.12.2012;11663;10015;1648;Stadt Konstanz - Eigene Einwohnerfortschreibung
08335043;080;Wollmatingen;31.12.2012;6357;5585;772;Stadt Konstanz - Eigene Einwohnerfortschreibung
08335043;090;Industriegebiet;31.12.2012;915;697;218;Stadt Konstanz - Eigene Einwohnerfortschreibung
08335043;100;Egg;31.12.2012;731;707;24;Stadt Konstanz - Eigene Einwohnerfortschreibung
08335043;110;Litzelstetten;31.12.2012;3810;3524;286;Stadt Konstanz - Eigene Einwohnerfortschreibung
08335043;120;Dingelsdorf;31.12.2012;2121;1997;124;Stadt Konstanz - Eigene Einwohnerfortschreibung
08335043;130;Dettingen;31.12.2012;3061;2896;165;Stadt Konstanz - Eigene Einwohnerfortschreibung
08335043;140;Wallhausen;31.12.2012;1123;1028;95;Stadt Konstanz - Eigene Einwohnerfortschreibung
08335043;010;Altstadt;31.12.2011;11866;10306;1560;Stadt Konstanz - Eigene Einwohnerfortschreibung
08335043;020;Paradies;31.12.2011;5808;5073;735;Stadt Konstanz - Eigene Einwohnerfortschreibung
08335043;030;Petershausen-West;31.12.2011;13436;11041;2395;Stadt Konstanz - Eigene Einwohnerfortschreibung
08335043;035;Petershausen-Ost;31.12.2011;6828;6313;515;Stadt Konstanz - Eigene Einwohnerfortschreibung
08335043;040;Königsbau;31.12.2011;5536;4578;958;Stadt Konstanz - Eigene Einwohnerfortschreibung
08335043;050;Allmannsdorf;31.12.2011;5274;4863;411;Stadt Konstanz - Eigene Einwohnerfortschreibung
08335043;060;Staad;31.12.2011;1710;1606;104;Stadt Konstanz - Eigene Einwohnerfortschreibung
08335043;070;Fürstenberg;31.12.2011;11680;10090;1590;Stadt Konstanz - Eigene Einwohnerfortschreibung
08335043;080;Wollmatingen;31.12.2011;6232;5498;734;Stadt Konstanz - Eigene Einwohnerfortschreibung
08335043;090;Industriegebiet;31.12.2011;933;706;227;Stadt Konstanz - Eigene Einwohnerfortschreibung
08335043;100;Egg;31.12.2011;699;676;23;Stadt Konstanz - Eigene Einwohnerfortschreibung
08335043;110;Litzelstetten;31.12.2011;3810;3553;257;Stadt Konstanz - Eigene Einwohnerfortschreibung
08335043;120;Dingelsdorf;31.12.2011;2103;2010;93;Stadt Konstanz - Eigene Einwohnerfortschreibung
08335043;130;Dettingen;31.12.2011;3055;2890;165;Stadt Konstanz - Eigene Einwohnerfortschreibung
08335043;140;Wallhausen;31.12.2011;1130;1026;104;Stadt Konstanz - Eigene Einwohnerfortschreibung
08335043;010;Altstadt;31.12.2010;11762;10291;1471;Stadt Konstanz - Eigene Einwohnerfortschreibung
08335043;020;Paradies;31.12.2010;6017;5248;769;Stadt Konstanz - Eigene Einwohnerfortschreibung
08335043;030;Petershausen-West;31.12.2010;13208;10846;2362;Stadt Konstanz - Eigene Einwohnerfortschreibung
08335043;035;Petershausen-Ost;31.12.2010;6743;6227;516;Stadt Konstanz - Eigene Einwohnerfortschreibung
08335043;040;Königsbau;31.12.2010;5222;4317;905;Stadt Konstanz - Eigene Einwohnerfortschreibung
08335043;050;Allmannsdorf;31.12.2010;5268;4871;397;Stadt Konstanz - Eigene Einwohnerfortschreibung
08335043;060;Staad;31.12.2010;1747;1630;117;Stadt Konstanz - Eigene Einwohnerfortschreibung
08335043;070;Fürstenberg;31.12.2010;11611;10035;1576;Stadt Konstanz - Eigene Einwohnerfortschreibung
08335043;080;Wollmatingen;31.12.2010;6137;5415;722;Stadt Konstanz - Eigene Einwohnerfortschreibung
08335043;090;Industriegebiet;31.12.2010;908;690;218;Stadt Konstanz - Eigene Einwohnerfortschreibung
08335043;100;Egg;31.12.2010;646;625;21;Stadt Konstanz - Eigene Einwohnerfortschreibung
08335043;110;Litzelstetten;31.12.2010;3854;3610;244;Stadt Konstanz - Eigene Einwohnerfortschreibung
08335043;120;Dingelsdorf;31.12.2010;2082;1987;95;Stadt Konstanz - Eigene Einwohnerfortschreibung
08335043;130;Dettingen;31.12.2010;3069;2919;150;Stadt Konstanz - Eigene Einwohnerfortschreibung
08335043;140;Wallhausen;31.12.2010;1116;1010;106;Stadt Konstanz - Eigene Einwohnerfortschreibung
