﻿ags;stadtteil_nr;stadtteil;stichtag;quelle;unter 3;3 - unter 6;6 - unter 10;10 - unter 18;18 - unter 25;25 - unter 65;65 - unter 85;85 und aelter;"erwerbsfaehige
 (15- unter 65)";wohnbev_insg
8335043;010;Altstadt;31.12.2024;Stadt Konstanz - Eigene Einwohnerfortschreibung;295;318;393;678;1424;7137;1752;395;8802;12392
8335043;020;Paradies;31.12.2024;Stadt Konstanz - Eigene Einwohnerfortschreibung;119;102;138;268;1352;2861;932;232;4314;6004
8335043;030;Petershausen-West;31.12.2024;Stadt Konstanz - Eigene Einwohnerfortschreibung;411;437;493;904;2376;9202;2082;320;11922;16225
8335043;035;Petershausen-Ost;31.12.2024;Stadt Konstanz - Eigene Einwohnerfortschreibung;155;156;197;453;663;3565;1565;599;4422;7353
8335043;040;Koenigsbau;31.12.2024;Stadt Konstanz - Eigene Einwohnerfortschreibung;131;187;266;496;1508;2973;837;151;4647;6549
8335043;050;Allmannsdorf;31.12.2024;Stadt Konstanz - Eigene Einwohnerfortschreibung;100;106;160;323;651;2706;1072;295;3483;5413
8335043;060;Staad;31.12.2024;Stadt Konstanz - Eigene Einwohnerfortschreibung;45;35;59;118;148;877;437;100;1067;1819
8335043;070;Fuerstenberg;31.12.2024;Stadt Konstanz - Eigene Einwohnerfortschreibung;284;318;406;749;1660;6613;1991;438;8549;12459
8335043;080;Wollmatingen;31.12.2024;Stadt Konstanz - Eigene Einwohnerfortschreibung;166;201;269;599;680;3680;968;213;4610;6776
8335043;090;Industriegebiet;31.12.2024;Stadt Konstanz - Eigene Einwohnerfortschreibung;35;41;46;78;159;716;123;16;902;1214
8335043;100;Egg;31.12.2024;Stadt Konstanz - Eigene Einwohnerfortschreibung;14;24;45;90;83;411;115;20;522;802
8335043;110;Litzelstetten;31.12.2024;Stadt Konstanz - Eigene Einwohnerfortschreibung;83;84;129;223;330;1869;907;165;2297;3790
8335043;120;Dingelsdorf;31.12.2024;Stadt Konstanz - Eigene Einwohnerfortschreibung;34;58;59;145;174;1021;478;86;1256;2055
8335043;130;Dettingen;31.12.2024;Stadt Konstanz - Eigene Einwohnerfortschreibung;76;92;160;277;238;1679;739;128;2014;3389
8335043;140;Wallhausen;31.12.2024;Stadt Konstanz - Eigene Einwohnerfortschreibung;24;25;37;80;66;606;241;49;703;1128
8335043;10;Altstadt;31.12.2023;Stadt Konstanz - Eigene Einwohnerfortschreibung;304;297;372;681;1489;7055;1742;371;8778;12311
8335043;20;Paradies;31.12.2023;Stadt Konstanz - Eigene Einwohnerfortschreibung;117;89;141;285;1343;2887;929;232;4327;6023
8335043;30;Petershausen-West;31.12.2023;Stadt Konstanz - Eigene Einwohnerfortschreibung;450;439;466;912;2445;9095;2069;299;11878;16175
8335043;35;Petershausen-Ost;31.12.2023;Stadt Konstanz - Eigene Einwohnerfortschreibung;161;155;209;445;658;3539;1620;545;4376;7332
8335043;40;Koenigsbau;31.12.2023;Stadt Konstanz - Eigene Einwohnerfortschreibung;144;190;276;445;1547;3025;823;140;4730;6590
8335043;50;Allmannsdorf;31.12.2023;Stadt Konstanz - Eigene Einwohnerfortschreibung;108;122;162;317;678;2706;1064;259;3513;5416
8335043;60;Staad;31.12.2023;Stadt Konstanz - Eigene Einwohnerfortschreibung;49;35;60;113;137;891;444;85;1063;1814
8335043;70;Fuerstenberg;31.12.2023;Stadt Konstanz - Eigene Einwohnerfortschreibung;310;321;392;740;1698;6620;1972;437;8598;12490
8335043;80;Wollmatingen;31.12.2023;Stadt Konstanz - Eigene Einwohnerfortschreibung;178;193;273;610;684;3650;951;204;4569;6743
8335043;90;Industriegebiet;31.12.2023;Stadt Konstanz - Eigene Einwohnerfortschreibung;53;39;51;96;163;675;122;16;867;1215
8335043;100;Egg;31.12.2023;Stadt Konstanz - Eigene Einwohnerfortschreibung;15;25;43;91;88;407;115;21;526;805
8335043;110;Litzelstetten;31.12.2023;Stadt Konstanz - Eigene Einwohnerfortschreibung;89;94;110;235;329;1896;923;142;2315;3818
8335043;120;Dingelsdorf;31.12.2023;Stadt Konstanz - Eigene Einwohnerfortschreibung;40;57;62;146;169;1060;474;70;1288;2078
8335043;130;Dettingen;31.12.2023;Stadt Konstanz - Eigene Einwohnerfortschreibung;88;103;174;272;230;1696;753;104;2025;3420
8335043;140;Wallhausen;31.12.2023;Stadt Konstanz - Eigene Einwohnerfortschreibung;25;21;41;78;60;624;242;39;711;1130
8335043;10;Altstadt;31.12.2022;Stadt Konstanz - Eigene Einwohnerfortschreibung;312;308;346;661;1466;6941;1717;378;8655;12129
8335043;20;Paradies;31.12.2022;Stadt Konstanz - Eigene Einwohnerfortschreibung;120;122;162;289;1340;2999;952;218;4446;6202
8335043;30;Petershausen-West;31.12.2022;Stadt Konstanz - Eigene Einwohnerfortschreibung;492;417;479;917;2486;9171;2074;273;11986;16309
8335043;35;Petershausen-Ost;31.12.2022;Stadt Konstanz - Eigene Einwohnerfortschreibung;173;137;209;466;687;3469;1640;486;4354;7267
8335043;40;Koenigsbau;31.12.2022;Stadt Konstanz - Eigene Einwohnerfortschreibung;181;191;281;457;1551;3053;813;142;4760;6669
8335043;50;Allmannsdorf;31.12.2022;Stadt Konstanz - Eigene Einwohnerfortschreibung;123;113;177;316;697;2695;1068;232;3523;5421
8335043;60;Staad;31.12.2022;Stadt Konstanz - Eigene Einwohnerfortschreibung;49;35;65;118;140;918;441;80;1102;1846
8335043;70;Fuerstenberg;31.12.2022;Stadt Konstanz - Eigene Einwohnerfortschreibung;306;318;375;745;1782;6518;2022;399;8580;12465
8335043;80;Wollmatingen;31.12.2022;Stadt Konstanz - Eigene Einwohnerfortschreibung;181;187;276;602;714;3553;932;200;4495;6645
8335043;90;Industriegebiet;31.12.2022;Stadt Konstanz - Eigene Einwohnerfortschreibung;41;33;36;68;142;635;132;15;796;1102
8335043;100;Egg;31.12.2022;Stadt Konstanz - Eigene Einwohnerfortschreibung;20;31;47;94;87;424;110;20;543;833
8335043;110;Litzelstetten;31.12.2022;Stadt Konstanz - Eigene Einwohnerfortschreibung;83;94;107;249;310;1904;956;117;2314;3820
8335043;120;Dingelsdorf;31.12.2022;Stadt Konstanz - Eigene Einwohnerfortschreibung;48;47;64;157;178;1066;458;57;1305;2075
8335043;130;Dettingen;31.12.2022;Stadt Konstanz - Eigene Einwohnerfortschreibung;88;116;158;268;252;1692;750;98;2044;3422
8335043;140;Wallhausen;31.12.2022;Stadt Konstanz - Eigene Einwohnerfortschreibung;25;24;45;73;73;630;246;34;729;1150
8335043;10;Altstadt;31.12.2021;Stadt Konstanz - Eigene Einwohnerfortschreibung;327;322;317;628;1470;6807;1720;361;8511;11952
8335043;20;Paradies;31.12.2021;Stadt Konstanz - Eigene Einwohnerfortschreibung;115;105;137;278;1309;2916;930;219;4332;6009
8335043;30;Petershausen-West;31.12.2021;Stadt Konstanz - Eigene Einwohnerfortschreibung;478;399;435;868;2646;8942;2062;252;11885;16082
8335043;35;Petershausen-Ost;31.12.2021;Stadt Konstanz - Eigene Einwohnerfortschreibung;171;128;195;462;718;3432;1655;484;4323;7245
8335043;40;Koenigsbau;31.12.2021;Stadt Konstanz - Eigene Einwohnerfortschreibung;175;200;276;451;1497;2971;808;129;4629;6507
8335043;50;Allmannsdorf;31.12.2021;Stadt Konstanz - Eigene Einwohnerfortschreibung;126;126;155;319;669;2682;1045;206;3483;5328
8335043;60;Staad;31.12.2021;Stadt Konstanz - Eigene Einwohnerfortschreibung;35;40;66;108;135;909;444;79;1091;1816
8335043;70;Fuerstenberg;31.12.2021;Stadt Konstanz - Eigene Einwohnerfortschreibung;319;311;338;743;1829;6426;2047;369;8542;12382
8335043;80;Wollmatingen;31.12.2021;Stadt Konstanz - Eigene Einwohnerfortschreibung;183;194;280;602;715;3586;912;195;4532;6667
8335043;90;Industriegebiet;31.12.2021;Stadt Konstanz - Eigene Einwohnerfortschreibung;32;28;43;59;134;565;129;12;718;1002
8335043;100;Egg;31.12.2021;Stadt Konstanz - Eigene Einwohnerfortschreibung;16;37;45;81;89;413;107;17;526;805
8335043;110;Litzelstetten;31.12.2021;Stadt Konstanz - Eigene Einwohnerfortschreibung;91;93;105;240;314;1893;932;117;2301;3785
8335043;120;Dingelsdorf;31.12.2021;Stadt Konstanz - Eigene Einwohnerfortschreibung;48;49;55;160;164;1087;439;54;1312;2056
8335043;130;Dettingen;31.12.2021;Stadt Konstanz - Eigene Einwohnerfortschreibung;99;99;165;236;262;1712;732;94;2059;3399
8335043;140;Wallhausen;31.12.2021;Stadt Konstanz - Eigene Einwohnerfortschreibung;24;24;33;65;84;638;231;30;746;1129
8335043;10;Altstadt;31.12.2020;Stadt Konstanz - Eigene Einwohnerfortschreibung;352;326;334;618;1523;6855;1726;346;8619;12080
8335043;20;Paradies;31.12.2020;Stadt Konstanz - Eigene Einwohnerfortschreibung;115;121;129;290;1292;2899;948;200;4303;5994
8335043;30;Petershausen-West;31.12.2020;Stadt Konstanz - Eigene Einwohnerfortschreibung;480;390;436;814;2599;8840;2005;256;11710;15820
8335043;35;Petershausen-Ost;31.12.2020;Stadt Konstanz - Eigene Einwohnerfortschreibung;167;144;209;467;718;3445;1674;446;4342;7270
8335043;40;Koenigsbau;31.12.2020;Stadt Konstanz - Eigene Einwohnerfortschreibung;160;187;249;415;1497;2836;787;123;4496;6254
8335043;50;Allmannsdorf;31.12.2020;Stadt Konstanz - Eigene Einwohnerfortschreibung;130;123;136;351;665;2700;1021;182;3513;5308
8335043;60;Staad;31.12.2020;Stadt Konstanz - Eigene Einwohnerfortschreibung;39;41;66;110;149;904;457;74;1101;1840
8335043;70;Fuerstenberg;31.12.2020;Stadt Konstanz - Eigene Einwohnerfortschreibung;323;297;359;770;1755;6456;2046;363;8516;12369
8335043;80;Wollmatingen;31.12.2020;Stadt Konstanz - Eigene Einwohnerfortschreibung;185;208;262;637;711;3654;900;185;4602;6742
8335043;90;Industriegebiet;31.12.2020;Stadt Konstanz - Eigene Einwohnerfortschreibung;25;25;33;62;135;568;132;10;724;990
8335043;100;Egg;31.12.2020;Stadt Konstanz - Eigene Einwohnerfortschreibung;18;28;43;79;90;408;108;14;526;788
8335043;110;Litzelstetten;31.12.2020;Stadt Konstanz - Eigene Einwohnerfortschreibung;92;91;103;240;332;1938;914;113;2359;3823
8335043;120;Dingelsdorf;31.12.2020;Stadt Konstanz - Eigene Einwohnerfortschreibung;53;44;66;162;164;1105;434;54;1327;2082
8335043;130;Dettingen;31.12.2020;Stadt Konstanz - Eigene Einwohnerfortschreibung;86;115;145;229;282;1680;732;73;2042;3342
8335043;140;Wallhausen;31.12.2020;Stadt Konstanz - Eigene Einwohnerfortschreibung;28;28;32;64;89;627;236;31;737;1135
8335043;10;Altstadt;31.12.2019;Stadt Konstanz - Eigene Einwohnerfortschreibung;374;287;339;621;1570;6899;1692;356;8715;12138
8335043;20;Paradies;31.12.2019;Stadt Konstanz - Eigene Einwohnerfortschreibung;125;111;133;301;1356;2914;960;197;4399;6097
8335043;30;Petershausen-West;31.12.2019;Stadt Konstanz - Eigene Einwohnerfortschreibung;476;366;460;777;2813;8874;2006;249;11953;16021
8335043;35;Petershausen-Ost;31.12.2019;Stadt Konstanz - Eigene Einwohnerfortschreibung;148;165;212;467;754;3438;1640;424;4369;7248
8335043;40;Koenigsbau;31.12.2019;Stadt Konstanz - Eigene Einwohnerfortschreibung;145;200;223;395;1606;2700;792;120;4459;6181
8335043;50;Allmannsdorf;31.12.2019;Stadt Konstanz - Eigene Einwohnerfortschreibung;114;113;139;357;719;2716;1030;160;3589;5348
8335043;60;Staad;31.12.2019;Stadt Konstanz - Eigene Einwohnerfortschreibung;32;38;59;116;150;871;459;54;1068;1779
8335043;70;Fuerstenberg;31.12.2019;Stadt Konstanz - Eigene Einwohnerfortschreibung;327;304;370;745;1862;6483;2071;338;8626;12500
8335043;80;Wollmatingen;31.12.2019;Stadt Konstanz - Eigene Einwohnerfortschreibung;181;211;281;647;779;3621;904;151;4652;6775
8335043;90;Industriegebiet;31.12.2019;Stadt Konstanz - Eigene Einwohnerfortschreibung;25;27;39;57;164;607;121;8;794;1048
8335043;100;Egg;31.12.2019;Stadt Konstanz - Eigene Einwohnerfortschreibung;21;27;48;74;103;425;100;14;552;812
8335043;110;Litzelstetten;31.12.2019;Stadt Konstanz - Eigene Einwohnerfortschreibung;91;80;98;243;392;1945;914;98;2428;3861
8335043;120;Dingelsdorf;31.12.2019;Stadt Konstanz - Eigene Einwohnerfortschreibung;54;48;64;157;189;1106;429;51;1344;2098
8335043;130;Dettingen;31.12.2019;Stadt Konstanz - Eigene Einwohnerfortschreibung;89;118;135;220;300;1635;723;69;2008;3289
8335043;140;Wallhausen;31.12.2019;Stadt Konstanz - Eigene Einwohnerfortschreibung;23;28;33;65;114;612;234;28;744;1137
8335043;10;Altstadt;31.12.2018;Stadt Konstanz - Eigene Einwohnerfortschreibung;376;286;330;633;1566;6931;1679;315;8748;12116
8335043;20;Paradies;31.12.2018;Stadt Konstanz - Eigene Einwohnerfortschreibung;129;109;145;290;1327;2946;976;191;4390;6113
8335043;30;Petershausen-West;31.12.2018;Stadt Konstanz - Eigene Einwohnerfortschreibung;465;353;444;780;2870;8877;1979;234;12025;16002
8335043;35;Petershausen-Ost;31.12.2018;Stadt Konstanz - Eigene Einwohnerfortschreibung;156;157;213;461;806;3410;1648;422;4376;7273
8335043;40;Koenigsbau;31.12.2018;Stadt Konstanz - Eigene Einwohnerfortschreibung;157;189;220;408;1585;2774;798;117;4511;6248
8335043;50;Allmannsdorf;31.12.2018;Stadt Konstanz - Eigene Einwohnerfortschreibung;120;117;135;369;706;2695;1041;158;3553;5341
8335043;60;Staad;31.12.2018;Stadt Konstanz - Eigene Einwohnerfortschreibung;36;40;59;113;143;885;466;51;1071;1793
8335043;70;Fuerstenberg;31.12.2018;Stadt Konstanz - Eigene Einwohnerfortschreibung;317;268;378;724;1927;6353;2067;312;8568;12346
8335043;80;Wollmatingen;31.12.2018;Stadt Konstanz - Eigene Einwohnerfortschreibung;193;201;295;649;777;3611;903;155;4636;6784
8335043;90;Industriegebiet;31.12.2018;Stadt Konstanz - Eigene Einwohnerfortschreibung;24;27;44;64;166;640;118;10;834;1093
8335043;100;Egg;31.12.2018;Stadt Konstanz - Eigene Einwohnerfortschreibung;24;21;43;74;89;404;95;13;519;763
8335043;110;Litzelstetten;31.12.2018;Stadt Konstanz - Eigene Einwohnerfortschreibung;94;75;106;244;374;1939;897;102;2408;3831
8335043;120;Dingelsdorf;31.12.2018;Stadt Konstanz - Eigene Einwohnerfortschreibung;46;44;69;163;190;1103;428;51;1351;2094
8335043;130;Dettingen;31.12.2018;Stadt Konstanz - Eigene Einwohnerfortschreibung;87;107;131;224;292;1646;712;71;2019;3270
8335043;140;Wallhausen;31.12.2018;Stadt Konstanz - Eigene Einwohnerfortschreibung;22;31;35;52;118;606;231;28;738;1123
8335043;10;Altstadt;31.12.2017;Stadt Konstanz - Eigene Einwohnerfortschreibung;360;276;326;643;1565;6944;1651;299;8742;12064
8335043;20;Paradies;31.12.2017;Stadt Konstanz - Eigene Einwohnerfortschreibung;128;99;141;294;1366;2966;976;191;4443;6161
8335043;30;Petershausen-West;31.12.2017;Stadt Konstanz - Eigene Einwohnerfortschreibung;419;325;459;763;2816;8646;1961;227;11753;15616
8335043;35;Petershausen-Ost;31.12.2017;Stadt Konstanz - Eigene Einwohnerfortschreibung;163;152;206;464;809;3350;1600;443;4328;7187
8335043;40;Koenigsbau;31.12.2017;Stadt Konstanz - Eigene Einwohnerfortschreibung;157;183;218;403;1525;2779;825;104;4461;6194
8335043;50;Allmannsdorf;31.12.2017;Stadt Konstanz - Eigene Einwohnerfortschreibung;122;98;141;386;686;2690;1046;165;3537;5334
8335043;60;Staad;31.12.2017;Stadt Konstanz - Eigene Einwohnerfortschreibung;38;46;49;123;143;895;472;47;1085;1813
8335043;70;Fuerstenberg;31.12.2017;Stadt Konstanz - Eigene Einwohnerfortschreibung;300;274;355;724;2014;6373;2106;287;8676;12433
8335043;80;Wollmatingen;31.12.2017;Stadt Konstanz - Eigene Einwohnerfortschreibung;210;197;302;646;763;3640;892;145;4642;6795
8335043;90;Industriegebiet;31.12.2017;Stadt Konstanz - Eigene Einwohnerfortschreibung;32;26;39;75;188;623;117;8;844;1108
8335043;100;Egg;31.12.2017;Stadt Konstanz - Eigene Einwohnerfortschreibung;19;25;38;75;90;413;89;12;524;761
8335043;110;Litzelstetten;31.12.2017;Stadt Konstanz - Eigene Einwohnerfortschreibung;92;74;109;234;357;1935;908;105;2380;3814
8335043;120;Dingelsdorf;31.12.2017;Stadt Konstanz - Eigene Einwohnerfortschreibung;34;51;76;167;214;1119;424;46;1390;2131
8335043;130;Dettingen;31.12.2017;Stadt Konstanz - Eigene Einwohnerfortschreibung;113;115;124;237;297;1671;707;70;2053;3334
8335043;140;Wallhausen;31.12.2017;Stadt Konstanz - Eigene Einwohnerfortschreibung;28;26;41;50;118;637;217;30;769;1147
8335043;10;Altstadt;31.12.2016;Stadt Konstanz - Eigene Einwohnerfortschreibung;327;273;323;620;1574;6876;1645;312;8671;11950
8335043;20;Paradies;31.12.2016;Stadt Konstanz - Eigene Einwohnerfortschreibung;128;99;140;305;1343;2935;990;176;4394;6116
8335043;30;Petershausen-West;31.12.2016;Stadt Konstanz - Eigene Einwohnerfortschreibung;402;350;446;785;2826;8604;1916;223;11747;15552
8335043;35;Petershausen-Ost;31.12.2016;Stadt Konstanz - Eigene Einwohnerfortschreibung;162;147;218;456;814;3356;1578;425;4338;7156
8335043;40;Koenigsbau;31.12.2016;Stadt Konstanz - Eigene Einwohnerfortschreibung;172;162;213;419;1487;2777;818;98;4429;6146
8335043;50;Allmannsdorf;31.12.2016;Stadt Konstanz - Eigene Einwohnerfortschreibung;103;98;141;389;721;2648;1040;165;3524;5305
8335043;60;Staad;31.12.2016;Stadt Konstanz - Eigene Einwohnerfortschreibung;45;42;53;116;138;896;465;52;1078;1807
8335043;70;Fuerstenberg;31.12.2016;Stadt Konstanz - Eigene Einwohnerfortschreibung;284;262;329;726;1976;6261;2111;284;8541;12233
8335043;80;Wollmatingen;31.12.2016;Stadt Konstanz - Eigene Einwohnerfortschreibung;213;192;312;623;835;3668;891;142;4720;6876
8335043;90;Industriegebiet;31.12.2016;Stadt Konstanz - Eigene Einwohnerfortschreibung;27;24;42;70;173;623;113;9;829;1081
8335043;100;Egg;31.12.2016;Stadt Konstanz - Eigene Einwohnerfortschreibung;20;29;48;67;105;416;82;12;547;779
8335043;110;Litzelstetten;31.12.2016;Stadt Konstanz - Eigene Einwohnerfortschreibung;84;72;113;238;367;1952;917;98;2405;3841
8335043;120;Dingelsdorf;31.12.2016;Stadt Konstanz - Eigene Einwohnerfortschreibung;49;46;83;159;231;1109;411;49;1401;2137
8335043;130;Dettingen;31.12.2016;Stadt Konstanz - Eigene Einwohnerfortschreibung;108;114;133;253;296;1686;690;68;2091;3348
8335043;140;Wallhausen;31.12.2016;Stadt Konstanz - Eigene Einwohnerfortschreibung;27;25;40;63;135;608;226;27;770;1151
8335043;10;Altstadt;31.12.2015;Stadt Konstanz - Eigene Einwohnerfortschreibung;335;262;310;633;1638;6898;1586;325;8767;11987
8335043;20;Paradies;31.12.2015;Stadt Konstanz - Eigene Einwohnerfortschreibung;122;111;145;317;1289;2981;984;173;4386;6122
8335043;30;Petershausen-West;31.12.2015;Stadt Konstanz - Eigene Einwohnerfortschreibung;368;359;431;807;2803;8472;1875;232;11621;15347
8335043;35;Petershausen-Ost;31.12.2015;Stadt Konstanz - Eigene Einwohnerfortschreibung;155;145;223;461;801;3342;1555;438;4324;7120
8335043;40;Koenigsbau;31.12.2015;Stadt Konstanz - Eigene Einwohnerfortschreibung;125;149;184;412;1422;2655;808;98;4241;5853
8335043;50;Allmannsdorf;31.12.2015;Stadt Konstanz - Eigene Einwohnerfortschreibung;98;90;138;415;752;2630;1022;170;3547;5315
8335043;60;Staad;31.12.2015;Stadt Konstanz - Eigene Einwohnerfortschreibung;48;40;45;114;122;900;475;53;1063;1797
8335043;70;Fuerstenberg;31.12.2015;Stadt Konstanz - Eigene Einwohnerfortschreibung;289;283;329;714;1812;6214;2116;265;8295;12022
8335043;80;Wollmatingen;31.12.2015;Stadt Konstanz - Eigene Einwohnerfortschreibung;216;199;326;627;741;3546;891;137;4520;6683
8335043;90;Industriegebiet;31.12.2015;Stadt Konstanz - Eigene Einwohnerfortschreibung;27;32;28;56;150;618;104;9;793;1024
8335043;100;Egg;31.12.2015;Stadt Konstanz - Eigene Einwohnerfortschreibung;22;35;44;67;89;412;79;9;526;757
8335043;110;Litzelstetten;31.12.2015;Stadt Konstanz - Eigene Einwohnerfortschreibung;79;60;120;231;367;1958;897;107;2414;3819
8335043;120;Dingelsdorf;31.12.2015;Stadt Konstanz - Eigene Einwohnerfortschreibung;51;48;84;162;224;1135;394;44;1418;2142
8335043;130;Dettingen;31.12.2015;Stadt Konstanz - Eigene Einwohnerfortschreibung;90;98;112;224;256;1609;691;61;1962;3141
8335043;140;Wallhausen;31.12.2015;Stadt Konstanz - Eigene Einwohnerfortschreibung;27;24;39;57;141;618;227;28;786;1161
8335043;10;Altstadt;31.12.2014;Stadt Konstanz - Eigene Einwohnerfortschreibung;309;262;308;640;1649;6893;1552;334;8780;11947
8335043;20;Paradies;31.12.2014;Stadt Konstanz - Eigene Einwohnerfortschreibung;117;119;136;309;1300;2904;970;177;4328;6032
8335043;30;Petershausen-West;31.12.2014;Stadt Konstanz - Eigene Einwohnerfortschreibung;346;375;416;795;2689;8184;1864;222;11212;14891
8335043;35;Petershausen-Ost;31.12.2014;Stadt Konstanz - Eigene Einwohnerfortschreibung;135;159;235;460;786;3317;1534;441;4283;7067
8335043;40;Koenigsbau;31.12.2014;Stadt Konstanz - Eigene Einwohnerfortschreibung;123;136;183;406;1439;2571;818;97;4183;5773
8335043;50;Allmannsdorf;31.12.2014;Stadt Konstanz - Eigene Einwohnerfortschreibung;87;95;149;405;736;2640;1015;166;3519;5293
8335043;60;Staad;31.12.2014;Stadt Konstanz - Eigene Einwohnerfortschreibung;50;40;49;100;144;891;484;55;1067;1813
8335043;70;Fuerstenberg;31.12.2014;Stadt Konstanz - Eigene Einwohnerfortschreibung;272;271;331;723;1712;6063;2113;262;8066;11747
8335043;80;Wollmatingen;31.12.2014;Stadt Konstanz - Eigene Einwohnerfortschreibung;206;226;299;627;693;3541;890;131;4474;6613
8335043;90;Industriegebiet;31.12.2014;Stadt Konstanz - Eigene Einwohnerfortschreibung;23;25;25;63;139;562;108;6;729;951
8335043;100;Egg;31.12.2014;Stadt Konstanz - Eigene Einwohnerfortschreibung;26;35;49;64;90;413;85;8;530;770
8335043;110;Litzelstetten;31.12.2014;Stadt Konstanz - Eigene Einwohnerfortschreibung;77;84;116;246;380;1984;885;98;2464;3870
8335043;120;Dingelsdorf;31.12.2014;Stadt Konstanz - Eigene Einwohnerfortschreibung;52;47;83;154;234;1127;383;42;1420;2122
8335043;130;Dettingen;31.12.2014;Stadt Konstanz - Eigene Einwohnerfortschreibung;83;82;111;241;265;1598;683;61;1968;3124
8335043;140;Wallhausen;31.12.2014;Stadt Konstanz - Eigene Einwohnerfortschreibung;29;29;33;66;139;612;232;26;791;1166
8335043;10;Altstadt;31.12.2013;Stadt Konstanz - Eigene Einwohnerfortschreibung;298;260;343;604;1771;6833;1473;341;8845;11923
8335043;20;Paradies;31.12.2013;Stadt Konstanz - Eigene Einwohnerfortschreibung;132;118;144;318;1305;2862;981;170;4283;6030
8335043;30;Petershausen-West;31.12.2013;Stadt Konstanz - Eigene Einwohnerfortschreibung;385;369;378;826;2806;8014;1848;217;11171;14843
8335043;35;Petershausen-Ost;31.12.2013;Stadt Konstanz - Eigene Einwohnerfortschreibung;137;150;227;439;732;3288;1519;446;4192;6938
8335043;40;Koenigsbau;31.12.2013;Stadt Konstanz - Eigene Einwohnerfortschreibung;116;150;186;413;1343;2537;815;102;4069;5662
8335043;50;Allmannsdorf;31.12.2013;Stadt Konstanz - Eigene Einwohnerfortschreibung;82;100;163;401;751;2555;1022;167;3455;5241
8335043;60;Staad;31.12.2013;Stadt Konstanz - Eigene Einwohnerfortschreibung;50;39;49;98;154;876;469;55;1056;1790
8335043;70;Fuerstenberg;31.12.2013;Stadt Konstanz - Eigene Einwohnerfortschreibung;262;266;329;717;1767;5963;2129;253;8012;11686
8335043;80;Wollmatingen;31.12.2013;Stadt Konstanz - Eigene Einwohnerfortschreibung;194;225;306;604;724;3482;891;135;4423;6561
8335043;90;Industriegebiet;31.12.2013;Stadt Konstanz - Eigene Einwohnerfortschreibung;22;30;25;66;143;556;111;7;730;960
8335043;100;Egg;31.12.2013;Stadt Konstanz - Eigene Einwohnerfortschreibung;22;33;37;64;90;396;87;7;511;736
8335043;110;Litzelstetten;31.12.2013;Stadt Konstanz - Eigene Einwohnerfortschreibung;72;91;116;253;403;1977;870;96;2478;3878
8335043;120;Dingelsdorf;31.12.2013;Stadt Konstanz - Eigene Einwohnerfortschreibung;42;54;82;150;260;1141;371;38;1455;2138
8335043;130;Dettingen;31.12.2013;Stadt Konstanz - Eigene Einwohnerfortschreibung;70;76;111;236;278;1540;675;62;1908;3048
8335043;140;Wallhausen;31.12.2013;Stadt Konstanz - Eigene Einwohnerfortschreibung;24;32;27;73;110;593;244;20;747;1123
8335043;10;Altstadt;31.12.2012;Stadt Konstanz - Eigene Einwohnerfortschreibung;311;261;345;587;1761;6820;1457;352;8810;11894
8335043;20;Paradies;31.12.2012;Stadt Konstanz - Eigene Einwohnerfortschreibung;135;105;149;307;1169;2805;968;175;4089;5813
8335043;30;Petershausen-West;31.12.2012;Stadt Konstanz - Eigene Einwohnerfortschreibung;367;324;367;806;2705;7584;1825;224;10597;14202
8335043;35;Petershausen-Ost;31.12.2012;Stadt Konstanz - Eigene Einwohnerfortschreibung;144;161;210;430;759;3247;1488;453;4164;6892
8335043;40;Koenigsbau;31.12.2012;Stadt Konstanz - Eigene Einwohnerfortschreibung;124;137;178;405;1332;2491;809;93;3989;5569
8335043;50;Allmannsdorf;31.12.2012;Stadt Konstanz - Eigene Einwohnerfortschreibung;95;97;164;416;733;2524;1033;165;3412;5227
8335043;60;Staad;31.12.2012;Stadt Konstanz - Eigene Einwohnerfortschreibung;36;36;54;99;151;865;467;53;1042;1761
8335043;70;Fuerstenberg;31.12.2012;Stadt Konstanz - Eigene Einwohnerfortschreibung;284;249;346;721;1769;5898;2139;257;7967;11663
8335043;80;Wollmatingen;31.12.2012;Stadt Konstanz - Eigene Einwohnerfortschreibung;170;219;294;602;674;3384;870;144;4273;6357
8335043;90;Industriegebiet;31.12.2012;Stadt Konstanz - Eigene Einwohnerfortschreibung;32;25;29;65;131;520;106;7;682;915
8335043;100;Egg;31.12.2012;Stadt Konstanz - Eigene Einwohnerfortschreibung;24;31;32;62;96;391;88;7;513;731
8335043;110;Litzelstetten;31.12.2012;Stadt Konstanz - Eigene Einwohnerfortschreibung;59;97;116;265;379;1962;847;85;2443;3810
8335043;120;Dingelsdorf;31.12.2012;Stadt Konstanz - Eigene Einwohnerfortschreibung;47;60;77;157;244;1140;359;37;1446;2121
8335043;130;Dettingen;31.12.2012;Stadt Konstanz - Eigene Einwohnerfortschreibung;76;74;98;255;287;1555;659;57;1941;3061
8335043;140;Wallhausen;31.12.2012;Stadt Konstanz - Eigene Einwohnerfortschreibung;23;29;24;82;127;578;241;19;753;1123
8335043;10;Altstadt;31.12.2011;Stadt Konstanz - Eigene Einwohnerfortschreibung;322;272;338;600;1595;6953;1439;347;8780;11866
8335043;20;Paradies;31.12.2011;Stadt Konstanz - Eigene Einwohnerfortschreibung;140;104;164;303;1102;2843;967;185;4052;5808
8335043;30;Petershausen-West;31.12.2011;Stadt Konstanz - Eigene Einwohnerfortschreibung;327;290;331;762;2587;7132;1797;210;10008;13436
8335043;35;Petershausen-Ost;31.12.2011;Stadt Konstanz - Eigene Einwohnerfortschreibung;147;157;214;427;703;3249;1480;451;4092;6828
8335043;40;Koenigsbau;31.12.2011;Stadt Konstanz - Eigene Einwohnerfortschreibung;126;135;188;420;1215;2562;796;94;3927;5536
8335043;50;Allmannsdorf;31.12.2011;Stadt Konstanz - Eigene Einwohnerfortschreibung;94;105;194;397;752;2535;1042;155;3430;5274
8335043;60;Staad;31.12.2011;Stadt Konstanz - Eigene Einwohnerfortschreibung;34;28;57;91;150;844;458;48;1027;1710
8335043;70;Fuerstenberg;31.12.2011;Stadt Konstanz - Eigene Einwohnerfortschreibung;273;251;335;753;1714;5970;2138;246;7968;11680
8335043;80;Wollmatingen;31.12.2011;Stadt Konstanz - Eigene Einwohnerfortschreibung;189;195;298;602;626;3320;859;143;4169;6232
8335043;90;Industriegebiet;31.12.2011;Stadt Konstanz - Eigene Einwohnerfortschreibung;29;22;28;64;125;554;104;7;708;933
8335043;100;Egg;31.12.2011;Stadt Konstanz - Eigene Einwohnerfortschreibung;26;26;28;64;92;374;85;4;492;699
8335043;110;Litzelstetten;31.12.2011;Stadt Konstanz - Eigene Einwohnerfortschreibung;75;98;110;273;383;1963;821;87;2457;3810
8335043;120;Dingelsdorf;31.12.2011;Stadt Konstanz - Eigene Einwohnerfortschreibung;50;58;70;163;250;1119;356;37;1427;2103
8335043;130;Dettingen;31.12.2011;Stadt Konstanz - Eigene Einwohnerfortschreibung;71;72;107;266;259;1568;659;53;1925;3055
8335043;140;Wallhausen;31.12.2011;Stadt Konstanz - Eigene Einwohnerfortschreibung;28;19;23;87;134;590;230;19;760;1130
8335043;10;Altstadt;31.12.2010;Stadt Konstanz - Eigene Einwohnerfortschreibung;333;288;321;591;1566;6873;1447;343;8666;11762
8335043;20;Paradies;31.12.2010;Stadt Konstanz - Eigene Einwohnerfortschreibung;137;112;165;304;1250;2887;969;193;4242;6017
8335043;30;Petershausen-West;31.12.2010;Stadt Konstanz - Eigene Einwohnerfortschreibung;300;295;337;783;2436;7054;1792;211;9774;13208
8335043;35;Petershausen-Ost;31.12.2010;Stadt Konstanz - Eigene Einwohnerfortschreibung;153;157;214;410;673;3215;1465;456;4017;6743
8335043;40;Koenigsbau;31.12.2010;Stadt Konstanz - Eigene Einwohnerfortschreibung;134;131;183;440;964;2475;804;91;3591;5222
8335043;50;Allmannsdorf;31.12.2010;Stadt Konstanz - Eigene Einwohnerfortschreibung;111;100;195;402;709;2530;1069;152;3401;5268
8335043;60;Staad;31.12.2010;Stadt Konstanz - Eigene Einwohnerfortschreibung;37;41;56;90;153;865;461;44;1053;1747
8335043;70;Fuerstenberg;31.12.2010;Stadt Konstanz - Eigene Einwohnerfortschreibung;265;249;341;743;1686;5956;2143;228;7936;11611
8335043;80;Wollmatingen;31.12.2010;Stadt Konstanz - Eigene Einwohnerfortschreibung;197;203;297;576;605;3261;864;134;4081;6137
8335043;90;Industriegebiet;31.12.2010;Stadt Konstanz - Eigene Einwohnerfortschreibung;28;20;30;67;115;533;108;7;669;908
8335043;100;Egg;31.12.2010;Stadt Konstanz - Eigene Einwohnerfortschreibung;20;23;25;63;84;349;79;3;462;646
8335043;110;Litzelstetten;31.12.2010;Stadt Konstanz - Eigene Einwohnerfortschreibung;80;93;115;286;404;1989;805;82;2503;3854
8335043;120;Dingelsdorf;31.12.2010;Stadt Konstanz - Eigene Einwohnerfortschreibung;50;58;70;163;225;1130;351;35;1425;2082
8335043;130;Dettingen;31.12.2010;Stadt Konstanz - Eigene Einwohnerfortschreibung;65;76;102;266;286;1580;643;51;1961;3069
8335043;140;Wallhausen;31.12.2010;Stadt Konstanz - Eigene Einwohnerfortschreibung;30;21;18;98;112;593;227;17;742;1116
