﻿AGS;Stadtteil_Nr;Stadtteil;Stichtag;Quelle;HH_insgesamt;HH_1-Person;HH_2-Personen;HH_3+-Personen
8335043;010;Altstadt;31.12.2024;Stadt Konstanz - Eigene Einwohnerfortschreibung;7671;4831;1676;1164
8335043;020;Paradies;31.12.2024;Stadt Konstanz - Eigene Einwohnerfortschreibung;3720;2126;1141;453
8335043;030;Petershausen-West;31.12.2024;Stadt Konstanz - Eigene Einwohnerfortschreibung;9721;5782;2387;1552
8335043;035;Petershausen-Ost;31.12.2024;Stadt Konstanz - Eigene Einwohnerfortschreibung;4320;2439;1181;700
8335043;040;Königsbau;31.12.2024;Stadt Konstanz - Eigene Einwohnerfortschreibung;3486;1640;1160;686
8335043;050;Allmannsdorf;31.12.2024;Stadt Konstanz - Eigene Einwohnerfortschreibung;3138;1741;849;548
8335043;060;Staad;31.12.2024;Stadt Konstanz - Eigene Einwohnerfortschreibung;1029;548;285;196
8335043;070;Fürstenberg;31.12.2024;Stadt Konstanz - Eigene Einwohnerfortschreibung;7261;4092;1959;1210
8335043;080;Wollmatingen;31.12.2024;Stadt Konstanz - Eigene Einwohnerfortschreibung;3482;1694;922;866
8335043;090;Industriegebiet;31.12.2024;Stadt Konstanz - Eigene Einwohnerfortschreibung;609;308;139;162
8335043;100;Egg;31.12.2024;Stadt Konstanz - Eigene Einwohnerfortschreibung;376;155;107;114
8335043;110;Litzelstetten;31.12.2024;Stadt Konstanz - Eigene Einwohnerfortschreibung;2106;1067;634;405
8335043;120;Dingelsdorf;31.12.2024;Stadt Konstanz - Eigene Einwohnerfortschreibung;1059;471;351;237
8335043;130;Dettingen;31.12.2024;Stadt Konstanz - Eigene Einwohnerfortschreibung;1681;704;555;422
8335043;140;Wallhausen;31.12.2024;Stadt Konstanz - Eigene Einwohnerfortschreibung;645;344;191;110
8335043;010;Altstadt;31.12.2023;Stadt Konstanz - Eigene Einwohnerfortschreibung;7543;4678;1710;1155
8335043;020;Paradies;31.12.2023;Stadt Konstanz - Eigene Einwohnerfortschreibung;3696;2089;1149;458
8335043;030;Petershausen-West;31.12.2023;Stadt Konstanz - Eigene Einwohnerfortschreibung;9611;5622;2426;1563
8335043;035;Petershausen-Ost;31.12.2023;Stadt Konstanz - Eigene Einwohnerfortschreibung;4272;2382;1178;712
8335043;040;Königsbau;31.12.2023;Stadt Konstanz - Eigene Einwohnerfortschreibung;3518;1669;1169;680
8335043;050;Allmannsdorf;31.12.2023;Stadt Konstanz - Eigene Einwohnerfortschreibung;3106;1704;831;571
8335043;060;Staad;31.12.2023;Stadt Konstanz - Eigene Einwohnerfortschreibung;1010;531;281;198
8335043;070;Fürstenberg;31.12.2023;Stadt Konstanz - Eigene Einwohnerfortschreibung;7201;3983;2004;1214
8335043;080;Wollmatingen;31.12.2023;Stadt Konstanz - Eigene Einwohnerfortschreibung;3421;1627;901;893
8335043;090;Industriegebiet;31.12.2023;Stadt Konstanz - Eigene Einwohnerfortschreibung;590;274;161;155
8335043;100;Egg;31.12.2023;Stadt Konstanz - Eigene Einwohnerfortschreibung;380;157;115;108
8335043;110;Litzelstetten;31.12.2023;Stadt Konstanz - Eigene Einwohnerfortschreibung;2094;1035;643;416
8335043;120;Dingelsdorf;31.12.2023;Stadt Konstanz - Eigene Einwohnerfortschreibung;1067;470;356;241
8335043;130;Dettingen;31.12.2023;Stadt Konstanz - Eigene Einwohnerfortschreibung;1684;708;535;441
8335043;140;Wallhausen;31.12.2023;Stadt Konstanz - Eigene Einwohnerfortschreibung;647;340;203;104
8335043;010;Altstadt;31.12.2022;Stadt Konstanz - Eigene Einwohnerfortschreibung;7475;4694;1634;1147
8335043;020;Paradies;31.12.2022;Stadt Konstanz - Eigene Einwohnerfortschreibung;3718;2067;1147;504
8335043;030;Petershausen-West;31.12.2022;Stadt Konstanz - Eigene Einwohnerfortschreibung;9543;5513;2414;1616
8335043;035;Petershausen-Ost;31.12.2022;Stadt Konstanz - Eigene Einwohnerfortschreibung;4150;2276;1139;735
8335043;040;Königsbau;31.12.2022;Stadt Konstanz - Eigene Einwohnerfortschreibung;3486;1587;1193;706
8335043;050;Allmannsdorf;31.12.2022;Stadt Konstanz - Eigene Einwohnerfortschreibung;3078;1673;819;586
8335043;060;Staad;31.12.2022;Stadt Konstanz - Eigene Einwohnerfortschreibung;1020;524;285;211
8335043;070;Fürstenberg;31.12.2022;Stadt Konstanz - Eigene Einwohnerfortschreibung;7149;3941;1984;1224
8335043;080;Wollmatingen;31.12.2022;Stadt Konstanz - Eigene Einwohnerfortschreibung;3332;1560;883;889
8335043;090;Industriegebiet;31.12.2022;Stadt Konstanz - Eigene Einwohnerfortschreibung;547;250;156;141
8335043;100;Egg;31.12.2022;Stadt Konstanz - Eigene Einwohnerfortschreibung;381;146;119;116
8335043;110;Litzelstetten;31.12.2022;Stadt Konstanz - Eigene Einwohnerfortschreibung;2088;1032;635;421
8335043;120;Dingelsdorf;31.12.2022;Stadt Konstanz - Eigene Einwohnerfortschreibung;1059;460;355;244
8335043;130;Dettingen;31.12.2022;Stadt Konstanz - Eigene Einwohnerfortschreibung;1681;706;540;435
8335043;140;Wallhausen;31.12.2022;Stadt Konstanz - Eigene Einwohnerfortschreibung;657;346;205;106
8335043;010;Altstadt;31.12.2021;Stadt Konstanz - Eigene Einwohnerfortschreibung;7428;4737;1564;1127
8335043;020;Paradies;31.12.2021;Stadt Konstanz - Eigene Einwohnerfortschreibung;3656;2058;1127;471
8335043;030;Petershausen-West;31.12.2021;Stadt Konstanz - Eigene Einwohnerfortschreibung;9480;5516;2404;1560
8335043;035;Petershausen-Ost;31.12.2021;Stadt Konstanz - Eigene Einwohnerfortschreibung;4134;2250;1151;733
8335043;040;Königsbau;31.12.2021;Stadt Konstanz - Eigene Einwohnerfortschreibung;3376;1538;1126;712
8335043;050;Allmannsdorf;31.12.2021;Stadt Konstanz - Eigene Einwohnerfortschreibung;2991;1592;818;581
8335043;060;Staad;31.12.2021;Stadt Konstanz - Eigene Einwohnerfortschreibung;1010;506;317;187
8335043;070;Fürstenberg;31.12.2021;Stadt Konstanz - Eigene Einwohnerfortschreibung;7068;3831;2012;1225
8335043;080;Wollmatingen;31.12.2021;Stadt Konstanz - Eigene Einwohnerfortschreibung;3342;1571;887;884
8335043;090;Industriegebiet;31.12.2021;Stadt Konstanz - Eigene Einwohnerfortschreibung;500;236;133;131
8335043;100;Egg;31.12.2021;Stadt Konstanz - Eigene Einwohnerfortschreibung;363;131;117;115
8335043;110;Litzelstetten;31.12.2021;Stadt Konstanz - Eigene Einwohnerfortschreibung;2064;1018;627;419
8335043;120;Dingelsdorf;31.12.2021;Stadt Konstanz - Eigene Einwohnerfortschreibung;1051;464;348;239
8335043;130;Dettingen;31.12.2021;Stadt Konstanz - Eigene Einwohnerfortschreibung;1673;702;540;431
8335043;140;Wallhausen;31.12.2021;Stadt Konstanz - Eigene Einwohnerfortschreibung;647;335;213;99
8335043;010;Altstadt;31.12.2020;Stadt Konstanz - Eigene Einwohnerfortschreibung;7449;4670;1620;1159
8335043;020;Paradies;31.12.2020;Stadt Konstanz - Eigene Einwohnerfortschreibung;3618;2021;1112;485
8335043;030;Petershausen-West;31.12.2020;Stadt Konstanz - Eigene Einwohnerfortschreibung;9347;5454;2367;1526
8335043;035;Petershausen-Ost;31.12.2020;Stadt Konstanz - Eigene Einwohnerfortschreibung;4142;2252;1141;749
8335043;040;Königsbau;31.12.2020;Stadt Konstanz - Eigene Einwohnerfortschreibung;3297;1514;1105;678
8335043;050;Allmannsdorf;31.12.2020;Stadt Konstanz - Eigene Einwohnerfortschreibung;2959;1553;815;591
8335043;060;Staad;31.12.2020;Stadt Konstanz - Eigene Einwohnerfortschreibung;1009;483;331;195
8335043;070;Fürstenberg;31.12.2020;Stadt Konstanz - Eigene Einwohnerfortschreibung;7022;3797;1968;1257
8335043;080;Wollmatingen;31.12.2020;Stadt Konstanz - Eigene Einwohnerfortschreibung;3348;1543;899;906
8335043;090;Industriegebiet;31.12.2020;Stadt Konstanz - Eigene Einwohnerfortschreibung;499;238;124;137
8335043;100;Egg;31.12.2020;Stadt Konstanz - Eigene Einwohnerfortschreibung;360;137;107;116
8335043;110;Litzelstetten;31.12.2020;Stadt Konstanz - Eigene Einwohnerfortschreibung;2077;1016;636;425
8335043;120;Dingelsdorf;31.12.2020;Stadt Konstanz - Eigene Einwohnerfortschreibung;1052;453;349;250
8335043;130;Dettingen;31.12.2020;Stadt Konstanz - Eigene Einwohnerfortschreibung;1643;681;538;424
8335043;140;Wallhausen;31.12.2020;Stadt Konstanz - Eigene Einwohnerfortschreibung;638;324;202;112
8335043;010;Altstadt;31.12.2019;Stadt Konstanz - Eigene Einwohnerfortschreibung;7472;4649;1675;1148
8335043;020;Paradies;31.12.2019;Stadt Konstanz - Eigene Einwohnerfortschreibung;3695;2052;1160;483
8335043;030;Petershausen-West;31.12.2019;Stadt Konstanz - Eigene Einwohnerfortschreibung;9410;5385;2478;1547
8335043;035;Petershausen-Ost;31.12.2019;Stadt Konstanz - Eigene Einwohnerfortschreibung;4098;2209;1139;750
8335043;040;Königsbau;31.12.2019;Stadt Konstanz - Eigene Einwohnerfortschreibung;3291;1546;1091;654
8335043;050;Allmannsdorf;31.12.2019;Stadt Konstanz - Eigene Einwohnerfortschreibung;3014;1625;809;580
8335043;060;Staad;31.12.2019;Stadt Konstanz - Eigene Einwohnerfortschreibung;999;506;307;186
8335043;070;Fürstenberg;31.12.2019;Stadt Konstanz - Eigene Einwohnerfortschreibung;7100;3817;2028;1255
8335043;080;Wollmatingen;31.12.2019;Stadt Konstanz - Eigene Einwohnerfortschreibung;3382;1567;920;895
8335043;090;Industriegebiet;31.12.2019;Stadt Konstanz - Eigene Einwohnerfortschreibung;534;268;133;133
8335043;100;Egg;31.12.2019;Stadt Konstanz - Eigene Einwohnerfortschreibung;368;142;102;124
8335043;110;Litzelstetten;31.12.2019;Stadt Konstanz - Eigene Einwohnerfortschreibung;2122;1041;656;425
8335043;120;Dingelsdorf;31.12.2019;Stadt Konstanz - Eigene Einwohnerfortschreibung;1054;447;342;265
8335043;130;Dettingen;31.12.2019;Stadt Konstanz - Eigene Einwohnerfortschreibung;1608;651;541;416
8335043;140;Wallhausen;31.12.2019;Stadt Konstanz - Eigene Einwohnerfortschreibung;653;349;196;108
8335043;010;Altstadt;31.12.2018;Stadt Konstanz - Eigene Einwohnerfortschreibung;7481;4659;1686;1136
8335043;020;Paradies;31.12.2018;Stadt Konstanz - Eigene Einwohnerfortschreibung;3696;2071;1123;502
8335043;030;Petershausen-West;31.12.2018;Stadt Konstanz - Eigene Einwohnerfortschreibung;9339;5268;2538;1533
8335043;035;Petershausen-Ost;31.12.2018;Stadt Konstanz - Eigene Einwohnerfortschreibung;4100;2203;1145;752
8335043;040;Königsbau;31.12.2018;Stadt Konstanz - Eigene Einwohnerfortschreibung;3303;1519;1133;651
8335043;050;Allmannsdorf;31.12.2018;Stadt Konstanz - Eigene Einwohnerfortschreibung;2995;1621;783;591
8335043;060;Staad;31.12.2018;Stadt Konstanz - Eigene Einwohnerfortschreibung;1000;502;310;188
8335043;070;Fürstenberg;31.12.2018;Stadt Konstanz - Eigene Einwohnerfortschreibung;7044;3802;2021;1221
8335043;080;Wollmatingen;31.12.2018;Stadt Konstanz - Eigene Einwohnerfortschreibung;3390;1581;902;907
8335043;090;Industriegebiet;31.12.2018;Stadt Konstanz - Eigene Einwohnerfortschreibung;560;282;142;136
8335043;100;Egg;31.12.2018;Stadt Konstanz - Eigene Einwohnerfortschreibung;345;123;112;110
8335043;110;Litzelstetten;31.12.2018;Stadt Konstanz - Eigene Einwohnerfortschreibung;2082;1000;648;434
8335043;120;Dingelsdorf;31.12.2018;Stadt Konstanz - Eigene Einwohnerfortschreibung;1052;447;343;262
8335043;130;Dettingen;31.12.2018;Stadt Konstanz - Eigene Einwohnerfortschreibung;1603;653;534;416
8335043;140;Wallhausen;31.12.2018;Stadt Konstanz - Eigene Einwohnerfortschreibung;641;335;192;114
8335043;010;Altstadt;31.12.2017;Stadt Konstanz - Eigene Einwohnerfortschreibung;7448;4636;1675;1137
8335043;020;Paradies;31.12.2017;Stadt Konstanz - Eigene Einwohnerfortschreibung;3719;2069;1144;506
8335043;030;Petershausen-West;31.12.2017;Stadt Konstanz - Eigene Einwohnerfortschreibung;9157;5208;2474;1475
8335043;035;Petershausen-Ost;31.12.2017;Stadt Konstanz - Eigene Einwohnerfortschreibung;4028;2160;1088;780
8335043;040;Königsbau;31.12.2017;Stadt Konstanz - Eigene Einwohnerfortschreibung;3269;1496;1121;652
8335043;050;Allmannsdorf;31.12.2017;Stadt Konstanz - Eigene Einwohnerfortschreibung;2981;1616;765;600
8335043;060;Staad;31.12.2017;Stadt Konstanz - Eigene Einwohnerfortschreibung;1012;504;326;182
8335043;070;Fürstenberg;31.12.2017;Stadt Konstanz - Eigene Einwohnerfortschreibung;7125;3843;2089;1193
8335043;080;Wollmatingen;31.12.2017;Stadt Konstanz - Eigene Einwohnerfortschreibung;3353;1531;890;932
8335043;090;Industriegebiet;31.12.2017;Stadt Konstanz - Eigene Einwohnerfortschreibung;567;287;140;140
8335043;100;Egg;31.12.2017;Stadt Konstanz - Eigene Einwohnerfortschreibung;333;106;109;118
8335043;110;Litzelstetten;31.12.2017;Stadt Konstanz - Eigene Einwohnerfortschreibung;2055;970;654;431
8335043;120;Dingelsdorf;31.12.2017;Stadt Konstanz - Eigene Einwohnerfortschreibung;1079;467;352;260
8335043;130;Dettingen;31.12.2017;Stadt Konstanz - Eigene Einwohnerfortschreibung;1598;633;524;441
8335043;140;Wallhausen;31.12.2017;Stadt Konstanz - Eigene Einwohnerfortschreibung;638;319;199;120
8335043;010;Altstadt;31.12.2016;Stadt Konstanz - Eigene Einwohnerfortschreibung;7432;4638;1697;1097
8335043;020;Paradies;31.12.2016;Stadt Konstanz - Eigene Einwohnerfortschreibung;3690;2056;1131;503
8335043;030;Petershausen-West;31.12.2016;Stadt Konstanz - Eigene Einwohnerfortschreibung;9094;5201;2430;1463
8335043;035;Petershausen-Ost;31.12.2016;Stadt Konstanz - Eigene Einwohnerfortschreibung;4024;2178;1091;755
8335043;040;Königsbau;31.12.2016;Stadt Konstanz - Eigene Einwohnerfortschreibung;3213;1462;1098;653
8335043;050;Allmannsdorf;31.12.2016;Stadt Konstanz - Eigene Einwohnerfortschreibung;2965;1584;796;585
8335043;060;Staad;31.12.2016;Stadt Konstanz - Eigene Einwohnerfortschreibung;1005;504;309;192
8335043;070;Fürstenberg;31.12.2016;Stadt Konstanz - Eigene Einwohnerfortschreibung;7004;3759;2056;1189
8335043;080;Wollmatingen;31.12.2016;Stadt Konstanz - Eigene Einwohnerfortschreibung;3399;1543;929;927
8335043;090;Industriegebiet;31.12.2016;Stadt Konstanz - Eigene Einwohnerfortschreibung;565;295;139;131
8335043;100;Egg;31.12.2016;Stadt Konstanz - Eigene Einwohnerfortschreibung;351;123;112;116
8335043;110;Litzelstetten;31.12.2016;Stadt Konstanz - Eigene Einwohnerfortschreibung;2087;995;659;433
8335043;120;Dingelsdorf;31.12.2016;Stadt Konstanz - Eigene Einwohnerfortschreibung;1070;448;358;264
8335043;130;Dettingen;31.12.2016;Stadt Konstanz - Eigene Einwohnerfortschreibung;1598;625;518;455
8335043;140;Wallhausen;31.12.2016;Stadt Konstanz - Eigene Einwohnerfortschreibung;638;320;197;121
8335043;010;Altstadt;31.12.2015;Stadt Konstanz - Eigene Einwohnerfortschreibung;7482;4736;1630;1116
8335043;020;Paradies;31.12.2015;Stadt Konstanz - Eigene Einwohnerfortschreibung;3680;2041;1146;493
8335043;030;Petershausen-West;31.12.2015;Stadt Konstanz - Eigene Einwohnerfortschreibung;9023;5223;2344;1456
8335043;035;Petershausen-Ost;31.12.2015;Stadt Konstanz - Eigene Einwohnerfortschreibung;4041;2224;1069;748
8335043;040;Königsbau;31.12.2015;Stadt Konstanz - Eigene Einwohnerfortschreibung;3139;1471;1068;600
8335043;050;Allmannsdorf;31.12.2015;Stadt Konstanz - Eigene Einwohnerfortschreibung;2986;1602;805;579
8335043;060;Staad;31.12.2015;Stadt Konstanz - Eigene Einwohnerfortschreibung;1008;507;312;189
8335043;070;Fürstenberg;31.12.2015;Stadt Konstanz - Eigene Einwohnerfortschreibung;6834;3659;1960;1215
8335043;080;Wollmatingen;31.12.2015;Stadt Konstanz - Eigene Einwohnerfortschreibung;3265;1447;886;932
8335043;090;Industriegebiet;31.12.2015;Stadt Konstanz - Eigene Einwohnerfortschreibung;560;309;131;120
8335043;100;Egg;31.12.2015;Stadt Konstanz - Eigene Einwohnerfortschreibung;332;116;91;125
8335043;110;Litzelstetten;31.12.2015;Stadt Konstanz - Eigene Einwohnerfortschreibung;2096;1026;648;422
8335043;120;Dingelsdorf;31.12.2015;Stadt Konstanz - Eigene Einwohnerfortschreibung;1068;453;347;268
8335043;130;Dettingen;31.12.2015;Stadt Konstanz - Eigene Einwohnerfortschreibung;1527;602;510;415
8335043;140;Wallhausen;31.12.2015;Stadt Konstanz - Eigene Einwohnerfortschreibung;633;304;206;123
8335043;010;Altstadt;31.12.2014;Stadt Konstanz - Eigene Einwohnerfortschreibung;7507;4806;1605;1096
8335043;020;Paradies;31.12.2014;Stadt Konstanz - Eigene Einwohnerfortschreibung;3657;2057;1105;495
8335043;030;Petershausen-West;31.12.2014;Stadt Konstanz - Eigene Einwohnerfortschreibung;8749;5028;2293;1428
8335043;035;Petershausen-Ost;31.12.2014;Stadt Konstanz - Eigene Einwohnerfortschreibung;4007;2208;1047;752
8335043;040;Königsbau;31.12.2014;Stadt Konstanz - Eigene Einwohnerfortschreibung;3114;1462;1063;589
8335043;050;Allmannsdorf;31.12.2014;Stadt Konstanz - Eigene Einwohnerfortschreibung;2955;1573;790;592
8335043;060;Staad;31.12.2014;Stadt Konstanz - Eigene Einwohnerfortschreibung;1014;505;326;183
8335043;070;Fürstenberg;31.12.2014;Stadt Konstanz - Eigene Einwohnerfortschreibung;6703;3642;1857;1204
8335043;080;Wollmatingen;31.12.2014;Stadt Konstanz - Eigene Einwohnerfortschreibung;3235;1444;867;924
8335043;090;Industriegebiet;31.12.2014;Stadt Konstanz - Eigene Einwohnerfortschreibung;528;297;119;112
8335043;100;Egg;31.12.2014;Stadt Konstanz - Eigene Einwohnerfortschreibung;332;111;94;127
8335043;110;Litzelstetten;31.12.2014;Stadt Konstanz - Eigene Einwohnerfortschreibung;2088;987;655;446
8335043;120;Dingelsdorf;31.12.2014;Stadt Konstanz - Eigene Einwohnerfortschreibung;1060;455;320;285
8335043;130;Dettingen;31.12.2014;Stadt Konstanz - Eigene Einwohnerfortschreibung;1511;583;518;410
8335043;140;Wallhausen;31.12.2014;Stadt Konstanz - Eigene Einwohnerfortschreibung;654;345;184;125
8335043;010;Altstadt;31.12.2013;Stadt Konstanz - Eigene Einwohnerfortschreibung;7557;4861;1645;1051
8335043;020;Paradies;31.12.2013;Stadt Konstanz - Eigene Einwohnerfortschreibung;3634;2029;1102;503
8335043;030;Petershausen-West;31.12.2013;Stadt Konstanz - Eigene Einwohnerfortschreibung;8749;5058;2278;1413
8335043;035;Petershausen-Ost;31.12.2013;Stadt Konstanz - Eigene Einwohnerfortschreibung;3963;2172;1050;741
8335043;040;Königsbau;31.12.2013;Stadt Konstanz - Eigene Einwohnerfortschreibung;3042;1426;1031;585
8335043;050;Allmannsdorf;31.12.2013;Stadt Konstanz - Eigene Einwohnerfortschreibung;2911;1524;801;586
8335043;060;Staad;31.12.2013;Stadt Konstanz - Eigene Einwohnerfortschreibung;995;488;318;189
8335043;070;Fürstenberg;31.12.2013;Stadt Konstanz - Eigene Einwohnerfortschreibung;6712;3668;1870;1174
8335043;080;Wollmatingen;31.12.2013;Stadt Konstanz - Eigene Einwohnerfortschreibung;3212;1429;875;908
8335043;090;Industriegebiet;31.12.2013;Stadt Konstanz - Eigene Einwohnerfortschreibung;536;295;128;113
8335043;100;Egg;31.12.2013;Stadt Konstanz - Eigene Einwohnerfortschreibung;327;119;90;118
8335043;110;Litzelstetten;31.12.2013;Stadt Konstanz - Eigene Einwohnerfortschreibung;2093;991;660;442
8335043;120;Dingelsdorf;31.12.2013;Stadt Konstanz - Eigene Einwohnerfortschreibung;1067;451;328;288
8335043;130;Dettingen;31.12.2013;Stadt Konstanz - Eigene Einwohnerfortschreibung;1492;582;507;403
8335043;140;Wallhausen;31.12.2013;Stadt Konstanz - Eigene Einwohnerfortschreibung;642;344;180;118
8335043;010;Altstadt;31.12.2012;Stadt Konstanz - Eigene Einwohnerfortschreibung;7493;4765;1652;1076
8335043;020;Paradies;31.12.2012;Stadt Konstanz - Eigene Einwohnerfortschreibung;3492;1948;1042;502
8335043;030;Petershausen-West;31.12.2012;Stadt Konstanz - Eigene Einwohnerfortschreibung;8400;4868;2169;1363
8335043;035;Petershausen-Ost;31.12.2012;Stadt Konstanz - Eigene Einwohnerfortschreibung;3915;2099;1083;733
8335043;040;Königsbau;31.12.2012;Stadt Konstanz - Eigene Einwohnerfortschreibung;2961;1361;1002;598
8335043;050;Allmannsdorf;31.12.2012;Stadt Konstanz - Eigene Einwohnerfortschreibung;2903;1527;796;580
8335043;060;Staad;31.12.2012;Stadt Konstanz - Eigene Einwohnerfortschreibung;987;490;312;185
8335043;070;Fürstenberg;31.12.2012;Stadt Konstanz - Eigene Einwohnerfortschreibung;6625;3550;1873;1202
8335043;080;Wollmatingen;31.12.2012;Stadt Konstanz - Eigene Einwohnerfortschreibung;3103;1376;847;880
8335043;090;Industriegebiet;31.12.2012;Stadt Konstanz - Eigene Einwohnerfortschreibung;487;255;111;121
8335043;100;Egg;31.12.2012;Stadt Konstanz - Eigene Einwohnerfortschreibung;330;124;92;114
8335043;110;Litzelstetten;31.12.2012;Stadt Konstanz - Eigene Einwohnerfortschreibung;2036;945;649;442
8335043;120;Dingelsdorf;31.12.2012;Stadt Konstanz - Eigene Einwohnerfortschreibung;1059;456;312;291
8335043;130;Dettingen;31.12.2012;Stadt Konstanz - Eigene Einwohnerfortschreibung;1479;555;516;408
8335043;140;Wallhausen;31.12.2012;Stadt Konstanz - Eigene Einwohnerfortschreibung;636;346;167;123
8335043;010;Altstadt;31.12.2011;Stadt Konstanz - Eigene Einwohnerfortschreibung;7512;4685;1722;1105
8335043;020;Paradies;31.12.2011;Stadt Konstanz - Eigene Einwohnerfortschreibung;3465;1891;1051;523
8335043;030;Petershausen-West;31.12.2011;Stadt Konstanz - Eigene Einwohnerfortschreibung;7993;4564;2141;1288
8335043;035;Petershausen-Ost;31.12.2011;Stadt Konstanz - Eigene Einwohnerfortschreibung;3943;2094;1115;734
8335043;040;Königsbau;31.12.2011;Stadt Konstanz - Eigene Einwohnerfortschreibung;2929;1308;1006;615
8335043;050;Allmannsdorf;31.12.2011;Stadt Konstanz - Eigene Einwohnerfortschreibung;2950;1542;804;604
8335043;060;Staad;31.12.2011;Stadt Konstanz - Eigene Einwohnerfortschreibung;986;489;315;182
8335043;070;Fürstenberg;31.12.2011;Stadt Konstanz - Eigene Einwohnerfortschreibung;6580;3456;1877;1247
8335043;080;Wollmatingen;31.12.2011;Stadt Konstanz - Eigene Einwohnerfortschreibung;3025;1310;848;867
8335043;090;Industriegebiet;31.12.2011;Stadt Konstanz - Eigene Einwohnerfortschreibung;506;272;110;124
8335043;100;Egg;31.12.2011;Stadt Konstanz - Eigene Einwohnerfortschreibung;319;119;95;105
8335043;110;Litzelstetten;31.12.2011;Stadt Konstanz - Eigene Einwohnerfortschreibung;2077;970;650;457
8335043;120;Dingelsdorf;31.12.2011;Stadt Konstanz - Eigene Einwohnerfortschreibung;1073;444;321;308
8335043;130;Dettingen;31.12.2011;Stadt Konstanz - Eigene Einwohnerfortschreibung;1468;533;518;417
8335043;140;Wallhausen;31.12.2011;Stadt Konstanz - Eigene Einwohnerfortschreibung;684;363;186;135
8335043;010;Altstadt;31.12.2010;Stadt Konstanz - Eigene Einwohnerfortschreibung;7267;4512;1632;1.123
8335043;020;Paradies;31.12.2010;Stadt Konstanz - Eigene Einwohnerfortschreibung;3544;1920;1096;528
8335043;030;Petershausen-West;31.12.2010;Stadt Konstanz - Eigene Einwohnerfortschreibung;7677;4284;2106;1.287
8335043;035;Petershausen-Ost;31.12.2010;Stadt Konstanz - Eigene Einwohnerfortschreibung;3768;1957;1063;748
8335043;040;Königsbau;31.12.2010;Stadt Konstanz - Eigene Einwohnerfortschreibung;2684;1174;904;606
8335043;050;Allmannsdorf;31.12.2010;Stadt Konstanz - Eigene Einwohnerfortschreibung;2839;1422;796;621
8335043;060;Staad;31.12.2010;Stadt Konstanz - Eigene Einwohnerfortschreibung;967;473;302;192
8335043;070;Fürstenberg;31.12.2010;Stadt Konstanz - Eigene Einwohnerfortschreibung;6409;3253;1866;1.290
8335043;080;Wollmatingen;31.12.2010;Stadt Konstanz - Eigene Einwohnerfortschreibung;2947;1264;823;860
8335043;090;Industriegebiet;31.12.2010;Stadt Konstanz - Eigene Einwohnerfortschreibung;490;261;113;116
8335043;100;Egg;31.12.2010;Stadt Konstanz - Eigene Einwohnerfortschreibung;293;110;89;94
8335043;110;Litzelstetten;31.12.2010;Stadt Konstanz - Eigene Einwohnerfortschreibung;2014;913;621;480
8335043;120;Dingelsdorf;31.12.2010;Stadt Konstanz - Eigene Einwohnerfortschreibung;993;380;313;300
8335043;130;Dettingen;31.12.2010;Stadt Konstanz - Eigene Einwohnerfortschreibung;1458;525;511;422
8335043;140;Wallhausen;31.12.2010;Stadt Konstanz - Eigene Einwohnerfortschreibung;613;325;159;129
