ags;stadtteil_nr;stadtteil;jahr;quelle;kaufkraft_index_pro_einwohner
8335043;0;Stadt Konstanz gesamt;2023;GfK Kaufkraft Deutschland;100,000
8335043;10;Altstadt;2023;GfK Kaufkraft Deutschland;97,963
8335043;20;Paradies;2023;GfK Kaufkraft Deutschland;95,745
8335043;30;Petershausen-West;2023;GfK Kaufkraft Deutschland;79,491
8335043;35;Petershausen-Ost;2023;GfK Kaufkraft Deutschland;112,406
8335043;40;Koenigsbau;2023;GfK Kaufkraft Deutschland;100,790
8335043;50;Allmannsdorf;2023;GfK Kaufkraft Deutschland;120,117
8335043;60;Staad;2023;GfK Kaufkraft Deutschland;117,029
8335043;70;Fuerstenberg;2023;GfK Kaufkraft Deutschland;86,964
8335043;80;Wollmatingen;2023;GfK Kaufkraft Deutschland;89,700
8335043;90;Industriegebiet;2023;GfK Kaufkraft Deutschland;81,432
8335043;100;Egg;2023;GfK Kaufkraft Deutschland;128,433
8335043;110;Litzelstetten;2023;GfK Kaufkraft Deutschland;137,851
8335043;120;Dingelsdorf;2023;GfK Kaufkraft Deutschland;134,348
8335043;130;Dettingen;2023;GfK Kaufkraft Deutschland;132,014
8335043;140;Wallhausen;2023;GfK Kaufkraft Deutschland;139,749
8335043;0;Stadt Konstanz gesamt;2022;GfK Kaufkraft Deutschland;100
8335043;10;Altstadt;2022;GfK Kaufkraft Deutschland;98,96463742
8335043;20;Paradies;2022;GfK Kaufkraft Deutschland;96,54117929
8335043;30;Petershausen-West;2022;GfK Kaufkraft Deutschland;81,70650374
8335043;35;Petershausen-Ost;2022;GfK Kaufkraft Deutschland;112,2002976
8335043;40;Koenigsbau;2022;GfK Kaufkraft Deutschland;98,5091954
8335043;50;Allmannsdorf;2022;GfK Kaufkraft Deutschland;118,4130765
8335043;60;Staad;2022;GfK Kaufkraft Deutschland;113,2762902
8335043;70;Fuerstenberg;2022;GfK Kaufkraft Deutschland;91,1318116
8335043;80;Wollmatingen;2022;GfK Kaufkraft Deutschland;94,51502051
8335043;90;Industriegebiet;2022;GfK Kaufkraft Deutschland;86,65149234
8335043;100;Egg;2022;GfK Kaufkraft Deutschland;125,9164822
8335043;110;Litzelstetten;2022;GfK Kaufkraft Deutschland;129,1171012
8335043;120;Dingelsdorf;2022;GfK Kaufkraft Deutschland;121,327194
8335043;130;Dettingen;2022;GfK Kaufkraft Deutschland;121,163412
8335043;140;Wallhausen;2022;GfK Kaufkraft Deutschland;127,5983029
8335043;0;Stadt Konstanz gesamt;2021;GfK Kaufkraft Deutschland;100
8335043;10;Altstadt;2021;GfK Kaufkraft Deutschland;101,2256652
8335043;20;Paradies;2021;GfK Kaufkraft Deutschland;95,79312796
8335043;30;Petershausen-West;2021;GfK Kaufkraft Deutschland;87,04901546
8335043;35;Petershausen-Ost;2021;GfK Kaufkraft Deutschland;108,0488787
8335043;40;Koenigsbau;2021;GfK Kaufkraft Deutschland;99,32901673
8335043;50;Allmannsdorf;2021;GfK Kaufkraft Deutschland;111,0142114
8335043;60;Staad;2021;GfK Kaufkraft Deutschland;112,0641051
8335043;70;Fuerstenberg;2021;GfK Kaufkraft Deutschland;97,35712902
8335043;80;Wollmatingen;2021;GfK Kaufkraft Deutschland;96,940378
8335043;90;Industriegebiet;2021;GfK Kaufkraft Deutschland;87,41522455
8335043;100;Egg;2021;GfK Kaufkraft Deutschland;115,2720325
8335043;110;Litzelstetten;2021;GfK Kaufkraft Deutschland;118,8465583
8335043;120;Dingelsdorf;2021;GfK Kaufkraft Deutschland;104,8121809
8335043;130;Dettingen;2021;GfK Kaufkraft Deutschland;108,2362361
8335043;140;Wallhausen;2021;GfK Kaufkraft Deutschland;115,4773741
8335043;0;Stadt Konstanz gesamt;2020;GfK Kaufkraft Deutschland;100
8335043;10;Altstadt;2020;GfK Kaufkraft Deutschland;96,61157189
8335043;20;Paradies;2020;GfK Kaufkraft Deutschland;97,09853101
8335043;30;Petershausen-West;2020;GfK Kaufkraft Deutschland;84,84927431
8335043;35;Petershausen-Ost;2020;GfK Kaufkraft Deutschland;105,0059876
8335043;40;Koenigsbau;2020;GfK Kaufkraft Deutschland;93,77356196
8335043;50;Allmannsdorf;2020;GfK Kaufkraft Deutschland;118,5542552
8335043;60;Staad;2020;GfK Kaufkraft Deutschland;123,3160219
8335043;70;Fuerstenberg;2020;GfK Kaufkraft Deutschland;97,06963301
8335043;80;Wollmatingen;2020;GfK Kaufkraft Deutschland;97,25898082
8335043;90;Industriegebiet;2020;GfK Kaufkraft Deutschland;91,59621504
8335043;100;Egg;2020;GfK Kaufkraft Deutschland;137,2037927
8335043;110;Litzelstetten;2020;GfK Kaufkraft Deutschland;117,1411337
8335043;120;Dingelsdorf;2020;GfK Kaufkraft Deutschland;115,6477832
8335043;130;Dettingen;2020;GfK Kaufkraft Deutschland;116,8685696
8335043;140;Wallhausen;2020;GfK Kaufkraft Deutschland;117,5656874
8335043;0;Stadt Konstanz gesamt;2019;GfK Kaufkraft Deutschland;100
8335043;10;Altstadt;2019;GfK Kaufkraft Deutschland;96,03061575
8335043;20;Paradies;2019;GfK Kaufkraft Deutschland;87,89333117
8335043;30;Petershausen-West;2019;GfK Kaufkraft Deutschland;83,6561562
8335043;35;Petershausen-Ost;2019;GfK Kaufkraft Deutschland;112,402222
8335043;40;Koenigsbau;2019;GfK Kaufkraft Deutschland;97,39444243
8335043;50;Allmannsdorf;2019;GfK Kaufkraft Deutschland;120,5703842
8335043;60;Staad;2019;GfK Kaufkraft Deutschland;119,5997386
8335043;70;Fuerstenberg;2019;GfK Kaufkraft Deutschland;94,67953583
8335043;80;Wollmatingen;2019;GfK Kaufkraft Deutschland;96,74455843
8335043;90;Industriegebiet;2019;GfK Kaufkraft Deutschland;81,0706167
8335043;100;Egg;2019;GfK Kaufkraft Deutschland;127,031691
8335043;110;Litzelstetten;2019;GfK Kaufkraft Deutschland;121,2182212
8335043;120;Dingelsdorf;2019;GfK Kaufkraft Deutschland;124,9464976
8335043;130;Dettingen;2019;GfK Kaufkraft Deutschland;120,8892504
8335043;140;Wallhausen;2019;GfK Kaufkraft Deutschland;123,4931481
8335043;0;Stadt Konstanz gesamt;2018;GfK Kaufkraft Deutschland;100
8335043;10;Altstadt;2018;GfK Kaufkraft Deutschland;99,60608596
8335043;20;Paradies;2018;GfK Kaufkraft Deutschland;79,7147668
8335043;30;Petershausen-West;2018;GfK Kaufkraft Deutschland;82,3723001
8335043;35;Petershausen-Ost;2018;GfK Kaufkraft Deutschland;122,9600415
8335043;40;Koenigsbau;2018;GfK Kaufkraft Deutschland;86,40349244
8335043;50;Allmannsdorf;2018;GfK Kaufkraft Deutschland;126,5398682
8335043;60;Staad;2018;GfK Kaufkraft Deutschland;136,0199257
8335043;70;Fuerstenberg;2018;GfK Kaufkraft Deutschland;95,49230022
8335043;80;Wollmatingen;2018;GfK Kaufkraft Deutschland;90,54252205
8335043;90;Industriegebiet;2018;GfK Kaufkraft Deutschland;77,81026013
8335043;100;Egg;2018;GfK Kaufkraft Deutschland;112,423754
8335043;110;Litzelstetten;2018;GfK Kaufkraft Deutschland;128,8846201
8335043;120;Dingelsdorf;2018;GfK Kaufkraft Deutschland;125,6718206
8335043;130;Dettingen;2018;GfK Kaufkraft Deutschland;116,5398428
8335043;140;Wallhausen;2018;GfK Kaufkraft Deutschland;124,4853101
8335043;0;Stadt Konstanz gesamt;2017;GfK Kaufkraft Deutschland;100
8335043;10;Altstadt;2017;GfK Kaufkraft Deutschland;99,17438996
8335043;20;Paradies;2017;GfK Kaufkraft Deutschland;79,20702982
8335043;30;Petershausen-West;2017;GfK Kaufkraft Deutschland;82,43920323
8335043;35;Petershausen-Ost;2017;GfK Kaufkraft Deutschland;123,1531597
8335043;40;Koenigsbau;2017;GfK Kaufkraft Deutschland;89,01851857
8335043;50;Allmannsdorf;2017;GfK Kaufkraft Deutschland;124,5831404
8335043;60;Staad;2017;GfK Kaufkraft Deutschland;132,6453465
8335043;70;Fuerstenberg;2017;GfK Kaufkraft Deutschland;95,67787309
8335043;80;Wollmatingen;2017;GfK Kaufkraft Deutschland;89,49362311
8335043;90;Industriegebiet;2017;GfK Kaufkraft Deutschland;82,19207887
8335043;100;Egg;2017;GfK Kaufkraft Deutschland;108,5443597
8335043;110;Litzelstetten;2017;GfK Kaufkraft Deutschland;130,7019295
8335043;120;Dingelsdorf;2017;GfK Kaufkraft Deutschland;122,912984
8335043;130;Dettingen;2017;GfK Kaufkraft Deutschland;114,4506068
8335043;140;Wallhausen;2017;GfK Kaufkraft Deutschland;124,2441449
8335043;0;Stadt Konstanz gesamt;2016;GfK Kaufkraft Deutschland;100
8335043;10;Altstadt;2016;GfK Kaufkraft Deutschland;97,8875222
8335043;20;Paradies;2016;GfK Kaufkraft Deutschland;78,09823503
8335043;30;Petershausen-West;2016;GfK Kaufkraft Deutschland;83,4628129
8335043;35;Petershausen-Ost;2016;GfK Kaufkraft Deutschland;122,9723512
8335043;40;Koenigsbau;2016;GfK Kaufkraft Deutschland;91,74469855
8335043;50;Allmannsdorf;2016;GfK Kaufkraft Deutschland;123,9436458
8335043;60;Staad;2016;GfK Kaufkraft Deutschland;132,5740316
8335043;70;Fuerstenberg;2016;GfK Kaufkraft Deutschland;96,0114961
8335043;80;Wollmatingen;2016;GfK Kaufkraft Deutschland;88,38361073
8335043;90;Industriegebiet;2016;GfK Kaufkraft Deutschland;84,09394192
8335043;100;Egg;2016;GfK Kaufkraft Deutschland;101,8344421
8335043;110;Litzelstetten;2016;GfK Kaufkraft Deutschland;130,0128246
8335043;120;Dingelsdorf;2016;GfK Kaufkraft Deutschland;122,1891316
8335043;130;Dettingen;2016;GfK Kaufkraft Deutschland;116,2334674
8335043;140;Wallhausen;2016;GfK Kaufkraft Deutschland;119,6445644
8335043;0;Stadt Konstanz gesamt;2015;GfK Kaufkraft Deutschland;100
8335043;10;Altstadt;2015;GfK Kaufkraft Deutschland;97,42200602
8335043;20;Paradies;2015;GfK Kaufkraft Deutschland;74,95875369
8335043;30;Petershausen-West;2015;GfK Kaufkraft Deutschland;84,99701399
8335043;35;Petershausen-Ost;2015;GfK Kaufkraft Deutschland;123,760594
8335043;40;Koenigsbau;2015;GfK Kaufkraft Deutschland;93,59872114
8335043;50;Allmannsdorf;2015;GfK Kaufkraft Deutschland;122,0589217
8335043;60;Staad;2015;GfK Kaufkraft Deutschland;133,6484344
8335043;70;Fuerstenberg;2015;GfK Kaufkraft Deutschland;96,06860215
8335043;80;Wollmatingen;2015;GfK Kaufkraft Deutschland;86,98503756
8335043;90;Industriegebiet;2015;GfK Kaufkraft Deutschland;84,63305287
8335043;100;Egg;2015;GfK Kaufkraft Deutschland;99,48733674
8335043;110;Litzelstetten;2015;GfK Kaufkraft Deutschland;127,8639109
8335043;120;Dingelsdorf;2015;GfK Kaufkraft Deutschland;123,4801123
8335043;130;Dettingen;2015;GfK Kaufkraft Deutschland;115,7725691
8335043;140;Wallhausen;2015;GfK Kaufkraft Deutschland;132,4086558
8335043;0;Stadt Konstanz gesamt;2014;GfK Kaufkraft Deutschland;100
8335043;10;Altstadt;2014;GfK Kaufkraft Deutschland;96,46835698
8335043;20;Paradies;2014;GfK Kaufkraft Deutschland;72,0170357
8335043;30;Petershausen-West;2014;GfK Kaufkraft Deutschland;85,39397155
8335043;35;Petershausen-Ost;2014;GfK Kaufkraft Deutschland;122,2671247
8335043;40;Koenigsbau;2014;GfK Kaufkraft Deutschland;93,60905384
8335043;50;Allmannsdorf;2014;GfK Kaufkraft Deutschland;121,9068585
8335043;60;Staad;2014;GfK Kaufkraft Deutschland;133,2314232
8335043;70;Fuerstenberg;2014;GfK Kaufkraft Deutschland;96,13137553
8335043;80;Wollmatingen;2014;GfK Kaufkraft Deutschland;86,93565666
8335043;90;Industriegebiet;2014;GfK Kaufkraft Deutschland;86,59046086
8335043;100;Egg;2014;GfK Kaufkraft Deutschland;98,08964282
8335043;110;Litzelstetten;2014;GfK Kaufkraft Deutschland;129,3458292
8335043;120;Dingelsdorf;2014;GfK Kaufkraft Deutschland;123,8220211
8335043;130;Dettingen;2014;GfK Kaufkraft Deutschland;119,3604605
8335043;140;Wallhausen;2014;GfK Kaufkraft Deutschland;134,1791644
8335043;0;Stadt Konstanz gesamt;2013;GfK Kaufkraft Deutschland;100
8335043;10;Altstadt;2013;GfK Kaufkraft Deutschland;94,03495771
8335043;20;Paradies;2013;GfK Kaufkraft Deutschland;71,75506752
8335043;30;Petershausen-West;2013;GfK Kaufkraft Deutschland;87,01159615
8335043;35;Petershausen-Ost;2013;GfK Kaufkraft Deutschland;121,2080855
8335043;40;Koenigsbau;2013;GfK Kaufkraft Deutschland;92,04338355
8335043;50;Allmannsdorf;2013;GfK Kaufkraft Deutschland;121,1745925
8335043;60;Staad;2013;GfK Kaufkraft Deutschland;137,2807652
8335043;70;Fuerstenberg;2013;GfK Kaufkraft Deutschland;95,26094708
8335043;80;Wollmatingen;2013;GfK Kaufkraft Deutschland;85,20688608
8335043;90;Industriegebiet;2013;GfK Kaufkraft Deutschland;77,84179311
8335043;100;Egg;2013;GfK Kaufkraft Deutschland;96,75677426
8335043;110;Litzelstetten;2013;GfK Kaufkraft Deutschland;134,3230352
8335043;120;Dingelsdorf;2013;GfK Kaufkraft Deutschland;128,1696906
8335043;130;Dettingen;2013;GfK Kaufkraft Deutschland;120,4509843
8335043;140;Wallhausen;2013;GfK Kaufkraft Deutschland;139,4151685
8335043;0;Stadt Konstanz gesamt;2012;GfK Kaufkraft Deutschland;100
8335043;10;Altstadt;2012;GfK Kaufkraft Deutschland;99,1541557
8335043;20;Paradies;2012;GfK Kaufkraft Deutschland;77,95285972
8335043;30;Petershausen-West;2012;GfK Kaufkraft Deutschland;86,61663397
8335043;35;Petershausen-Ost;2012;GfK Kaufkraft Deutschland;121,6620079
8335043;40;Koenigsbau;2012;GfK Kaufkraft Deutschland;87,78183972
8335043;50;Allmannsdorf;2012;GfK Kaufkraft Deutschland;109,3758166
8335043;60;Staad;2012;GfK Kaufkraft Deutschland;132,6929414
8335043;70;Fuerstenberg;2012;GfK Kaufkraft Deutschland;94,26030781
8335043;80;Wollmatingen;2012;GfK Kaufkraft Deutschland;92,16510424
8335043;90;Industriegebiet;2012;GfK Kaufkraft Deutschland;93,54566204
8335043;100;Egg;2012;GfK Kaufkraft Deutschland;87,94910828
8335043;110;Litzelstetten;2012;GfK Kaufkraft Deutschland;125,5626375
8335043;120;Dingelsdorf;2012;GfK Kaufkraft Deutschland;119,2387932
8335043;130;Dettingen;2012;GfK Kaufkraft Deutschland;115,4788467
8335043;140;Wallhausen;2012;GfK Kaufkraft Deutschland;123,6402635
8335043;0;Stadt Konstanz gesamt;2011;GfK Kaufkraft Deutschland;100
8335043;10;Altstadt;2011;GfK Kaufkraft Deutschland;99,1541557
8335043;20;Paradies;2011;GfK Kaufkraft Deutschland;77,95285972
8335043;30;Petershausen-West;2011;GfK Kaufkraft Deutschland;86,61663397
8335043;35;Petershausen-Ost;2011;GfK Kaufkraft Deutschland;121,6620079
8335043;40;Koenigsbau;2011;GfK Kaufkraft Deutschland;87,78183972
8335043;50;Allmannsdorf;2011;GfK Kaufkraft Deutschland;109,3758166
8335043;60;Staad;2011;GfK Kaufkraft Deutschland;132,6929414
8335043;70;Fuerstenberg;2011;GfK Kaufkraft Deutschland;94,26030781
8335043;80;Wollmatingen;2011;GfK Kaufkraft Deutschland;92,16510424
8335043;90;Industriegebiet;2011;GfK Kaufkraft Deutschland;93,54566204
8335043;100;Egg;2011;GfK Kaufkraft Deutschland;87,94910828
8335043;110;Litzelstetten;2011;GfK Kaufkraft Deutschland;125,5626375
8335043;120;Dingelsdorf;2011;GfK Kaufkraft Deutschland;119,2387932
8335043;130;Dettingen;2011;GfK Kaufkraft Deutschland;115,4788467
8335043;140;Wallhausen;2011;GfK Kaufkraft Deutschland;123,6402635
