ags;stadtteil_nr;stadtteil;stichtag;quelle;arbeitslose;sozialversicherungspflichtig_beschaeftigte;unnamed_7;jahr;ags_alter;stichtag_alter;quelle_alter;unter_3;3___unter_6;6___unter_10;10___unter_18;18___unter_25;25___unter_65;65___unter_85;85_und_aelter;"erwerbsfaehige
_(15__unter_65)";wohnbev_insg;ags_migration;stichtag_migration;wohnbev_insg_migration;deutsch;ausland;quelle_migration;ags_religion;stichtag_religion;quelle_religion;wohnbevoelkerung_insg.;religion_katholisch;religion_evangelisch;religion_sonstige;ags_haushalte;stichtag_haushalte;quelle_haushalte;hh_insgesamt;hh_1_person;hh_2_personen;hh_3+_personen;ags_kaufkraft;quelle_kaufkraft;kaufkraft_index_pro_einwohner;stadtteil_label
;000;Stadt Konstanz gesamt;;;;;;2023.0;;;;;;;;;;;;;;;;;;;;;;;;;;;;;;;;;;8335043.0;GfK Kaufkraft Deutschland;100.0;000 Stadt Konstanz gesamt
8335043,0;010;Altstadt;30.06.2023;Bundesagentur fuer Arbeit (BA);298.0;4456.0;;2023.0;;;;;;;;;;;;;;;;;;;;;;;;;;;;;;;;;;8335043.0;GfK Kaufkraft Deutschland;97.963;010 Altstadt
8335043,0;020;Paradies;30.06.2023;Bundesagentur fuer Arbeit (BA);73.0;1944.0;;2023.0;;;;;;;;;;;;;;;;;;;;;;;;;;;;;;;;;;8335043.0;GfK Kaufkraft Deutschland;95.745;020 Paradies
8335043,0;030;Petershausen-West;30.06.2023;Bundesagentur fuer Arbeit (BA);397.0;6360.0;;2023.0;;;;;;;;;;;;;;;;;;;;;;;;;;;;;;;;;;8335043.0;GfK Kaufkraft Deutschland;79.491;030 Petershausen-West
8335043,0;035;Petershausen-Ost;30.06.2023;Bundesagentur fuer Arbeit (BA);103.0;2275.0;;2023.0;;;;;;;;;;;;;;;;;;;;;;;;;;;;;;;;;;8335043.0;GfK Kaufkraft Deutschland;112.406;035 Petershausen-Ost
8335043,0;040;Koenigsbau;30.06.2023;Bundesagentur fuer Arbeit (BA);119.0;2086.0;;2023.0;;;;;;;;;;;;;;;;;;;;;;;;;;;;;;;;;;8335043.0;GfK Kaufkraft Deutschland;100.79;040 Koenigsbau
8335043,0;050;Allmannsdorf;30.06.2023;Bundesagentur fuer Arbeit (BA);67.0;1714.0;;2023.0;;;;;;;;;;;;;;;;;;;;;;;;;;;;;;;;;;8335043.0;GfK Kaufkraft Deutschland;120.117;050 Allmannsdorf
8335043,0;060;Staad;30.06.2023;Bundesagentur fuer Arbeit (BA);;;;2023.0;;;;;;;;;;;;;;;;;;;;;;;;;;;;;;;;;;8335043.0;GfK Kaufkraft Deutschland;117.029;060 Staad
8335043,0;070;Fuerstenberg;30.06.2023;Bundesagentur fuer Arbeit (BA);302.0;4838.0;;2023.0;;;;;;;;;;;;;;;;;;;;;;;;;;;;;;;;;;8335043.0;GfK Kaufkraft Deutschland;86.964;070 Fuerstenberg
8335043,0;080;Wollmatingen;30.06.2023;Bundesagentur fuer Arbeit (BA);126.0;2619.0;;2023.0;;;;;;;;;;;;;;;;;;;;;;;;;;;;;;;;;;8335043.0;GfK Kaufkraft Deutschland;89.7;080 Wollmatingen
8335043,0;090;Industriegebiet;30.06.2023;Bundesagentur fuer Arbeit (BA);68.0;397.0;;2023.0;;;;;;;;;;;;;;;;;;;;;;;;;;;;;;;;;;8335043.0;GfK Kaufkraft Deutschland;81.432;090 Industriegebiet
8335043,0;100;Egg;30.06.2023;Bundesagentur fuer Arbeit (BA);;;;2023.0;;;;;;;;;;;;;;;;;;;;;;;;;;;;;;;;;;8335043.0;GfK Kaufkraft Deutschland;128.433;100 Egg
8335043,0;110;Litzelstetten;30.06.2023;Bundesagentur fuer Arbeit (BA);56.0;1297.0;;2023.0;;;;;;;;;;;;;;;;;;;;;;;;;;;;;;;;;;8335043.0;GfK Kaufkraft Deutschland;137.851;110 Litzelstetten
8335043,0;120;Dingelsdorf;30.06.2023;Bundesagentur fuer Arbeit (BA);30.0;731.0;;2023.0;;;;;;;;;;;;;;;;;;;;;;;;;;;;;;;;;;8335043.0;GfK Kaufkraft Deutschland;134.348;120 Dingelsdorf
8335043,0;130;Dettingen;30.06.2023;Bundesagentur fuer Arbeit (BA);42.0;1153.0;;2023.0;;;;;;;;;;;;;;;;;;;;;;;;;;;;;;;;;;8335043.0;GfK Kaufkraft Deutschland;132.014;130 Dettingen
8335043,0;140;Wallhausen;30.06.2023;Bundesagentur fuer Arbeit (BA);26.0;382.0;;2023.0;;;;;;;;;;;;;;;;;;;;;;;;;;;;;;;;;;8335043.0;GfK Kaufkraft Deutschland;139.749;140 Wallhausen
8335043,0;999;Staadt, Egg sowie keine Zuordnung;30.06.2023;Bundesagentur fuer Arbeit (BA);43.0;846.0;;2023.0;;;;;;;;;;;;;;;;;;;;;;;;;;;;;;;;;;;;;999 Staadt, Egg sowie keine Zuordnung
;010;Altstadt;;;;;;2024.0;8335043.0;31.12.2024;Stadt Konstanz - Eigene Einwohnerfortschreibung;295.0;318.0;393.0;678.0;1424.0;7137.0;1752.0;395.0;8802.0;12392.0;8335043.0;31.12.2024;12392.0;10278.0;2114.0;Stadt Konstanz - Eigene Einwohnerfortschreibung;8335043.0;31.12.2024;Stadt Konstanz - Eigene Einwohnerfortschreibung;12392.0;3066.0;2026.0;7300.0;8335043.0;31.12.2024;Stadt Konstanz - Eigene Einwohnerfortschreibung;7671.0;4831.0;1676.0;1164.0;;;;010 Altstadt
;020;Paradies;;;;;;2024.0;8335043.0;31.12.2024;Stadt Konstanz - Eigene Einwohnerfortschreibung;119.0;102.0;138.0;268.0;1352.0;2861.0;932.0;232.0;4314.0;6004.0;8335043.0;31.12.2024;6004.0;5204.0;800.0;Stadt Konstanz - Eigene Einwohnerfortschreibung;8335043.0;31.12.2024;Stadt Konstanz - Eigene Einwohnerfortschreibung;6004.0;1926.0;1084.0;2994.0;8335043.0;31.12.2024;Stadt Konstanz - Eigene Einwohnerfortschreibung;3720.0;2126.0;1141.0;453.0;;;;020 Paradies
;030;Petershausen-West;;;;;;2024.0;8335043.0;31.12.2024;Stadt Konstanz - Eigene Einwohnerfortschreibung;411.0;437.0;493.0;904.0;2376.0;9202.0;2082.0;320.0;11922.0;16225.0;8335043.0;31.12.2024;16225.0;12594.0;3631.0;Stadt Konstanz - Eigene Einwohnerfortschreibung;8335043.0;31.12.2024;Stadt Konstanz - Eigene Einwohnerfortschreibung;16225.0;4133.0;2470.0;9622.0;8335043.0;31.12.2024;Stadt Konstanz - Eigene Einwohnerfortschreibung;9721.0;5782.0;2387.0;1552.0;;;;030 Petershausen-West
;035;Petershausen-Ost;;;;;;2024.0;8335043.0;31.12.2024;Stadt Konstanz - Eigene Einwohnerfortschreibung;155.0;156.0;197.0;453.0;663.0;3565.0;1565.0;599.0;4422.0;7353.0;8335043.0;31.12.2024;7353.0;6294.0;1059.0;Stadt Konstanz - Eigene Einwohnerfortschreibung;8335043.0;31.12.2024;Stadt Konstanz - Eigene Einwohnerfortschreibung;7353.0;2039.0;1422.0;3892.0;8335043.0;31.12.2024;Stadt Konstanz - Eigene Einwohnerfortschreibung;4320.0;2439.0;1181.0;700.0;;;;035 Petershausen-Ost
;040;Koenigsbau;;;;;;2024.0;8335043.0;31.12.2024;Stadt Konstanz - Eigene Einwohnerfortschreibung;131.0;187.0;266.0;496.0;1508.0;2973.0;837.0;151.0;4647.0;6549.0;;;;;;;8335043.0;31.12.2024;Stadt Konstanz - Eigene Einwohnerfortschreibung;6549.0;1848.0;1149.0;3552.0;;;;;;;;;;;040 Koenigsbau
;040;Königsbau;;;;;;2024.0;;;;;;;;;;;;;;8335043.0;31.12.2024;6549.0;5118.0;1431.0;Stadt Konstanz - Eigene Einwohnerfortschreibung;;;;;;;;8335043.0;31.12.2024;Stadt Konstanz - Eigene Einwohnerfortschreibung;3486.0;1640.0;1160.0;686.0;;;;040 Königsbau
;050;Allmannsdorf;;;;;;2024.0;8335043.0;31.12.2024;Stadt Konstanz - Eigene Einwohnerfortschreibung;100.0;106.0;160.0;323.0;651.0;2706.0;1072.0;295.0;3483.0;5413.0;8335043.0;31.12.2024;5413.0;4764.0;649.0;Stadt Konstanz - Eigene Einwohnerfortschreibung;8335043.0;31.12.2024;Stadt Konstanz - Eigene Einwohnerfortschreibung;5413.0;1582.0;1134.0;2697.0;8335043.0;31.12.2024;Stadt Konstanz - Eigene Einwohnerfortschreibung;3138.0;1741.0;849.0;548.0;;;;050 Allmannsdorf
;060;Staad;;;;;;2024.0;8335043.0;31.12.2024;Stadt Konstanz - Eigene Einwohnerfortschreibung;45.0;35.0;59.0;118.0;148.0;877.0;437.0;100.0;1067.0;1819.0;8335043.0;31.12.2024;1819.0;1647.0;172.0;Stadt Konstanz - Eigene Einwohnerfortschreibung;8335043.0;31.12.2024;Stadt Konstanz - Eigene Einwohnerfortschreibung;1819.0;532.0;377.0;910.0;8335043.0;31.12.2024;Stadt Konstanz - Eigene Einwohnerfortschreibung;1029.0;548.0;285.0;196.0;;;;060 Staad
;070;Fuerstenberg;;;;;;2024.0;8335043.0;31.12.2024;Stadt Konstanz - Eigene Einwohnerfortschreibung;284.0;318.0;406.0;749.0;1660.0;6613.0;1991.0;438.0;8549.0;12459.0;;;;;;;8335043.0;31.12.2024;Stadt Konstanz - Eigene Einwohnerfortschreibung;12459.0;3391.0;2026.0;7042.0;;;;;;;;;;;070 Fuerstenberg
;070;Fürstenberg;;;;;;2024.0;;;;;;;;;;;;;;8335043.0;31.12.2024;12459.0;9864.0;2595.0;Stadt Konstanz - Eigene Einwohnerfortschreibung;;;;;;;;8335043.0;31.12.2024;Stadt Konstanz - Eigene Einwohnerfortschreibung;7261.0;4092.0;1959.0;1210.0;;;;070 Fürstenberg
;080;Wollmatingen;;;;;;2024.0;8335043.0;31.12.2024;Stadt Konstanz - Eigene Einwohnerfortschreibung;166.0;201.0;269.0;599.0;680.0;3680.0;968.0;213.0;4610.0;6776.0;8335043.0;31.12.2024;6776.0;5581.0;1195.0;Stadt Konstanz - Eigene Einwohnerfortschreibung;8335043.0;31.12.2024;Stadt Konstanz - Eigene Einwohnerfortschreibung;6776.0;1905.0;1092.0;3779.0;8335043.0;31.12.2024;Stadt Konstanz - Eigene Einwohnerfortschreibung;3482.0;1694.0;922.0;866.0;;;;080 Wollmatingen
;090;Industriegebiet;;;;;;2024.0;8335043.0;31.12.2024;Stadt Konstanz - Eigene Einwohnerfortschreibung;35.0;41.0;46.0;78.0;159.0;716.0;123.0;16.0;902.0;1214.0;8335043.0;31.12.2024;1214.0;579.0;635.0;Stadt Konstanz - Eigene Einwohnerfortschreibung;8335043.0;31.12.2024;Stadt Konstanz - Eigene Einwohnerfortschreibung;1214.0;210.0;92.0;912.0;8335043.0;31.12.2024;Stadt Konstanz - Eigene Einwohnerfortschreibung;609.0;308.0;139.0;162.0;;;;090 Industriegebiet
;100;Egg;;;;;;2024.0;8335043.0;31.12.2024;Stadt Konstanz - Eigene Einwohnerfortschreibung;14.0;24.0;45.0;90.0;83.0;411.0;115.0;20.0;522.0;802.0;8335043.0;31.12.2024;802.0;694.0;108.0;Stadt Konstanz - Eigene Einwohnerfortschreibung;8335043.0;31.12.2024;Stadt Konstanz - Eigene Einwohnerfortschreibung;802.0;230.0;175.0;397.0;8335043.0;31.12.2024;Stadt Konstanz - Eigene Einwohnerfortschreibung;376.0;155.0;107.0;114.0;;;;100 Egg
;110;Litzelstetten;;;;;;2024.0;8335043.0;31.12.2024;Stadt Konstanz - Eigene Einwohnerfortschreibung;83.0;84.0;129.0;223.0;330.0;1869.0;907.0;165.0;2297.0;3790.0;8335043.0;31.12.2024;3790.0;3357.0;433.0;Stadt Konstanz - Eigene Einwohnerfortschreibung;8335043.0;31.12.2024;Stadt Konstanz - Eigene Einwohnerfortschreibung;3790.0;1185.0;782.0;1823.0;8335043.0;31.12.2024;Stadt Konstanz - Eigene Einwohnerfortschreibung;2106.0;1067.0;634.0;405.0;;;;110 Litzelstetten
;120;Dingelsdorf;;;;;;2024.0;8335043.0;31.12.2024;Stadt Konstanz - Eigene Einwohnerfortschreibung;34.0;58.0;59.0;145.0;174.0;1021.0;478.0;86.0;1256.0;2055.0;8335043.0;31.12.2024;2055.0;1869.0;186.0;Stadt Konstanz - Eigene Einwohnerfortschreibung;8335043.0;31.12.2024;Stadt Konstanz - Eigene Einwohnerfortschreibung;2055.0;778.0;338.0;939.0;8335043.0;31.12.2024;Stadt Konstanz - Eigene Einwohnerfortschreibung;1059.0;471.0;351.0;237.0;;;;120 Dingelsdorf
;130;Dettingen;;;;;;2024.0;8335043.0;31.12.2024;Stadt Konstanz - Eigene Einwohnerfortschreibung;76.0;92.0;160.0;277.0;238.0;1679.0;739.0;128.0;2014.0;3389.0;8335043.0;31.12.2024;3389.0;3012.0;377.0;Stadt Konstanz - Eigene Einwohnerfortschreibung;8335043.0;31.12.2024;Stadt Konstanz - Eigene Einwohnerfortschreibung;3389.0;1221.0;628.0;1540.0;8335043.0;31.12.2024;Stadt Konstanz - Eigene Einwohnerfortschreibung;1681.0;704.0;555.0;422.0;;;;130 Dettingen
;140;Wallhausen;;;;;;2024.0;8335043.0;31.12.2024;Stadt Konstanz - Eigene Einwohnerfortschreibung;24.0;25.0;37.0;80.0;66.0;606.0;241.0;49.0;703.0;1128.0;8335043.0;31.12.2024;1128.0;978.0;150.0;Stadt Konstanz - Eigene Einwohnerfortschreibung;8335043.0;31.12.2024;Stadt Konstanz - Eigene Einwohnerfortschreibung;1128.0;326.0;221.0;581.0;8335043.0;31.12.2024;Stadt Konstanz - Eigene Einwohnerfortschreibung;645.0;344.0;191.0;110.0;;;;140 Wallhausen
