﻿ Arbeitslosenquoten ab 2005 im Jahresdurchschnitt 
Landkreis Konstanz 
Jahr1);Arbeitslose insgesamt; Arbeitslosenquote bezogen auf 
;; alle zivilen Erwerbspersonen;abhängige zivile Erwerbspersonen
;Anzahl;Prozent
2005;9.894;7,1;8,1
2006;8.858;6,3;7,3
2007;7.085;5,3;6,0
2008;6.152;4,5;5,0
2009;7.405;5,3;5,9
2010;7.349;5,3;5,9
2011;6.218;4,4;4,9
2012;6.057;4,2;4,7
2013;6.253;4,3;4,8
2014;6.148;4,2;4,6
2015;6.014;4,0;4,4
2016;5.749;3,8;4,1
2017;5.358;3,4;3,8
2018;4.955;3,1;3,4
2019;4.942;3,1;3,4
2020;6.797;4,2;4,6
2021;6.419;4,0;4,3
2022;5.642;3,5;3,8
2023;6.053;3,7;4,0
2024;6.776;4,1;4,4
 1) Vergleichbarkeit wegen Einführung von SGBII (Hartz-IV-Effekt) im Jahr 2005 zu den Vorjahren eingeschränkt. 
Datenquelle: Bundesagentur für Arbeit vorläufige Ergebnisse. 
