﻿Arbeitslose insgesamt im Jahresdurchschnitt seit 2000 nach Strukturmerkmalen 
Landkreis Konstanz 
Jahr1);Arbeitslose insgesamt;Darunter
;; Ausländer; Schwerbehinderte;unter 25 Jahre; 55 Jahre u. älter ;Langzeitarbeitslose2)
2000;8.247;1.589;414;768;2.119;3.154
2001;7.772;1.492;396;755;1.900;2.621
2002;8.773;1.712;369;969;1.661;2.580
2003;9.637;1.921;382;1.003;1.489;2.878
2004;9.249;1.869;377;969;1.271;2.797
2005;9.894;2.093;411;1.018;1.451;2.952
2006;8.858;1.856;419;1.012;1.280;3.126
2007;7.085;1.520;369;736;992;2.310
2008;6.152;1.341;362;624;804;1.487
2009;7.405;1.554;422;832;1.116;1.388
2010;7.349;1.514;409;738;1.342;1.896
2011;6.218;1.272;461;545;1.376;1.828
2012;6.057;1.268;449;547;1.367;1.626
2013;6.253;1.362;465;559;1.352;1.592
2014;6.148;1.406;460;539;1.330;1.694
2015;6.014;1.468;455;540;1.290;1.672
2016;5.749;1.620;410;538;1.211;1.482
2017;5.358;1.573;323;500;1.148;1.219
2018;4.955;1.510;302;473;1.081;1.064
2019;4.942;1.572;292;472;1.078;896
2020;6.797;2.315;367;679;1.414;1.237
2021;6.419;2.133;404;583;1.586;1.835
2022;5.642;2.155;354;489;1.507;1.503
2023;6.053;2.463;350;502;1.596;1.433
2024;6.776;2.787;378;602;1.717;1.614
 1) Vergleichbarkeit wegen Einführung von SGB II (Hartz-IV-Effekt) im Jahr 2005 zu den Vorjahren eingeschränkt. 
2) Seit 2005 ohne Daten von zugelassenen kommunalen Trägern (Optionskommunen). 
Mit der Einführung des SGB II zum 1. 1. 2005 änderten sich die Grundlagen der Arbeitsmarktstatistik in Deutschland. Neben den Agenturen für Arbeit sind nun auch kommunale Träger für die Arbeitsmarktstatistik zuständig. Es liegen daher für den Zeitraum von Januar 2005 bis Mai 2006 keine vollständigen Daten auf Gemeindeebene vor. Seit 2005 ohne Daten von zugelassenen kommunalen Trägern (Optionskommunen). Ab 2012 Umstellung des Meldeverfahrens bei der Bundesagentur für Arbeit (BA), daher Vormonats- und Vorjahresvergleiche nicht sinnvoll (Langzeitarbeitslose). 
Datenquelle: Bundesagentur für Arbeit, vorläufige Ergebnisse auf der Grundlage der jeweils ersten Monatsmeldung. 
