﻿Bevölkerung in Baden-Württemberg 2021 nach beruflichem Bildungsabschluss, Alter und Geschlecht
Erstergebnis
"Geschlecht/​Alter
(von … bis unter … Jahren)";Beruflicher Bildungsabschluss
;Insg.1);mit beruflichem Bildungsabschluss;;;;;;;;;ohne berufl. Bildungsabschluss 
;;zusammen2); Lehre/​Berufsausbildung;Fachschulabschluss ;Fachschulabschluss der DDR;akademische Abschlüsse;;;;;zusammen;in schul./​berufl. Ausbildung ;nicht in schul./​berufl. Ausbildung
;;;;;;zusammen;Bachelor;Master;Diplom;Promotion
;1.000
insgesamt;9.469;6.730;3.812;981;12;1.924;380;236;1.153;154;2.738;814;1.924
15–25;1.192;288;196;31;x;61;52;/;/;/;904;746;158
25–35;1.488;1.173;523;168;x;481;225;150;92;14;315;62;254
35–45;1.389;1.114;543;163;x;408;77;58;237;36;275;/;270
45–55;1.517;1.206;693;182;/;327;16;16;260;36;310;/;309
55–65;1.655;1.340;809;219;/;307;​(7);/;267;27;314;/;314
65–75;1.125;874;548;120;/;203;/;/;176;23;250;/;250
75 und älter;1.104;736;499;98;/;137;/;/;117;18;368;/;368
männlich;4.690;3.477;1.883;545;/;1.044;185;128;629;102;1.213;414;799
15–25;622;160;122;​(9);x;29;25;/;/;/;462;374;88
25–35;773;594;282;84;x;229;106;82;33;​(8);179;36;143
35–45;704;564;278;83;x;203;43;31;108;21;140;/;137
45–55;759;617;336;98;/;182;​(7);8;144;22;142;/;142
55–65;827;694;380;128;/;183;/;/;158;20;133;/;133
65–75;530;452;255;73;/;123;/;/;103;17;78;/;78
75 und älter;474;396;230;70;/;96;/;/;81;15;78;/;78
Weiblich;4.779;3.253;1.928;436;​(7);880;195;108;524;52;1.525;401;1.125
15–25;570;128;74;22;x;32;27;/;/;/;442;371;71
25–35;714;578;241;84;x;253;118;68;60;​(7);136;25;111
35–45;685;550;264;80;x;205;34;27;129;15;135;/;133
45–55;757;589;357;84;/;146;​(9);​(7);116;14;168;/;167
55–65;828;646;429;91;/;123;/;/;108;​(7);181;/;181
65–75;595;422;293;47;/;81;/;/;72;/;173;/;173
75 und älter;630;339;269;28;/;41;/;/;37;/;290;/;290
 1) Einschl. Personen, die keine Angabe zum Vorhandensein eines beruflichen Abschlusses gemacht haben. 
2) Einschl. Personen, die keine Angabe zur Art des beruflichen Abschlusses gemacht haben. 
Falls Personen keine Angabe gemacht haben, wurden sie der »Insgesamt«-Kategorie zugewiesen. 
Datenquelle: Ergebnisse des Mikrozensus - Bevölkerung in Hauptwohnsitzhaushalten. 
© Statistisches Landesamt Baden-Württemberg, 2022 
