Gebiet,gesamt,niedrig,mittel,hoch,anteil_niedrig,anteil_mittel,anteil_hoch
Bezirk Kreuzlingen,28681,3207,11375,14099,11.2,39.7,49.2
Altnau,1269,66,541,663,5.2,42.6,52.2
Bottighofen,1578,126,432,1020,8.0,27.4,64.6
Ermatingen,1944,130,836,978,6.7,43.0,50.3
Gottlieben,257,,100,135,,38.9,52.5
Güttingen,911,83,351,477,9.1,38.5,52.4
Kemmental,1560,143,887,530,9.2,56.9,34.0
Kreuzlingen,12730,1873,4546,6311,14.7,35.7,49.6
Langrickenbach,669,61,296,313,9.1,44.2,46.8
Lengwil,1093,118,511,463,10.8,46.8,42.4
Münsterlingen,1980,216,854,909,10.9,43.1,45.9
Raperswilen,218,,133,62,,61.0,28.4
Salenstein,916,59,345,513,6.4,37.7,56.0
Tägerwilen,2897,212,1192,1494,7.3,41.1,51.6
Wäldi,659,76,353,230,11.5,53.6,34.9
